date,pair_key,city_id,species_id,legal_status,access_status,product_availability,winning_mode,fishery_strength,seasonal_availability,seasonal_potential,score_t0,score_t0_25,score_t0_5,score_t0_75,score_t1,user_facing_score
2026-01-15,pentwater_mi/chinook_salmon,pentwater_mi,chinook_salmon,open_under_reviewed_2026_rules,covered_subject_to_live_gate,private_research_not_published,spring_nearshore,5.03,0,1,1,1,1,1,1,
2026-02-15,pentwater_mi/chinook_salmon,pentwater_mi,chinook_salmon,open_under_reviewed_2026_rules,covered_subject_to_live_gate,private_research_not_published,spring_nearshore,5.03,0,1,1,1,1,1,1,
2026-03-15,pentwater_mi/chinook_salmon,pentwater_mi,chinook_salmon,open_under_reviewed_2026_rules,covered_subject_to_live_gate,private_research_not_published,spring_nearshore,5.03,0,1,1,1,1,1,1,
2026-04-15,pentwater_mi/chinook_salmon,pentwater_mi,chinook_salmon,open_under_reviewed_2026_rules,covered_subject_to_live_gate,private_research_not_published,spring_nearshore,5.03,0.554,3.231,1.669,2.06,2.45,2.84,3.231,
2026-05-15,pentwater_mi/chinook_salmon,pentwater_mi,chinook_salmon,open_under_reviewed_2026_rules,covered_subject_to_live_gate,private_research_not_published,spring_nearshore,5.03,0.896,4.612,2.084,2.716,3.348,3.98,4.612,
2026-06-15,pentwater_mi/chinook_salmon,pentwater_mi,chinook_salmon,open_under_reviewed_2026_rules,covered_subject_to_live_gate,private_research_not_published,spring_nearshore,5.03,0.254,2.022,1.307,1.486,1.664,1.843,2.022,
2026-07-15,pentwater_mi/chinook_salmon,pentwater_mi,chinook_salmon,open_under_reviewed_2026_rules,covered_subject_to_live_gate,private_research_not_published,spring_nearshore,5.03,0,1,1,1,1,1,1,
2026-08-15,pentwater_mi/chinook_salmon,pentwater_mi,chinook_salmon,open_under_reviewed_2026_rules,covered_subject_to_live_gate,private_research_not_published,fall_harbor_staging,7.5,0.45,3.925,1.877,2.389,2.901,3.413,3.925,
2026-09-15,pentwater_mi/chinook_salmon,pentwater_mi,chinook_salmon,open_under_reviewed_2026_rules,covered_subject_to_live_gate,private_research_not_published,fall_harbor_staging,7.5,0.875,6.688,2.706,3.702,4.697,5.692,6.688,
2026-10-15,pentwater_mi/chinook_salmon,pentwater_mi,chinook_salmon,open_under_reviewed_2026_rules,covered_subject_to_live_gate,private_research_not_published,fall_harbor_staging,7.5,0.193,2.256,1.377,1.596,1.816,2.036,2.256,
2026-11-15,pentwater_mi/chinook_salmon,pentwater_mi,chinook_salmon,open_under_reviewed_2026_rules,covered_subject_to_live_gate,private_research_not_published,spring_nearshore,5.03,0,1,1,1,1,1,1,
2026-12-15,pentwater_mi/chinook_salmon,pentwater_mi,chinook_salmon,open_under_reviewed_2026_rules,covered_subject_to_live_gate,private_research_not_published,spring_nearshore,5.03,0,1,1,1,1,1,1,
2026-01-15,pentwater_mi/coho_salmon,pentwater_mi,coho_salmon,open_under_reviewed_2026_rules,covered_subject_to_live_gate,private_research_not_published,spring_nearshore,7.2,0.162,2.006,1.302,1.478,1.654,1.83,2.006,
2026-02-15,pentwater_mi/coho_salmon,pentwater_mi,coho_salmon,open_under_reviewed_2026_rules,covered_subject_to_live_gate,private_research_not_published,spring_nearshore,7.2,0.3,2.86,1.558,1.884,2.209,2.535,2.86,
2026-03-15,pentwater_mi/coho_salmon,pentwater_mi,coho_salmon,open_under_reviewed_2026_rules,covered_subject_to_live_gate,private_research_not_published,spring_nearshore,7.2,0.632,4.92,2.176,2.862,3.548,4.234,4.92,
2026-04-15,pentwater_mi/coho_salmon,pentwater_mi,coho_salmon,open_under_reviewed_2026_rules,covered_subject_to_live_gate,private_research_not_published,spring_nearshore,7.2,1,7.2,2.86,3.945,5.03,6.115,7.2,
2026-05-15,pentwater_mi/coho_salmon,pentwater_mi,coho_salmon,open_under_reviewed_2026_rules,covered_subject_to_live_gate,private_research_not_published,spring_nearshore,7.2,0.588,4.643,2.093,2.73,3.368,4.005,4.643,
2026-06-15,pentwater_mi/coho_salmon,pentwater_mi,coho_salmon,open_under_reviewed_2026_rules,covered_subject_to_live_gate,private_research_not_published,spring_nearshore,7.2,0.127,1.787,1.236,1.374,1.512,1.649,1.787,
2026-07-15,pentwater_mi/coho_salmon,pentwater_mi,coho_salmon,open_under_reviewed_2026_rules,covered_subject_to_live_gate,private_research_not_published,spring_nearshore,7.2,0,1,1,1,1,1,1,
2026-08-15,pentwater_mi/coho_salmon,pentwater_mi,coho_salmon,open_under_reviewed_2026_rules,covered_subject_to_live_gate,private_research_not_published,spring_nearshore,7.2,0,1,1,1,1,1,1,
2026-09-15,pentwater_mi/coho_salmon,pentwater_mi,coho_salmon,open_under_reviewed_2026_rules,covered_subject_to_live_gate,private_research_not_published,fall_harbor_return,5.46,0.474,3.112,1.634,2.003,2.373,2.743,3.112,
2026-10-15,pentwater_mi/coho_salmon,pentwater_mi,coho_salmon,open_under_reviewed_2026_rules,covered_subject_to_live_gate,private_research_not_published,fall_harbor_return,5.46,1,5.46,2.338,3.119,3.899,4.679,5.46,
2026-11-15,pentwater_mi/coho_salmon,pentwater_mi,coho_salmon,open_under_reviewed_2026_rules,covered_subject_to_live_gate,private_research_not_published,fall_harbor_return,5.46,0.268,2.196,1.359,1.568,1.777,1.986,2.196,
2026-12-15,pentwater_mi/coho_salmon,pentwater_mi,coho_salmon,open_under_reviewed_2026_rules,covered_subject_to_live_gate,private_research_not_published,spring_nearshore,7.2,0.047,1.289,1.087,1.137,1.188,1.239,1.289,
2026-01-15,pentwater_mi/steelhead,pentwater_mi,steelhead,open_under_reviewed_2026_rules,covered_subject_to_live_gate,private_research_not_published,spring_pier,6.99,0.359,3.152,1.646,2.022,2.399,2.776,3.152,
2026-02-15,pentwater_mi/steelhead,pentwater_mi,steelhead,open_under_reviewed_2026_rules,covered_subject_to_live_gate,private_research_not_published,spring_pier,6.99,0.491,3.939,1.882,2.396,2.91,3.425,3.939,
2026-03-15,pentwater_mi/steelhead,pentwater_mi,steelhead,open_under_reviewed_2026_rules,covered_subject_to_live_gate,private_research_not_published,spring_pier,6.99,0.676,5.049,2.215,2.923,3.632,4.341,5.049,
2026-04-15,pentwater_mi/steelhead,pentwater_mi,steelhead,open_under_reviewed_2026_rules,covered_subject_to_live_gate,private_research_not_published,spring_pier,6.99,0.955,6.72,2.716,3.717,4.718,5.719,6.72,
2026-05-15,pentwater_mi/steelhead,pentwater_mi,steelhead,open_under_reviewed_2026_rules,covered_subject_to_live_gate,private_research_not_published,spring_pier,6.99,0.524,4.138,1.941,2.49,3.039,3.589,4.138,
2026-06-15,pentwater_mi/steelhead,pentwater_mi,steelhead,open_under_reviewed_2026_rules,covered_subject_to_live_gate,private_research_not_published,summer_skamania,8.3,0.503,4.674,2.102,2.745,3.388,4.031,4.674,
2026-07-15,pentwater_mi/steelhead,pentwater_mi,steelhead,open_under_reviewed_2026_rules,covered_subject_to_live_gate,private_research_not_published,summer_skamania,8.3,0.933,7.813,3.044,4.236,5.429,6.621,7.813,
2026-08-15,pentwater_mi/steelhead,pentwater_mi,steelhead,open_under_reviewed_2026_rules,covered_subject_to_live_gate,private_research_not_published,summer_skamania,8.3,0.531,4.873,2.162,2.84,3.517,4.195,4.873,
2026-09-15,pentwater_mi/steelhead,pentwater_mi,steelhead,open_under_reviewed_2026_rules,covered_subject_to_live_gate,private_research_not_published,fall_harbor,7.42,0.377,3.423,1.727,2.151,2.575,2.999,3.423,
2026-10-15,pentwater_mi/steelhead,pentwater_mi,steelhead,open_under_reviewed_2026_rules,covered_subject_to_live_gate,private_research_not_published,fall_harbor,7.42,0.908,6.832,2.749,3.77,4.79,5.811,6.832,
2026-11-15,pentwater_mi/steelhead,pentwater_mi,steelhead,open_under_reviewed_2026_rules,covered_subject_to_live_gate,private_research_not_published,fall_harbor,7.42,0.675,5.333,2.3,3.058,3.817,4.575,5.333,
2026-12-15,pentwater_mi/steelhead,pentwater_mi,steelhead,open_under_reviewed_2026_rules,covered_subject_to_live_gate,private_research_not_published,fall_harbor,7.42,0.356,3.283,1.685,2.084,2.484,2.883,3.283,
2026-01-15,pentwater_mi/brown_trout,pentwater_mi,brown_trout,open_under_reviewed_2026_rules,covered_subject_to_live_gate,private_research_not_published,winter_spring_nearshore,7.3,0.47,3.96,1.888,2.406,2.924,3.442,3.96,
2026-02-15,pentwater_mi/brown_trout,pentwater_mi,brown_trout,open_under_reviewed_2026_rules,covered_subject_to_live_gate,private_research_not_published,winter_spring_nearshore,7.3,0.58,4.654,2.096,2.736,3.375,4.015,4.654,
2026-03-15,pentwater_mi/brown_trout,pentwater_mi,brown_trout,open_under_reviewed_2026_rules,covered_subject_to_live_gate,private_research_not_published,winter_spring_nearshore,7.3,0.798,6.026,2.508,3.387,4.267,5.146,6.026,
2026-04-15,pentwater_mi/brown_trout,pentwater_mi,brown_trout,open_under_reviewed_2026_rules,covered_subject_to_live_gate,private_research_not_published,winter_spring_nearshore,7.3,0.944,6.95,2.785,3.826,4.867,5.909,6.95,
2026-05-15,pentwater_mi/brown_trout,pentwater_mi,brown_trout,open_under_reviewed_2026_rules,covered_subject_to_live_gate,private_research_not_published,winter_spring_nearshore,7.3,0.611,4.85,2.155,2.829,3.502,4.176,4.85,
2026-06-15,pentwater_mi/brown_trout,pentwater_mi,brown_trout,open_under_reviewed_2026_rules,covered_subject_to_live_gate,private_research_not_published,winter_spring_nearshore,7.3,0.195,2.23,1.369,1.584,1.799,2.014,2.23,
2026-07-15,pentwater_mi/brown_trout,pentwater_mi,brown_trout,open_under_reviewed_2026_rules,covered_subject_to_live_gate,private_research_not_published,fall_harbor,5.54,0.061,1.276,1.083,1.131,1.179,1.228,1.276,
2026-08-15,pentwater_mi/brown_trout,pentwater_mi,brown_trout,open_under_reviewed_2026_rules,covered_subject_to_live_gate,private_research_not_published,winter_spring_nearshore,7.3,0.095,1.599,1.18,1.284,1.389,1.494,1.599,
2026-09-15,pentwater_mi/brown_trout,pentwater_mi,brown_trout,open_under_reviewed_2026_rules,covered_subject_to_live_gate,private_research_not_published,winter_spring_nearshore,7.3,0.177,2.114,1.334,1.529,1.724,1.919,2.114,
2026-10-15,pentwater_mi/brown_trout,pentwater_mi,brown_trout,open_under_reviewed_2026_rules,covered_subject_to_live_gate,private_research_not_published,fall_harbor,5.54,0.61,3.769,1.831,2.315,2.8,3.285,3.769,
2026-11-15,pentwater_mi/brown_trout,pentwater_mi,brown_trout,open_under_reviewed_2026_rules,covered_subject_to_live_gate,private_research_not_published,fall_harbor,5.54,0.936,5.251,2.275,3.019,3.763,4.507,5.251,
2026-12-15,pentwater_mi/brown_trout,pentwater_mi,brown_trout,open_under_reviewed_2026_rules,covered_subject_to_live_gate,private_research_not_published,fall_harbor,5.54,0.554,3.515,1.754,2.195,2.635,3.075,3.515,
2026-01-15,pentwater_mi/walleye,pentwater_mi,walleye,open_under_reviewed_2026_rules,covered_subject_to_live_gate,private_research_not_published,warm_season_low_light,4.4,0.075,1.255,1.076,1.121,1.166,1.21,1.255,
2026-02-15,pentwater_mi/walleye,pentwater_mi,walleye,open_under_reviewed_2026_rules,covered_subject_to_live_gate,private_research_not_published,warm_season_low_light,4.4,0.13,1.442,1.133,1.21,1.288,1.365,1.442,
2026-03-15,pentwater_mi/walleye,pentwater_mi,walleye,open_under_reviewed_2026_rules,covered_subject_to_live_gate,private_research_not_published,warm_season_low_light,4.4,0.18,1.612,1.184,1.291,1.398,1.505,1.612,
2026-04-15,pentwater_mi/walleye,pentwater_mi,walleye,open_under_reviewed_2026_rules,covered_subject_to_live_gate,private_research_not_published,warm_season_low_light,4.4,0.419,2.424,1.427,1.676,1.926,2.175,2.424,
2026-05-15,pentwater_mi/walleye,pentwater_mi,walleye,open_under_reviewed_2026_rules,covered_subject_to_live_gate,private_research_not_published,warm_season_low_light,4.4,0.65,3.21,1.663,2.05,2.437,2.823,3.21,
2026-06-15,pentwater_mi/walleye,pentwater_mi,walleye,open_under_reviewed_2026_rules,covered_subject_to_live_gate,private_research_not_published,warm_season_low_light,4.4,0.828,3.815,1.844,2.337,2.83,3.322,3.815,
2026-07-15,pentwater_mi/walleye,pentwater_mi,walleye,open_under_reviewed_2026_rules,covered_subject_to_live_gate,private_research_not_published,warm_season_low_light,4.4,1,4.4,2.02,2.615,3.21,3.805,4.4,
2026-08-15,pentwater_mi/walleye,pentwater_mi,walleye,open_under_reviewed_2026_rules,covered_subject_to_live_gate,private_research_not_published,warm_season_low_light,4.4,0.825,3.805,1.841,2.332,2.823,3.314,3.805,
2026-09-15,pentwater_mi/walleye,pentwater_mi,walleye,open_under_reviewed_2026_rules,covered_subject_to_live_gate,private_research_not_published,warm_season_low_light,4.4,0.65,3.21,1.663,2.05,2.437,2.823,3.21,
2026-10-15,pentwater_mi/walleye,pentwater_mi,walleye,open_under_reviewed_2026_rules,covered_subject_to_live_gate,private_research_not_published,warm_season_low_light,4.4,0.389,2.324,1.397,1.629,1.86,2.092,2.324,
2026-11-15,pentwater_mi/walleye,pentwater_mi,walleye,open_under_reviewed_2026_rules,covered_subject_to_live_gate,private_research_not_published,warm_season_low_light,4.4,0.12,1.408,1.122,1.194,1.265,1.337,1.408,
2026-12-15,pentwater_mi/walleye,pentwater_mi,walleye,open_under_reviewed_2026_rules,covered_subject_to_live_gate,private_research_not_published,warm_season_low_light,4.4,0.074,1.253,1.076,1.12,1.164,1.209,1.253,
2026-01-15,pentwater_mi/smallmouth_bass,pentwater_mi,smallmouth_bass,open_catch_and_immediate_release_only,covered_subject_to_live_gate,private_research_not_published,warm_season_channel,6.4,0,1,1,1,1,1,1,
2026-02-15,pentwater_mi/smallmouth_bass,pentwater_mi,smallmouth_bass,open_catch_and_immediate_release_only,covered_subject_to_live_gate,private_research_not_published,warm_season_channel,6.4,0,1,1,1,1,1,1,
2026-03-15,pentwater_mi/smallmouth_bass,pentwater_mi,smallmouth_bass,open_catch_and_immediate_release_only,covered_subject_to_live_gate,private_research_not_published,warm_season_channel,6.4,0,1,1,1,1,1,1,
2026-04-15,pentwater_mi/smallmouth_bass,pentwater_mi,smallmouth_bass,open_catch_and_immediate_release_only,covered_subject_to_live_gate,private_research_not_published,warm_season_channel,6.4,0.108,1.582,1.174,1.276,1.378,1.48,1.582,
2026-05-15,pentwater_mi/smallmouth_bass,pentwater_mi,smallmouth_bass,open_catch_and_immediate_release_only,covered_subject_to_live_gate,private_research_not_published,warm_season_channel,6.4,0.363,2.962,1.589,1.932,2.276,2.619,2.962,
2026-06-15,pentwater_mi/smallmouth_bass,pentwater_mi,smallmouth_bass,open_under_reviewed_2026_rules,covered_subject_to_live_gate,private_research_not_published,warm_season_channel,6.4,0.757,5.086,2.226,2.941,3.656,4.371,5.086,
2026-07-15,pentwater_mi/smallmouth_bass,pentwater_mi,smallmouth_bass,open_under_reviewed_2026_rules,covered_subject_to_live_gate,private_research_not_published,warm_season_channel,6.4,0.97,6.238,2.571,3.488,4.405,5.321,6.238,
2026-08-15,pentwater_mi/smallmouth_bass,pentwater_mi,smallmouth_bass,open_under_reviewed_2026_rules,covered_subject_to_live_gate,private_research_not_published,warm_season_channel,6.4,0.883,5.766,2.43,3.264,4.098,4.932,5.766,
2026-09-15,pentwater_mi/smallmouth_bass,pentwater_mi,smallmouth_bass,open_under_reviewed_2026_rules,covered_subject_to_live_gate,private_research_not_published,warm_season_channel,6.4,0.743,5.01,2.203,2.905,3.606,4.308,5.01,
2026-10-15,pentwater_mi/smallmouth_bass,pentwater_mi,smallmouth_bass,open_under_reviewed_2026_rules,covered_subject_to_live_gate,private_research_not_published,warm_season_channel,6.4,0.313,2.689,1.507,1.802,2.098,2.394,2.689,
2026-11-15,pentwater_mi/smallmouth_bass,pentwater_mi,smallmouth_bass,open_under_reviewed_2026_rules,covered_subject_to_live_gate,private_research_not_published,warm_season_channel,6.4,0,1,1,1,1,1,1,
2026-12-15,pentwater_mi/smallmouth_bass,pentwater_mi,smallmouth_bass,open_under_reviewed_2026_rules,covered_subject_to_live_gate,private_research_not_published,warm_season_channel,6.4,0,1,1,1,1,1,1,
2026-01-15,pentwater_mi/freshwater_drum,pentwater_mi,freshwater_drum,open_under_reviewed_2026_rules,covered_subject_to_live_gate,private_research_not_published,warm_season_channel,5.4,0,1,1,1,1,1,1,
2026-02-15,pentwater_mi/freshwater_drum,pentwater_mi,freshwater_drum,open_under_reviewed_2026_rules,covered_subject_to_live_gate,private_research_not_published,warm_season_channel,5.4,0,1,1,1,1,1,1,
2026-03-15,pentwater_mi/freshwater_drum,pentwater_mi,freshwater_drum,open_under_reviewed_2026_rules,covered_subject_to_live_gate,private_research_not_published,warm_season_channel,5.4,0,1,1,1,1,1,1,
2026-04-15,pentwater_mi/freshwater_drum,pentwater_mi,freshwater_drum,open_under_reviewed_2026_rules,covered_subject_to_live_gate,private_research_not_published,warm_season_channel,5.4,0,1,1,1,1,1,1,
2026-05-15,pentwater_mi/freshwater_drum,pentwater_mi,freshwater_drum,open_under_reviewed_2026_rules,covered_subject_to_live_gate,private_research_not_published,warm_season_channel,5.4,0.3,2.32,1.396,1.627,1.858,2.089,2.32,
2026-06-15,pentwater_mi/freshwater_drum,pentwater_mi,freshwater_drum,open_under_reviewed_2026_rules,covered_subject_to_live_gate,private_research_not_published,warm_season_channel,5.4,0.652,3.868,1.86,2.362,2.864,3.366,3.868,
2026-07-15,pentwater_mi/freshwater_drum,pentwater_mi,freshwater_drum,open_under_reviewed_2026_rules,covered_subject_to_live_gate,private_research_not_published,warm_season_channel,5.4,1,5.4,2.32,3.09,3.86,4.63,5.4,
2026-08-15,pentwater_mi/freshwater_drum,pentwater_mi,freshwater_drum,open_under_reviewed_2026_rules,covered_subject_to_live_gate,private_research_not_published,warm_season_channel,5.4,0.871,4.832,2.149,2.82,3.491,4.161,4.832,
2026-09-15,pentwater_mi/freshwater_drum,pentwater_mi,freshwater_drum,open_under_reviewed_2026_rules,covered_subject_to_live_gate,private_research_not_published,warm_season_channel,5.4,0.489,3.151,1.645,2.022,2.398,2.775,3.151,
2026-10-15,pentwater_mi/freshwater_drum,pentwater_mi,freshwater_drum,open_under_reviewed_2026_rules,covered_subject_to_live_gate,private_research_not_published,warm_season_channel,5.4,0.07,1.308,1.092,1.146,1.2,1.254,1.308,
2026-11-15,pentwater_mi/freshwater_drum,pentwater_mi,freshwater_drum,open_under_reviewed_2026_rules,covered_subject_to_live_gate,private_research_not_published,warm_season_channel,5.4,0,1,1,1,1,1,1,
2026-12-15,pentwater_mi/freshwater_drum,pentwater_mi,freshwater_drum,open_under_reviewed_2026_rules,covered_subject_to_live_gate,private_research_not_published,warm_season_channel,5.4,0,1,1,1,1,1,1,
2026-01-15,pentwater_mi/yellow_perch,pentwater_mi,yellow_perch,open_under_reviewed_2026_rules,covered_subject_to_live_gate,private_research_not_published,summer_pier_schooling,7.8,0.063,1.431,1.129,1.205,1.28,1.356,1.431,
2026-02-15,pentwater_mi/yellow_perch,pentwater_mi,yellow_perch,open_under_reviewed_2026_rules,covered_subject_to_live_gate,private_research_not_published,summer_pier_schooling,7.8,0.093,1.633,1.19,1.301,1.412,1.523,1.633,
2026-03-15,pentwater_mi/yellow_perch,pentwater_mi,yellow_perch,open_under_reviewed_2026_rules,covered_subject_to_live_gate,private_research_not_published,summer_pier_schooling,7.8,0.12,1.816,1.245,1.388,1.53,1.673,1.816,
2026-04-15,pentwater_mi/yellow_perch,pentwater_mi,yellow_perch,open_under_reviewed_2026_rules,covered_subject_to_live_gate,private_research_not_published,summer_pier_schooling,7.8,0.237,2.611,1.483,1.765,2.047,2.329,2.611,
2026-05-15,pentwater_mi/yellow_perch,pentwater_mi,yellow_perch,open_under_reviewed_2026_rules,covered_subject_to_live_gate,private_research_not_published,summer_pier_schooling,7.8,0.35,3.38,1.714,2.13,2.547,2.963,3.38,
2026-06-15,pentwater_mi/yellow_perch,pentwater_mi,yellow_perch,open_under_reviewed_2026_rules,covered_subject_to_live_gate,private_research_not_published,summer_pier_schooling,7.8,0.655,5.456,2.337,3.117,3.896,4.676,5.456,
2026-07-15,pentwater_mi/yellow_perch,pentwater_mi,yellow_perch,open_under_reviewed_2026_rules,covered_subject_to_live_gate,private_research_not_published,summer_pier_schooling,7.8,0.951,7.465,2.94,4.071,5.202,6.334,7.465,
2026-08-15,pentwater_mi/yellow_perch,pentwater_mi,yellow_perch,open_under_reviewed_2026_rules,covered_subject_to_live_gate,private_research_not_published,summer_pier_schooling,7.8,0.772,6.249,2.575,3.493,4.412,5.331,6.249,
2026-09-15,pentwater_mi/yellow_perch,pentwater_mi,yellow_perch,open_under_reviewed_2026_rules,covered_subject_to_live_gate,private_research_not_published,summer_pier_schooling,7.8,0.5,4.4,2.02,2.615,3.21,3.805,4.4,
2026-10-15,pentwater_mi/yellow_perch,pentwater_mi,yellow_perch,open_under_reviewed_2026_rules,covered_subject_to_live_gate,private_research_not_published,summer_pier_schooling,7.8,0.313,3.129,1.639,2.011,2.384,2.757,3.129,
2026-11-15,pentwater_mi/yellow_perch,pentwater_mi,yellow_perch,open_under_reviewed_2026_rules,covered_subject_to_live_gate,private_research_not_published,summer_pier_schooling,7.8,0.12,1.816,1.245,1.388,1.53,1.673,1.816,
2026-12-15,pentwater_mi/yellow_perch,pentwater_mi,yellow_perch,open_under_reviewed_2026_rules,covered_subject_to_live_gate,private_research_not_published,summer_pier_schooling,7.8,0.074,1.506,1.152,1.24,1.329,1.417,1.506,
2026-01-15,rogers_city_mi/chinook_salmon,rogers_city_mi,chinook_salmon,open_under_reviewed_2026_rules,covered_and_conditional_designated_areas,private_research_not_published,fall_harbor_staging,6,0,1,1,1,1,1,1,
2026-02-15,rogers_city_mi/chinook_salmon,rogers_city_mi,chinook_salmon,open_under_reviewed_2026_rules,covered_and_conditional_designated_areas,private_research_not_published,fall_harbor_staging,6,0,1,1,1,1,1,1,
2026-03-15,rogers_city_mi/chinook_salmon,rogers_city_mi,chinook_salmon,open_under_reviewed_2026_rules,covered_and_conditional_designated_areas,private_research_not_published,fall_harbor_staging,6,0,1,1,1,1,1,1,
2026-04-15,rogers_city_mi/chinook_salmon,rogers_city_mi,chinook_salmon,open_under_reviewed_2026_rules,covered_and_conditional_designated_areas,private_research_not_published,fall_harbor_staging,6,0,1,1,1,1,1,1,
2026-05-15,rogers_city_mi/chinook_salmon,rogers_city_mi,chinook_salmon,open_under_reviewed_2026_rules,covered_and_conditional_designated_areas,private_research_not_published,fall_harbor_staging,6,0,1,1,1,1,1,1,
2026-06-15,rogers_city_mi/chinook_salmon,rogers_city_mi,chinook_salmon,open_under_reviewed_2026_rules,covered_and_conditional_designated_areas,private_research_not_published,fall_harbor_staging,6,0,1,1,1,1,1,1,
2026-07-15,rogers_city_mi/chinook_salmon,rogers_city_mi,chinook_salmon,open_under_reviewed_2026_rules,covered_and_conditional_designated_areas,private_research_not_published,fall_harbor_staging,6,0,1,1,1,1,1,1,
2026-08-15,rogers_city_mi/chinook_salmon,rogers_city_mi,chinook_salmon,open_under_reviewed_2026_rules,covered_and_conditional_designated_areas,private_research_not_published,fall_harbor_staging,6,0.226,2.129,1.339,1.536,1.734,1.931,2.129,
2026-09-15,rogers_city_mi/chinook_salmon,rogers_city_mi,chinook_salmon,open_under_reviewed_2026_rules,covered_and_conditional_designated_areas,private_research_not_published,fall_harbor_staging,6,0.706,4.529,2.059,2.676,3.294,3.912,4.529,
2026-10-15,rogers_city_mi/chinook_salmon,rogers_city_mi,chinook_salmon,open_under_reviewed_2026_rules,covered_and_conditional_designated_areas,private_research_not_published,fall_harbor_staging,6,0.742,4.71,2.113,2.762,3.411,4.06,4.71,
2026-11-15,rogers_city_mi/chinook_salmon,rogers_city_mi,chinook_salmon,open_under_reviewed_2026_rules,covered_and_conditional_designated_areas,private_research_not_published,fall_harbor_staging,6,0.123,1.615,1.185,1.292,1.4,1.508,1.615,
2026-12-15,rogers_city_mi/chinook_salmon,rogers_city_mi,chinook_salmon,open_under_reviewed_2026_rules,covered_and_conditional_designated_areas,private_research_not_published,fall_harbor_staging,6,0,1,1,1,1,1,1,
2026-01-15,rogers_city_mi/steelhead,rogers_city_mi,steelhead,open_under_reviewed_2026_rules,covered_and_conditional_designated_areas,private_research_not_published,spring_harbor,6,0.359,2.797,1.539,1.853,2.168,2.482,2.797,
2026-02-15,rogers_city_mi/steelhead,rogers_city_mi,steelhead,open_under_reviewed_2026_rules,covered_and_conditional_designated_areas,private_research_not_published,spring_harbor,6,0.491,3.453,1.736,2.165,2.595,3.024,3.453,
2026-03-15,rogers_city_mi/steelhead,rogers_city_mi,steelhead,open_under_reviewed_2026_rules,covered_and_conditional_designated_areas,private_research_not_published,spring_harbor,6,0.665,4.323,1.997,2.578,3.16,3.741,4.323,
2026-04-15,rogers_city_mi/steelhead,rogers_city_mi,steelhead,open_under_reviewed_2026_rules,covered_and_conditional_designated_areas,private_research_not_published,spring_harbor,6,0.918,5.591,2.377,3.181,3.984,4.787,5.591,
2026-05-15,rogers_city_mi/steelhead,rogers_city_mi,steelhead,open_under_reviewed_2026_rules,covered_and_conditional_designated_areas,private_research_not_published,spring_harbor,6,0.674,4.37,2.011,2.601,3.19,3.78,4.37,
2026-06-15,rogers_city_mi/steelhead,rogers_city_mi,steelhead,open_under_reviewed_2026_rules,covered_and_conditional_designated_areas,private_research_not_published,spring_harbor,6,0.19,1.952,1.286,1.452,1.619,1.786,1.952,
2026-07-15,rogers_city_mi/steelhead,rogers_city_mi,steelhead,open_under_reviewed_2026_rules,covered_and_conditional_designated_areas,private_research_not_published,fall_harbor,5.4,0.031,1.137,1.041,1.065,1.089,1.113,1.137,
2026-08-15,rogers_city_mi/steelhead,rogers_city_mi,steelhead,open_under_reviewed_2026_rules,covered_and_conditional_designated_areas,private_research_not_published,spring_harbor,6,0.07,1.349,1.105,1.166,1.227,1.288,1.349,
2026-09-15,rogers_city_mi/steelhead,rogers_city_mi,steelhead,open_under_reviewed_2026_rules,covered_and_conditional_designated_areas,private_research_not_published,fall_harbor,5.4,0.461,3.03,1.609,1.964,2.319,2.674,3.03,
2026-10-15,rogers_city_mi/steelhead,rogers_city_mi,steelhead,open_under_reviewed_2026_rules,covered_and_conditional_designated_areas,private_research_not_published,fall_harbor,5.4,0.925,5.07,2.221,2.933,3.645,4.358,5.07,
2026-11-15,rogers_city_mi/steelhead,rogers_city_mi,steelhead,open_under_reviewed_2026_rules,covered_and_conditional_designated_areas,private_research_not_published,fall_harbor,5.4,0.675,3.97,1.891,2.411,2.931,3.45,3.97,
2026-12-15,rogers_city_mi/steelhead,rogers_city_mi,steelhead,open_under_reviewed_2026_rules,covered_and_conditional_designated_areas,private_research_not_published,fall_harbor,5.4,0.356,2.564,1.469,1.743,2.017,2.291,2.564,
2026-01-15,rogers_city_mi/brown_trout,rogers_city_mi,brown_trout,open_under_reviewed_2026_rules,covered_and_conditional_designated_areas,private_research_not_published,spring_harbor,5.8,0.497,3.388,1.716,2.134,2.552,2.97,3.388,
2026-02-15,rogers_city_mi/brown_trout,rogers_city_mi,brown_trout,open_under_reviewed_2026_rules,covered_and_conditional_designated_areas,private_research_not_published,spring_harbor,5.8,0.603,3.892,1.868,2.374,2.88,3.386,3.892,
2026-03-15,rogers_city_mi/brown_trout,rogers_city_mi,brown_trout,open_under_reviewed_2026_rules,covered_and_conditional_designated_areas,private_research_not_published,spring_harbor,5.8,0.748,4.59,2.077,2.705,3.334,3.962,4.59,
2026-04-15,rogers_city_mi/brown_trout,rogers_city_mi,brown_trout,open_under_reviewed_2026_rules,covered_and_conditional_designated_areas,private_research_not_published,spring_harbor,5.8,0.965,5.632,2.39,3.2,4.011,4.821,5.632,
2026-05-15,rogers_city_mi/brown_trout,rogers_city_mi,brown_trout,open_under_reviewed_2026_rules,covered_and_conditional_designated_areas,private_research_not_published,spring_harbor,5.8,0.494,3.371,1.711,2.126,2.541,2.956,3.371,
2026-06-15,rogers_city_mi/brown_trout,rogers_city_mi,brown_trout,open_under_reviewed_2026_rules,covered_and_conditional_designated_areas,private_research_not_published,fall_harbor,5.32,0.105,1.455,1.136,1.216,1.296,1.375,1.455,
2026-07-15,rogers_city_mi/brown_trout,rogers_city_mi,brown_trout,open_under_reviewed_2026_rules,covered_and_conditional_designated_areas,private_research_not_published,fall_harbor,5.32,0.061,1.263,1.079,1.125,1.171,1.217,1.263,
2026-08-15,rogers_city_mi/brown_trout,rogers_city_mi,brown_trout,open_under_reviewed_2026_rules,covered_and_conditional_designated_areas,private_research_not_published,spring_harbor,5.8,0.111,1.532,1.16,1.253,1.346,1.439,1.532,
2026-09-15,rogers_city_mi/brown_trout,rogers_city_mi,brown_trout,open_under_reviewed_2026_rules,covered_and_conditional_designated_areas,private_research_not_published,fall_harbor,5.32,0.237,2.024,1.307,1.487,1.666,1.845,2.024,
2026-10-15,rogers_city_mi/brown_trout,rogers_city_mi,brown_trout,open_under_reviewed_2026_rules,covered_and_conditional_designated_areas,private_research_not_published,fall_harbor,5.32,0.783,4.384,2.015,2.607,3.2,3.792,4.384,
2026-11-15,rogers_city_mi/brown_trout,rogers_city_mi,brown_trout,open_under_reviewed_2026_rules,covered_and_conditional_designated_areas,private_research_not_published,fall_harbor,5.32,0.796,4.44,2.032,2.634,3.236,3.838,4.44,
2026-12-15,rogers_city_mi/brown_trout,rogers_city_mi,brown_trout,open_under_reviewed_2026_rules,covered_and_conditional_designated_areas,private_research_not_published,fall_harbor,5.32,0.505,3.183,1.655,2.037,2.419,2.801,3.183,
2026-01-15,rogers_city_mi/lake_trout,rogers_city_mi,lake_trout,open_under_reviewed_2026_rules,covered_and_conditional_designated_areas,private_research_not_published,spring_coldwater_harbor,5.1,0.397,2.63,1.489,1.774,2.059,2.344,2.63,
2026-02-15,rogers_city_mi/lake_trout,rogers_city_mi,lake_trout,open_under_reviewed_2026_rules,covered_and_conditional_designated_areas,private_research_not_published,spring_coldwater_harbor,5.1,0.503,3.06,1.618,1.979,2.339,2.7,3.06,
2026-03-15,rogers_city_mi/lake_trout,rogers_city_mi,lake_trout,open_under_reviewed_2026_rules,covered_and_conditional_designated_areas,private_research_not_published,spring_coldwater_harbor,5.1,0.676,3.772,1.831,2.317,2.802,3.287,3.772,
2026-04-15,rogers_city_mi/lake_trout,rogers_city_mi,lake_trout,open_under_reviewed_2026_rules,covered_and_conditional_designated_areas,private_research_not_published,spring_coldwater_harbor,5.1,0.955,4.915,2.175,2.86,3.545,4.23,4.915,
2026-05-15,rogers_city_mi/lake_trout,rogers_city_mi,lake_trout,open_under_reviewed_2026_rules,covered_and_conditional_designated_areas,private_research_not_published,spring_coldwater_harbor,5.1,0.464,2.904,1.571,1.904,2.237,2.57,2.904,
2026-06-15,rogers_city_mi/lake_trout,rogers_city_mi,lake_trout,open_under_reviewed_2026_rules,covered_and_conditional_designated_areas,private_research_not_published,spring_coldwater_harbor,5.1,0.048,1.197,1.059,1.094,1.128,1.163,1.197,
2026-07-15,rogers_city_mi/lake_trout,rogers_city_mi,lake_trout,open_under_reviewed_2026_rules,covered_and_conditional_designated_areas,private_research_not_published,spring_coldwater_harbor,5.1,0.041,1.167,1.05,1.08,1.109,1.138,1.167,
2026-08-15,rogers_city_mi/lake_trout,rogers_city_mi,lake_trout,open_under_reviewed_2026_rules,covered_and_conditional_designated_areas,private_research_not_published,spring_coldwater_harbor,5.1,0.092,1.375,1.113,1.178,1.244,1.31,1.375,
2026-09-15,rogers_city_mi/lake_trout,rogers_city_mi,lake_trout,open_under_reviewed_2026_rules,covered_and_conditional_designated_areas,private_research_not_published,spring_coldwater_harbor,5.1,0.142,1.583,1.175,1.277,1.379,1.481,1.583,
2026-10-15,rogers_city_mi/lake_trout,rogers_city_mi,lake_trout,open_under_reviewed_2026_rules,covered_and_conditional_designated_areas,private_research_not_published,spring_coldwater_harbor,5.1,0.191,1.784,1.235,1.372,1.509,1.647,1.784,
2026-11-15,rogers_city_mi/lake_trout,rogers_city_mi,lake_trout,open_under_reviewed_2026_rules,covered_and_conditional_designated_areas,private_research_not_published,spring_coldwater_harbor,5.1,0.242,1.992,1.297,1.471,1.644,1.818,1.992,
2026-12-15,rogers_city_mi/lake_trout,rogers_city_mi,lake_trout,open_under_reviewed_2026_rules,covered_and_conditional_designated_areas,private_research_not_published,spring_coldwater_harbor,5.1,0.311,2.275,1.382,1.606,1.829,2.052,2.275,
2026-01-15,rogers_city_mi/walleye,rogers_city_mi,walleye,open_under_reviewed_2026_rules,covered_and_conditional_designated_areas,private_research_not_published,warm_season_low_light,5.5,0.075,1.337,1.101,1.16,1.219,1.278,1.337,
2026-02-15,rogers_city_mi/walleye,rogers_city_mi,walleye,open_under_reviewed_2026_rules,covered_and_conditional_designated_areas,private_research_not_published,warm_season_low_light,5.5,0.13,1.586,1.176,1.278,1.381,1.483,1.586,
2026-03-15,rogers_city_mi/walleye,rogers_city_mi,walleye,open_under_reviewed_2026_rules,covered_and_conditional_designated_areas,private_research_not_published,warm_season_low_light,5.5,0.18,1.81,1.243,1.385,1.526,1.668,1.81,
2026-04-15,rogers_city_mi/walleye,rogers_city_mi,walleye,open_under_reviewed_2026_rules,covered_and_conditional_designated_areas,private_research_not_published,warm_season_low_light,5.5,0.419,2.885,1.565,1.895,2.225,2.555,2.885,
2026-05-15,rogers_city_mi/walleye,rogers_city_mi,walleye,open_under_reviewed_2026_rules,covered_and_conditional_designated_areas,private_research_not_published,warm_season_low_light,5.5,0.65,3.925,1.877,2.389,2.901,3.413,3.925,
2026-06-15,rogers_city_mi/walleye,rogers_city_mi,walleye,open_under_reviewed_2026_rules,covered_and_conditional_designated_areas,private_research_not_published,warm_season_low_light,5.5,0.828,4.725,2.118,2.77,3.422,4.073,4.725,
2026-07-15,rogers_city_mi/walleye,rogers_city_mi,walleye,open_under_reviewed_2026_rules,covered_and_conditional_designated_areas,private_research_not_published,warm_season_low_light,5.5,1,5.5,2.35,3.137,3.925,4.713,5.5,
2026-08-15,rogers_city_mi/walleye,rogers_city_mi,walleye,open_under_reviewed_2026_rules,covered_and_conditional_designated_areas,private_research_not_published,warm_season_low_light,5.5,0.825,4.713,2.114,2.763,3.413,4.063,4.713,
2026-09-15,rogers_city_mi/walleye,rogers_city_mi,walleye,open_under_reviewed_2026_rules,covered_and_conditional_designated_areas,private_research_not_published,warm_season_low_light,5.5,0.65,3.925,1.877,2.389,2.901,3.413,3.925,
2026-10-15,rogers_city_mi/walleye,rogers_city_mi,walleye,open_under_reviewed_2026_rules,covered_and_conditional_designated_areas,private_research_not_published,warm_season_low_light,5.5,0.389,2.752,1.526,1.832,2.139,2.445,2.752,
2026-11-15,rogers_city_mi/walleye,rogers_city_mi,walleye,open_under_reviewed_2026_rules,covered_and_conditional_designated_areas,private_research_not_published,warm_season_low_light,5.5,0.12,1.54,1.162,1.256,1.351,1.446,1.54,
2026-12-15,rogers_city_mi/walleye,rogers_city_mi,walleye,open_under_reviewed_2026_rules,covered_and_conditional_designated_areas,private_research_not_published,warm_season_low_light,5.5,0.074,1.335,1.1,1.159,1.217,1.276,1.335,
2026-01-15,rogers_city_mi/smallmouth_bass,rogers_city_mi,smallmouth_bass,open_catch_and_immediate_release_only,covered_and_conditional_designated_areas,private_research_not_published,warm_season_channel,6.5,0,1,1,1,1,1,1,
2026-02-15,rogers_city_mi/smallmouth_bass,rogers_city_mi,smallmouth_bass,open_catch_and_immediate_release_only,covered_and_conditional_designated_areas,private_research_not_published,warm_season_channel,6.5,0,1,1,1,1,1,1,
2026-03-15,rogers_city_mi/smallmouth_bass,rogers_city_mi,smallmouth_bass,open_catch_and_immediate_release_only,covered_and_conditional_designated_areas,private_research_not_published,warm_season_channel,6.5,0,1,1,1,1,1,1,
2026-04-15,rogers_city_mi/smallmouth_bass,rogers_city_mi,smallmouth_bass,open_catch_and_immediate_release_only,covered_and_conditional_designated_areas,private_research_not_published,warm_season_channel,6.5,0.108,1.592,1.178,1.281,1.385,1.489,1.592,
2026-05-15,rogers_city_mi/smallmouth_bass,rogers_city_mi,smallmouth_bass,open_catch_and_immediate_release_only,covered_and_conditional_designated_areas,private_research_not_published,warm_season_channel,6.5,0.363,2.999,1.6,1.949,2.299,2.649,2.999,
2026-06-15,rogers_city_mi/smallmouth_bass,rogers_city_mi,smallmouth_bass,open_under_reviewed_2026_rules,covered_and_conditional_designated_areas,private_research_not_published,warm_season_channel,6.5,0.757,5.161,2.248,2.977,3.705,4.433,5.161,
2026-07-15,rogers_city_mi/smallmouth_bass,rogers_city_mi,smallmouth_bass,open_under_reviewed_2026_rules,covered_and_conditional_designated_areas,private_research_not_published,warm_season_channel,6.5,0.97,6.335,2.601,3.534,4.468,5.401,6.335,
2026-08-15,rogers_city_mi/smallmouth_bass,rogers_city_mi,smallmouth_bass,open_under_reviewed_2026_rules,covered_and_conditional_designated_areas,private_research_not_published,warm_season_channel,6.5,0.883,5.854,2.456,3.306,4.155,5.005,5.854,
2026-09-15,rogers_city_mi/smallmouth_bass,rogers_city_mi,smallmouth_bass,open_under_reviewed_2026_rules,covered_and_conditional_designated_areas,private_research_not_published,warm_season_channel,6.5,0.743,5.084,2.225,2.94,3.655,4.369,5.084,
2026-10-15,rogers_city_mi/smallmouth_bass,rogers_city_mi,smallmouth_bass,open_under_reviewed_2026_rules,covered_and_conditional_designated_areas,private_research_not_published,warm_season_channel,6.5,0.313,2.721,1.516,1.817,2.118,2.42,2.721,
2026-11-15,rogers_city_mi/smallmouth_bass,rogers_city_mi,smallmouth_bass,open_under_reviewed_2026_rules,covered_and_conditional_designated_areas,private_research_not_published,warm_season_channel,6.5,0,1,1,1,1,1,1,
2026-12-15,rogers_city_mi/smallmouth_bass,rogers_city_mi,smallmouth_bass,open_under_reviewed_2026_rules,covered_and_conditional_designated_areas,private_research_not_published,warm_season_channel,6.5,0,1,1,1,1,1,1,
2026-01-15,rogers_city_mi/atlantic_salmon,rogers_city_mi,atlantic_salmon,open_under_reviewed_2026_rules,covered_and_conditional_designated_areas,private_research_not_published,winter_spring_harbor,6.8,0.692,5.014,2.204,2.906,3.609,4.311,5.014,
2026-02-15,rogers_city_mi/atlantic_salmon,rogers_city_mi,atlantic_salmon,open_under_reviewed_2026_rules,covered_and_conditional_designated_areas,private_research_not_published,winter_spring_harbor,6.8,0.785,5.553,2.366,3.163,3.959,4.756,5.553,
2026-03-15,rogers_city_mi/atlantic_salmon,rogers_city_mi,atlantic_salmon,open_under_reviewed_2026_rules,covered_and_conditional_designated_areas,private_research_not_published,winter_spring_harbor,6.8,0.878,6.092,2.528,3.419,4.31,5.201,6.092,
2026-04-15,rogers_city_mi/atlantic_salmon,rogers_city_mi,atlantic_salmon,open_under_reviewed_2026_rules,covered_and_conditional_designated_areas,private_research_not_published,winter_spring_harbor,6.8,0.983,6.702,2.711,3.708,4.706,5.704,6.702,
2026-05-15,rogers_city_mi/atlantic_salmon,rogers_city_mi,atlantic_salmon,open_under_reviewed_2026_rules,covered_and_conditional_designated_areas,private_research_not_published,winter_spring_harbor,6.8,0.524,4.038,1.911,2.443,2.975,3.506,4.038,
2026-06-15,rogers_city_mi/atlantic_salmon,rogers_city_mi,atlantic_salmon,open_under_reviewed_2026_rules,covered_and_conditional_designated_areas,private_research_not_published,winter_spring_harbor,6.8,0.107,1.619,1.186,1.294,1.402,1.51,1.619,
2026-07-15,rogers_city_mi/atlantic_salmon,rogers_city_mi,atlantic_salmon,open_under_reviewed_2026_rules,covered_and_conditional_designated_areas,private_research_not_published,winter_spring_harbor,6.8,0.036,1.207,1.062,1.099,1.135,1.171,1.207,
2026-08-15,rogers_city_mi/atlantic_salmon,rogers_city_mi,atlantic_salmon,open_under_reviewed_2026_rules,covered_and_conditional_designated_areas,private_research_not_published,winter_spring_harbor,6.8,0.115,1.667,1.2,1.317,1.433,1.55,1.667,
2026-09-15,rogers_city_mi/atlantic_salmon,rogers_city_mi,atlantic_salmon,open_under_reviewed_2026_rules,covered_and_conditional_designated_areas,private_research_not_published,fall_breakwall,5.99,0.461,3.302,1.691,2.093,2.496,2.899,3.302,
2026-10-15,rogers_city_mi/atlantic_salmon,rogers_city_mi,atlantic_salmon,open_under_reviewed_2026_rules,covered_and_conditional_designated_areas,private_research_not_published,fall_breakwall,5.99,0.925,5.616,2.385,3.192,4,4.808,5.616,
2026-11-15,rogers_city_mi/atlantic_salmon,rogers_city_mi,atlantic_salmon,open_under_reviewed_2026_rules,covered_and_conditional_designated_areas,private_research_not_published,fall_breakwall,5.99,0.675,4.368,2.01,2.6,3.189,3.779,4.368,
2026-12-15,rogers_city_mi/atlantic_salmon,rogers_city_mi,atlantic_salmon,open_under_reviewed_2026_rules,covered_and_conditional_designated_areas,private_research_not_published,winter_spring_harbor,6.8,0.546,4.165,1.949,2.503,3.057,3.611,4.165,
2026-01-15,tawas_city_mi/coho_salmon,tawas_city_mi,coho_salmon,open_under_reviewed_2026_rules,covered_subject_to_live_gate,private_research_not_published,spring_harbor,5.8,0.175,1.838,1.251,1.398,1.545,1.691,1.838,
2026-02-15,tawas_city_mi/coho_salmon,tawas_city_mi,coho_salmon,open_under_reviewed_2026_rules,covered_subject_to_live_gate,private_research_not_published,spring_harbor,5.8,0.295,2.418,1.425,1.674,1.922,2.17,2.418,
2026-03-15,tawas_city_mi/coho_salmon,tawas_city_mi,coho_salmon,open_under_reviewed_2026_rules,covered_subject_to_live_gate,private_research_not_published,spring_harbor,5.8,0.515,3.474,1.742,2.175,2.608,3.041,3.474,
2026-04-15,tawas_city_mi/coho_salmon,tawas_city_mi,coho_salmon,open_under_reviewed_2026_rules,covered_subject_to_live_gate,private_research_not_published,spring_harbor,5.8,0.882,5.233,2.27,3.011,3.751,4.492,5.233,
2026-05-15,tawas_city_mi/coho_salmon,tawas_city_mi,coho_salmon,open_under_reviewed_2026_rules,covered_subject_to_live_gate,private_research_not_published,spring_harbor,5.8,0.541,3.595,1.778,2.232,2.686,3.141,3.595,
2026-06-15,tawas_city_mi/coho_salmon,tawas_city_mi,coho_salmon,open_under_reviewed_2026_rules,covered_subject_to_live_gate,private_research_not_published,spring_harbor,5.8,0.08,1.384,1.115,1.182,1.25,1.317,1.384,
2026-07-15,tawas_city_mi/coho_salmon,tawas_city_mi,coho_salmon,open_under_reviewed_2026_rules,covered_subject_to_live_gate,private_research_not_published,spring_harbor,5.8,0.008,1.038,1.011,1.018,1.025,1.031,1.038,
2026-08-15,tawas_city_mi/coho_salmon,tawas_city_mi,coho_salmon,open_under_reviewed_2026_rules,covered_subject_to_live_gate,private_research_not_published,spring_harbor,5.8,0.025,1.122,1.037,1.058,1.079,1.1,1.122,
2026-09-15,tawas_city_mi/coho_salmon,tawas_city_mi,coho_salmon,open_under_reviewed_2026_rules,covered_subject_to_live_gate,private_research_not_published,fall_harbor,4.94,0.461,2.817,1.545,1.863,2.181,2.499,2.817,
2026-10-15,tawas_city_mi/coho_salmon,tawas_city_mi,coho_salmon,open_under_reviewed_2026_rules,covered_subject_to_live_gate,private_research_not_published,fall_harbor,4.94,0.925,4.645,2.093,2.731,3.369,4.007,4.645,
2026-11-15,tawas_city_mi/coho_salmon,tawas_city_mi,coho_salmon,open_under_reviewed_2026_rules,covered_subject_to_live_gate,private_research_not_published,fall_harbor,4.94,0.329,2.296,1.389,1.616,1.843,2.07,2.296,
2026-12-15,tawas_city_mi/coho_salmon,tawas_city_mi,coho_salmon,open_under_reviewed_2026_rules,covered_subject_to_live_gate,private_research_not_published,spring_harbor,5.8,0.104,1.501,1.15,1.238,1.326,1.413,1.501,
2026-01-15,tawas_city_mi/steelhead,tawas_city_mi,steelhead,open_under_reviewed_2026_rules,covered_subject_to_live_gate,private_research_not_published,spring_harbor,5.8,0.359,2.725,1.517,1.819,2.121,2.423,2.725,
2026-02-15,tawas_city_mi/steelhead,tawas_city_mi,steelhead,open_under_reviewed_2026_rules,covered_subject_to_live_gate,private_research_not_published,spring_harbor,5.8,0.491,3.355,1.707,2.119,2.531,2.943,3.355,
2026-03-15,tawas_city_mi/steelhead,tawas_city_mi,steelhead,open_under_reviewed_2026_rules,covered_subject_to_live_gate,private_research_not_published,spring_harbor,5.8,0.665,4.19,1.957,2.515,3.073,3.632,4.19,
2026-04-15,tawas_city_mi/steelhead,tawas_city_mi,steelhead,open_under_reviewed_2026_rules,covered_subject_to_live_gate,private_research_not_published,spring_harbor,5.8,0.918,5.407,2.322,3.093,3.865,4.636,5.407,
2026-05-15,tawas_city_mi/steelhead,tawas_city_mi,steelhead,open_under_reviewed_2026_rules,covered_subject_to_live_gate,private_research_not_published,spring_harbor,5.8,0.674,4.235,1.97,2.537,3.103,3.669,4.235,
2026-06-15,tawas_city_mi/steelhead,tawas_city_mi,steelhead,open_under_reviewed_2026_rules,covered_subject_to_live_gate,private_research_not_published,spring_harbor,5.8,0.19,1.914,1.274,1.434,1.594,1.754,1.914,
2026-07-15,tawas_city_mi/steelhead,tawas_city_mi,steelhead,open_under_reviewed_2026_rules,covered_subject_to_live_gate,private_research_not_published,fall_harbor,5.22,0.031,1.132,1.039,1.062,1.085,1.109,1.132,
2026-08-15,tawas_city_mi/steelhead,tawas_city_mi,steelhead,open_under_reviewed_2026_rules,covered_subject_to_live_gate,private_research_not_published,spring_harbor,5.8,0.07,1.335,1.1,1.159,1.218,1.276,1.335,
2026-09-15,tawas_city_mi/steelhead,tawas_city_mi,steelhead,open_under_reviewed_2026_rules,covered_subject_to_live_gate,private_research_not_published,fall_harbor,5.22,0.461,2.947,1.584,1.925,2.265,2.606,2.947,
2026-10-15,tawas_city_mi/steelhead,tawas_city_mi,steelhead,open_under_reviewed_2026_rules,covered_subject_to_live_gate,private_research_not_published,fall_harbor,5.22,0.925,4.903,2.171,2.854,3.537,4.22,4.903,
2026-11-15,tawas_city_mi/steelhead,tawas_city_mi,steelhead,open_under_reviewed_2026_rules,covered_subject_to_live_gate,private_research_not_published,fall_harbor,5.22,0.675,3.849,1.855,2.353,2.852,3.35,3.849,
2026-12-15,tawas_city_mi/steelhead,tawas_city_mi,steelhead,open_under_reviewed_2026_rules,covered_subject_to_live_gate,private_research_not_published,fall_harbor,5.22,0.356,2.5,1.45,1.713,1.975,2.238,2.5,
2026-01-15,tawas_city_mi/lake_trout,tawas_city_mi,lake_trout,open_under_reviewed_2026_rules,covered_subject_to_live_gate,private_research_not_published,spring_coldwater_harbor,5.1,0.397,2.63,1.489,1.774,2.059,2.344,2.63,
2026-02-15,tawas_city_mi/lake_trout,tawas_city_mi,lake_trout,open_under_reviewed_2026_rules,covered_subject_to_live_gate,private_research_not_published,spring_coldwater_harbor,5.1,0.503,3.06,1.618,1.979,2.339,2.7,3.06,
2026-03-15,tawas_city_mi/lake_trout,tawas_city_mi,lake_trout,open_under_reviewed_2026_rules,covered_subject_to_live_gate,private_research_not_published,spring_coldwater_harbor,5.1,0.676,3.772,1.831,2.317,2.802,3.287,3.772,
2026-04-15,tawas_city_mi/lake_trout,tawas_city_mi,lake_trout,open_under_reviewed_2026_rules,covered_subject_to_live_gate,private_research_not_published,spring_coldwater_harbor,5.1,0.955,4.915,2.175,2.86,3.545,4.23,4.915,
2026-05-15,tawas_city_mi/lake_trout,tawas_city_mi,lake_trout,open_under_reviewed_2026_rules,covered_subject_to_live_gate,private_research_not_published,spring_coldwater_harbor,5.1,0.464,2.904,1.571,1.904,2.237,2.57,2.904,
2026-06-15,tawas_city_mi/lake_trout,tawas_city_mi,lake_trout,open_under_reviewed_2026_rules,covered_subject_to_live_gate,private_research_not_published,spring_coldwater_harbor,5.1,0.048,1.197,1.059,1.094,1.128,1.163,1.197,
2026-07-15,tawas_city_mi/lake_trout,tawas_city_mi,lake_trout,open_under_reviewed_2026_rules,covered_subject_to_live_gate,private_research_not_published,spring_coldwater_harbor,5.1,0.041,1.167,1.05,1.08,1.109,1.138,1.167,
2026-08-15,tawas_city_mi/lake_trout,tawas_city_mi,lake_trout,open_under_reviewed_2026_rules,covered_subject_to_live_gate,private_research_not_published,spring_coldwater_harbor,5.1,0.092,1.375,1.113,1.178,1.244,1.31,1.375,
2026-09-15,tawas_city_mi/lake_trout,tawas_city_mi,lake_trout,open_under_reviewed_2026_rules,covered_subject_to_live_gate,private_research_not_published,spring_coldwater_harbor,5.1,0.142,1.583,1.175,1.277,1.379,1.481,1.583,
2026-10-15,tawas_city_mi/lake_trout,tawas_city_mi,lake_trout,open_under_reviewed_2026_rules,covered_subject_to_live_gate,private_research_not_published,spring_coldwater_harbor,5.1,0.191,1.784,1.235,1.372,1.509,1.647,1.784,
2026-11-15,tawas_city_mi/lake_trout,tawas_city_mi,lake_trout,open_under_reviewed_2026_rules,covered_subject_to_live_gate,private_research_not_published,spring_coldwater_harbor,5.1,0.242,1.992,1.297,1.471,1.644,1.818,1.992,
2026-12-15,tawas_city_mi/lake_trout,tawas_city_mi,lake_trout,open_under_reviewed_2026_rules,covered_subject_to_live_gate,private_research_not_published,spring_coldwater_harbor,5.1,0.311,2.275,1.382,1.606,1.829,2.052,2.275,
2026-01-15,tawas_city_mi/walleye,tawas_city_mi,walleye,open_under_reviewed_2026_rules,covered_subject_to_live_gate,private_research_not_published,warm_season_low_light,6.5,0.075,1.412,1.124,1.196,1.268,1.34,1.412,
2026-02-15,tawas_city_mi/walleye,tawas_city_mi,walleye,open_under_reviewed_2026_rules,covered_subject_to_live_gate,private_research_not_published,warm_season_low_light,6.5,0.13,1.716,1.215,1.34,1.465,1.59,1.716,
2026-03-15,tawas_city_mi/walleye,tawas_city_mi,walleye,open_under_reviewed_2026_rules,covered_subject_to_live_gate,private_research_not_published,warm_season_low_light,6.5,0.18,1.99,1.297,1.47,1.643,1.817,1.99,
2026-04-15,tawas_city_mi/walleye,tawas_city_mi,walleye,open_under_reviewed_2026_rules,covered_subject_to_live_gate,private_research_not_published,warm_season_low_light,6.5,0.419,3.304,1.691,2.094,2.497,2.901,3.304,
2026-05-15,tawas_city_mi/walleye,tawas_city_mi,walleye,open_under_reviewed_2026_rules,covered_subject_to_live_gate,private_research_not_published,warm_season_low_light,6.5,0.65,4.575,2.072,2.698,3.324,3.949,4.575,
2026-06-15,tawas_city_mi/walleye,tawas_city_mi,walleye,open_under_reviewed_2026_rules,covered_subject_to_live_gate,private_research_not_published,warm_season_low_light,6.5,0.828,5.553,2.366,3.163,3.96,4.756,5.553,
2026-07-15,tawas_city_mi/walleye,tawas_city_mi,walleye,open_under_reviewed_2026_rules,covered_subject_to_live_gate,private_research_not_published,warm_season_low_light,6.5,1,6.5,2.65,3.612,4.575,5.537,6.5,
2026-08-15,tawas_city_mi/walleye,tawas_city_mi,walleye,open_under_reviewed_2026_rules,covered_subject_to_live_gate,private_research_not_published,warm_season_low_light,6.5,0.825,5.537,2.361,3.155,3.949,4.743,5.537,
2026-09-15,tawas_city_mi/walleye,tawas_city_mi,walleye,open_under_reviewed_2026_rules,covered_subject_to_live_gate,private_research_not_published,warm_season_low_light,6.5,0.65,4.575,2.072,2.698,3.324,3.949,4.575,
2026-10-15,tawas_city_mi/walleye,tawas_city_mi,walleye,open_under_reviewed_2026_rules,covered_subject_to_live_gate,private_research_not_published,warm_season_low_light,6.5,0.389,3.141,1.642,2.017,2.392,2.767,3.141,
2026-11-15,tawas_city_mi/walleye,tawas_city_mi,walleye,open_under_reviewed_2026_rules,covered_subject_to_live_gate,private_research_not_published,warm_season_low_light,6.5,0.12,1.66,1.198,1.313,1.429,1.544,1.66,
2026-12-15,tawas_city_mi/walleye,tawas_city_mi,walleye,open_under_reviewed_2026_rules,covered_subject_to_live_gate,private_research_not_published,warm_season_low_light,6.5,0.074,1.409,1.123,1.194,1.266,1.337,1.409,
2026-01-15,tawas_city_mi/smallmouth_bass,tawas_city_mi,smallmouth_bass,open_catch_and_immediate_release_only,covered_subject_to_live_gate,private_research_not_published,warm_season_channel,6.2,0,1,1,1,1,1,1,
2026-02-15,tawas_city_mi/smallmouth_bass,tawas_city_mi,smallmouth_bass,open_catch_and_immediate_release_only,covered_subject_to_live_gate,private_research_not_published,warm_season_channel,6.2,0,1,1,1,1,1,1,
2026-03-15,tawas_city_mi/smallmouth_bass,tawas_city_mi,smallmouth_bass,open_catch_and_immediate_release_only,covered_subject_to_live_gate,private_research_not_published,warm_season_channel,6.2,0,1,1,1,1,1,1,
2026-04-15,tawas_city_mi/smallmouth_bass,tawas_city_mi,smallmouth_bass,open_catch_and_immediate_release_only,covered_subject_to_live_gate,private_research_not_published,warm_season_channel,6.2,0.108,1.56,1.168,1.266,1.364,1.462,1.56,
2026-05-15,tawas_city_mi/smallmouth_bass,tawas_city_mi,smallmouth_bass,open_catch_and_immediate_release_only,covered_subject_to_live_gate,private_research_not_published,warm_season_channel,6.2,0.363,2.89,1.567,1.898,2.228,2.559,2.89,
2026-06-15,tawas_city_mi/smallmouth_bass,tawas_city_mi,smallmouth_bass,open_under_reviewed_2026_rules,covered_subject_to_live_gate,private_research_not_published,warm_season_channel,6.2,0.757,4.934,2.18,2.869,3.557,4.246,4.934,
2026-07-15,tawas_city_mi/smallmouth_bass,tawas_city_mi,smallmouth_bass,open_under_reviewed_2026_rules,covered_subject_to_live_gate,private_research_not_published,warm_season_channel,6.2,0.97,6.044,2.513,3.396,4.279,5.161,6.044,
2026-08-15,tawas_city_mi/smallmouth_bass,tawas_city_mi,smallmouth_bass,open_under_reviewed_2026_rules,covered_subject_to_live_gate,private_research_not_published,warm_season_channel,6.2,0.883,5.589,2.377,3.18,3.983,4.786,5.589,
2026-09-15,tawas_city_mi/smallmouth_bass,tawas_city_mi,smallmouth_bass,open_under_reviewed_2026_rules,covered_subject_to_live_gate,private_research_not_published,warm_season_channel,6.2,0.743,4.861,2.158,2.834,3.51,4.186,4.861,
2026-10-15,tawas_city_mi/smallmouth_bass,tawas_city_mi,smallmouth_bass,open_under_reviewed_2026_rules,covered_subject_to_live_gate,private_research_not_published,warm_season_channel,6.2,0.313,2.627,1.488,1.773,2.057,2.342,2.627,
2026-11-15,tawas_city_mi/smallmouth_bass,tawas_city_mi,smallmouth_bass,open_under_reviewed_2026_rules,covered_subject_to_live_gate,private_research_not_published,warm_season_channel,6.2,0,1,1,1,1,1,1,
2026-12-15,tawas_city_mi/smallmouth_bass,tawas_city_mi,smallmouth_bass,open_under_reviewed_2026_rules,covered_subject_to_live_gate,private_research_not_published,warm_season_channel,6.2,0,1,1,1,1,1,1,
2026-01-15,tawas_city_mi/yellow_perch,tawas_city_mi,yellow_perch,open_under_reviewed_2026_rules,covered_subject_to_live_gate,private_research_not_published,summer_pier_schooling,6.8,0.063,1.368,1.11,1.175,1.239,1.303,1.368,
2026-02-15,tawas_city_mi/yellow_perch,tawas_city_mi,yellow_perch,open_under_reviewed_2026_rules,covered_subject_to_live_gate,private_research_not_published,summer_pier_schooling,6.8,0.093,1.54,1.162,1.257,1.351,1.446,1.54,
2026-03-15,tawas_city_mi/yellow_perch,tawas_city_mi,yellow_perch,open_under_reviewed_2026_rules,covered_subject_to_live_gate,private_research_not_published,summer_pier_schooling,6.8,0.12,1.696,1.209,1.331,1.452,1.574,1.696,
2026-04-15,tawas_city_mi/yellow_perch,tawas_city_mi,yellow_perch,open_under_reviewed_2026_rules,covered_subject_to_live_gate,private_research_not_published,summer_pier_schooling,6.8,0.237,2.374,1.412,1.653,1.893,2.133,2.374,
2026-05-15,tawas_city_mi/yellow_perch,tawas_city_mi,yellow_perch,open_under_reviewed_2026_rules,covered_subject_to_live_gate,private_research_not_published,summer_pier_schooling,6.8,0.35,3.03,1.609,1.964,2.319,2.675,3.03,
2026-06-15,tawas_city_mi/yellow_perch,tawas_city_mi,yellow_perch,open_under_reviewed_2026_rules,covered_subject_to_live_gate,private_research_not_published,summer_pier_schooling,6.8,0.655,4.801,2.14,2.805,3.47,4.136,4.801,
2026-07-15,tawas_city_mi/yellow_perch,tawas_city_mi,yellow_perch,open_under_reviewed_2026_rules,covered_subject_to_live_gate,private_research_not_published,summer_pier_schooling,6.8,0.951,6.514,2.654,3.619,4.584,5.549,6.514,
2026-08-15,tawas_city_mi/yellow_perch,tawas_city_mi,yellow_perch,open_under_reviewed_2026_rules,covered_subject_to_live_gate,private_research_not_published,summer_pier_schooling,6.8,0.772,5.477,2.343,3.127,3.91,4.694,5.477,
2026-09-15,tawas_city_mi/yellow_perch,tawas_city_mi,yellow_perch,open_under_reviewed_2026_rules,covered_subject_to_live_gate,private_research_not_published,summer_pier_schooling,6.8,0.5,3.9,1.87,2.377,2.885,3.392,3.9,
2026-10-15,tawas_city_mi/yellow_perch,tawas_city_mi,yellow_perch,open_under_reviewed_2026_rules,covered_subject_to_live_gate,private_research_not_published,summer_pier_schooling,6.8,0.313,2.816,1.545,1.863,2.18,2.498,2.816,
2026-11-15,tawas_city_mi/yellow_perch,tawas_city_mi,yellow_perch,open_under_reviewed_2026_rules,covered_subject_to_live_gate,private_research_not_published,summer_pier_schooling,6.8,0.12,1.696,1.209,1.331,1.452,1.574,1.696,
2026-12-15,tawas_city_mi/yellow_perch,tawas_city_mi,yellow_perch,open_under_reviewed_2026_rules,covered_subject_to_live_gate,private_research_not_published,summer_pier_schooling,6.8,0.074,1.431,1.129,1.205,1.28,1.356,1.431,
2026-01-15,tawas_city_mi/lake_whitefish,tawas_city_mi,lake_whitefish,open_under_reviewed_2026_rules,covered_subject_to_live_gate,private_research_not_published,late_fall_winter_pier,4,0.733,3.199,1.66,2.044,2.429,2.814,3.199,
2026-02-15,tawas_city_mi/lake_whitefish,tawas_city_mi,lake_whitefish,open_under_reviewed_2026_rules,covered_subject_to_live_gate,private_research_not_published,late_fall_winter_pier,4,0.584,2.753,1.526,1.833,2.139,2.446,2.753,
2026-03-15,tawas_city_mi/lake_whitefish,tawas_city_mi,lake_whitefish,open_under_reviewed_2026_rules,covered_subject_to_live_gate,private_research_not_published,late_fall_winter_pier,4,0.45,2.35,1.405,1.641,1.877,2.114,2.35,
2026-04-15,tawas_city_mi/lake_whitefish,tawas_city_mi,lake_whitefish,open_under_reviewed_2026_rules,covered_subject_to_live_gate,private_research_not_published,late_fall_winter_pier,4,0.153,1.46,1.138,1.218,1.299,1.379,1.46,
2026-05-15,tawas_city_mi/lake_whitefish,tawas_city_mi,lake_whitefish,open_under_reviewed_2026_rules,covered_subject_to_live_gate,private_research_not_published,late_fall_winter_pier,4,0,1,1,1,1,1,1,
2026-06-15,tawas_city_mi/lake_whitefish,tawas_city_mi,lake_whitefish,open_under_reviewed_2026_rules,covered_subject_to_live_gate,private_research_not_published,late_fall_winter_pier,4,0,1,1,1,1,1,1,
2026-07-15,tawas_city_mi/lake_whitefish,tawas_city_mi,lake_whitefish,open_under_reviewed_2026_rules,covered_subject_to_live_gate,private_research_not_published,late_fall_winter_pier,4,0,1,1,1,1,1,1,
2026-08-15,tawas_city_mi/lake_whitefish,tawas_city_mi,lake_whitefish,open_under_reviewed_2026_rules,covered_subject_to_live_gate,private_research_not_published,late_fall_winter_pier,4,0,1,1,1,1,1,1,
2026-09-15,tawas_city_mi/lake_whitefish,tawas_city_mi,lake_whitefish,open_under_reviewed_2026_rules,covered_subject_to_live_gate,private_research_not_published,late_fall_winter_pier,4,0,1,1,1,1,1,1,
2026-10-15,tawas_city_mi/lake_whitefish,tawas_city_mi,lake_whitefish,open_under_reviewed_2026_rules,covered_subject_to_live_gate,private_research_not_published,late_fall_winter_pier,4,0.25,1.75,1.225,1.356,1.487,1.619,1.75,
2026-11-15,tawas_city_mi/lake_whitefish,tawas_city_mi,lake_whitefish,open_under_reviewed_2026_rules,covered_subject_to_live_gate,private_research_not_published,late_fall_winter_pier,4,0.79,3.371,1.711,2.126,2.541,2.956,3.371,
2026-12-15,tawas_city_mi/lake_whitefish,tawas_city_mi,lake_whitefish,open_under_reviewed_2026_rules,covered_subject_to_live_gate,private_research_not_published,late_fall_winter_pier,4,0.889,3.667,1.8,2.267,2.733,3.2,3.667,
2026-01-15,tawas_city_mi/northern_pike,tawas_city_mi,northern_pike,open_under_reviewed_2026_rules,covered_subject_to_live_gate,private_research_not_published,spring_fall_harbor,5.2,0.259,2.089,1.327,1.517,1.708,1.899,2.089,
2026-02-15,tawas_city_mi/northern_pike,tawas_city_mi,northern_pike,open_under_reviewed_2026_rules,covered_subject_to_live_gate,private_research_not_published,spring_fall_harbor,5.2,0.391,2.641,1.492,1.779,2.067,2.354,2.641,
2026-03-15,tawas_city_mi/northern_pike,tawas_city_mi,northern_pike,open_under_reviewed_2026_rules,covered_subject_to_live_gate,private_research_not_published,spring_fall_harbor,5.2,0.56,3.352,1.706,2.117,2.529,2.94,3.352,
2026-04-15,tawas_city_mi/northern_pike,tawas_city_mi,northern_pike,open_under_reviewed_2026_rules,covered_subject_to_live_gate,private_research_not_published,spring_fall_harbor,5.2,0.804,4.375,2.013,2.603,3.194,3.784,4.375,
2026-05-15,tawas_city_mi/northern_pike,tawas_city_mi,northern_pike,open_under_reviewed_2026_rules,covered_subject_to_live_gate,private_research_not_published,spring_fall_harbor,5.2,0.954,5.008,2.202,2.904,3.605,4.306,5.008,
2026-06-15,tawas_city_mi/northern_pike,tawas_city_mi,northern_pike,open_under_reviewed_2026_rules,covered_subject_to_live_gate,private_research_not_published,spring_fall_harbor,5.2,0.67,3.816,1.845,2.337,2.83,3.323,3.816,
2026-07-15,tawas_city_mi/northern_pike,tawas_city_mi,northern_pike,open_under_reviewed_2026_rules,covered_subject_to_live_gate,private_research_not_published,spring_fall_harbor,5.2,0.396,2.662,1.499,1.79,2.08,2.371,2.662,
2026-08-15,tawas_city_mi/northern_pike,tawas_city_mi,northern_pike,open_under_reviewed_2026_rules,covered_subject_to_live_gate,private_research_not_published,spring_fall_harbor,5.2,0.434,2.822,1.547,1.866,2.184,2.503,2.822,
2026-09-15,tawas_city_mi/northern_pike,tawas_city_mi,northern_pike,open_under_reviewed_2026_rules,covered_subject_to_live_gate,private_research_not_published,spring_fall_harbor,5.2,0.534,3.242,1.673,2.065,2.457,2.85,3.242,
2026-10-15,tawas_city_mi/northern_pike,tawas_city_mi,northern_pike,open_under_reviewed_2026_rules,covered_subject_to_live_gate,private_research_not_published,spring_fall_harbor,5.2,0.686,3.881,1.864,2.368,2.872,3.377,3.881,
2026-11-15,tawas_city_mi/northern_pike,tawas_city_mi,northern_pike,open_under_reviewed_2026_rules,covered_subject_to_live_gate,private_research_not_published,spring_fall_harbor,5.2,0.693,3.91,1.873,2.382,2.891,3.401,3.91,
2026-12-15,tawas_city_mi/northern_pike,tawas_city_mi,northern_pike,open_under_reviewed_2026_rules,covered_subject_to_live_gate,private_research_not_published,spring_fall_harbor,5.2,0.371,2.56,1.468,1.741,2.014,2.287,2.56,
2026-01-15,tawas_city_mi/burbot,tawas_city_mi,burbot,open_under_reviewed_2026_rules,covered_subject_to_live_gate,private_research_not_published,cold_season_night,4.3,0.828,3.732,1.819,2.298,2.776,3.254,3.732,
2026-02-15,tawas_city_mi/burbot,tawas_city_mi,burbot,open_under_reviewed_2026_rules,covered_subject_to_live_gate,private_research_not_published,cold_season_night,4.3,1,4.3,1.99,2.567,3.145,3.722,4.3,
2026-03-15,tawas_city_mi/burbot,tawas_city_mi,burbot,open_under_reviewed_2026_rules,covered_subject_to_live_gate,private_research_not_published,cold_season_night,4.3,0.644,3.125,1.638,2.01,2.382,2.753,3.125,
2026-04-15,tawas_city_mi/burbot,tawas_city_mi,burbot,open_under_reviewed_2026_rules,covered_subject_to_live_gate,private_research_not_published,cold_season_night,4.3,0.25,1.825,1.248,1.392,1.536,1.681,1.825,
2026-05-15,tawas_city_mi/burbot,tawas_city_mi,burbot,open_under_reviewed_2026_rules,covered_subject_to_live_gate,private_research_not_published,cold_season_night,4.3,0,1,1,1,1,1,1,
2026-06-15,tawas_city_mi/burbot,tawas_city_mi,burbot,open_under_reviewed_2026_rules,covered_subject_to_live_gate,private_research_not_published,cold_season_night,4.3,0,1,1,1,1,1,1,
2026-07-15,tawas_city_mi/burbot,tawas_city_mi,burbot,open_under_reviewed_2026_rules,covered_subject_to_live_gate,private_research_not_published,cold_season_night,4.3,0,1,1,1,1,1,1,
2026-08-15,tawas_city_mi/burbot,tawas_city_mi,burbot,open_under_reviewed_2026_rules,covered_subject_to_live_gate,private_research_not_published,cold_season_night,4.3,0,1,1,1,1,1,1,
2026-09-15,tawas_city_mi/burbot,tawas_city_mi,burbot,open_under_reviewed_2026_rules,covered_subject_to_live_gate,private_research_not_published,cold_season_night,4.3,0,1,1,1,1,1,1,
2026-10-15,tawas_city_mi/burbot,tawas_city_mi,burbot,open_under_reviewed_2026_rules,covered_subject_to_live_gate,private_research_not_published,cold_season_night,4.3,0,1,1,1,1,1,1,
2026-11-15,tawas_city_mi/burbot,tawas_city_mi,burbot,open_under_reviewed_2026_rules,covered_subject_to_live_gate,private_research_not_published,cold_season_night,4.3,0.431,2.421,1.426,1.675,1.924,2.172,2.421,
2026-12-15,tawas_city_mi/burbot,tawas_city_mi,burbot,open_under_reviewed_2026_rules,covered_subject_to_live_gate,private_research_not_published,cold_season_night,4.3,0.652,3.153,1.646,2.023,2.399,2.776,3.153,
2026-01-15,charlevoix_mi/chinook_salmon,charlevoix_mi,chinook_salmon,open_under_reviewed_2026_rules,covered_with_north_pier_hold,private_research_not_published,spring_nearshore,4.84,0,1,1,1,1,1,1,
2026-02-15,charlevoix_mi/chinook_salmon,charlevoix_mi,chinook_salmon,open_under_reviewed_2026_rules,covered_with_north_pier_hold,private_research_not_published,spring_nearshore,4.84,0,1,1,1,1,1,1,
2026-03-15,charlevoix_mi/chinook_salmon,charlevoix_mi,chinook_salmon,open_under_reviewed_2026_rules,covered_with_north_pier_hold,private_research_not_published,spring_nearshore,4.84,0,1,1,1,1,1,1,
2026-04-15,charlevoix_mi/chinook_salmon,charlevoix_mi,chinook_salmon,open_under_reviewed_2026_rules,covered_with_north_pier_hold,private_research_not_published,spring_nearshore,4.84,0.554,3.126,1.638,2.01,2.382,2.754,3.126,
2026-05-15,charlevoix_mi/chinook_salmon,charlevoix_mi,chinook_salmon,open_under_reviewed_2026_rules,covered_with_north_pier_hold,private_research_not_published,spring_nearshore,4.84,0.896,4.442,2.033,2.635,3.237,3.84,4.442,
2026-06-15,charlevoix_mi/chinook_salmon,charlevoix_mi,chinook_salmon,open_under_reviewed_2026_rules,covered_with_north_pier_hold,private_research_not_published,spring_nearshore,4.84,0.254,1.974,1.292,1.463,1.633,1.804,1.974,
2026-07-15,charlevoix_mi/chinook_salmon,charlevoix_mi,chinook_salmon,open_under_reviewed_2026_rules,covered_with_north_pier_hold,private_research_not_published,spring_nearshore,4.84,0,1,1,1,1,1,1,
2026-08-15,charlevoix_mi/chinook_salmon,charlevoix_mi,chinook_salmon,open_under_reviewed_2026_rules,covered_with_north_pier_hold,private_research_not_published,fall_harbor_staging,7.2,0.45,3.79,1.837,2.325,2.813,3.302,3.79,
2026-09-15,charlevoix_mi/chinook_salmon,charlevoix_mi,chinook_salmon,open_under_reviewed_2026_rules,covered_with_north_pier_hold,private_research_not_published,fall_harbor_staging,7.2,0.875,6.425,2.627,3.577,4.526,5.476,6.425,
2026-10-15,charlevoix_mi/chinook_salmon,charlevoix_mi,chinook_salmon,open_under_reviewed_2026_rules,covered_with_north_pier_hold,private_research_not_published,fall_harbor_staging,7.2,0.193,2.198,1.359,1.569,1.779,1.988,2.198,
2026-11-15,charlevoix_mi/chinook_salmon,charlevoix_mi,chinook_salmon,open_under_reviewed_2026_rules,covered_with_north_pier_hold,private_research_not_published,spring_nearshore,4.84,0,1,1,1,1,1,1,
2026-12-15,charlevoix_mi/chinook_salmon,charlevoix_mi,chinook_salmon,open_under_reviewed_2026_rules,covered_with_north_pier_hold,private_research_not_published,spring_nearshore,4.84,0,1,1,1,1,1,1,
2026-01-15,charlevoix_mi/steelhead,charlevoix_mi,steelhead,open_under_reviewed_2026_rules,covered_with_north_pier_hold,private_research_not_published,spring_pier,6.33,0.359,2.915,1.575,1.91,2.245,2.58,2.915,
2026-02-15,charlevoix_mi/steelhead,charlevoix_mi,steelhead,open_under_reviewed_2026_rules,covered_with_north_pier_hold,private_research_not_published,spring_pier,6.33,0.491,3.615,1.785,2.242,2.7,3.158,3.615,
2026-03-15,charlevoix_mi/steelhead,charlevoix_mi,steelhead,open_under_reviewed_2026_rules,covered_with_north_pier_hold,private_research_not_published,spring_pier,6.33,0.676,4.603,2.081,2.711,3.342,3.973,4.603,
2026-04-15,charlevoix_mi/steelhead,charlevoix_mi,steelhead,open_under_reviewed_2026_rules,covered_with_north_pier_hold,private_research_not_published,spring_pier,6.33,0.955,6.09,2.527,3.418,4.309,5.199,6.09,
2026-05-15,charlevoix_mi/steelhead,charlevoix_mi,steelhead,open_under_reviewed_2026_rules,covered_with_north_pier_hold,private_research_not_published,spring_pier,6.33,0.524,3.792,1.838,2.326,2.815,3.303,3.792,
2026-06-15,charlevoix_mi/steelhead,charlevoix_mi,steelhead,open_under_reviewed_2026_rules,covered_with_north_pier_hold,private_research_not_published,summer_skamania,7.5,0.503,4.271,1.981,2.554,3.126,3.699,4.271,
2026-07-15,charlevoix_mi/steelhead,charlevoix_mi,steelhead,open_under_reviewed_2026_rules,covered_with_north_pier_hold,private_research_not_published,summer_skamania,7.5,0.933,7.067,2.82,3.882,4.943,6.005,7.067,
2026-08-15,charlevoix_mi/steelhead,charlevoix_mi,steelhead,open_under_reviewed_2026_rules,covered_with_north_pier_hold,private_research_not_published,summer_skamania,7.5,0.531,4.449,2.035,2.638,3.242,3.845,4.449,
2026-09-15,charlevoix_mi/steelhead,charlevoix_mi,steelhead,open_under_reviewed_2026_rules,covered_with_north_pier_hold,private_research_not_published,fall_harbor,6.72,0.377,3.159,1.648,2.025,2.403,2.781,3.159,
2026-10-15,charlevoix_mi/steelhead,charlevoix_mi,steelhead,open_under_reviewed_2026_rules,covered_with_north_pier_hold,private_research_not_published,fall_harbor,6.72,0.908,6.196,2.559,3.468,4.377,5.286,6.196,
2026-11-15,charlevoix_mi/steelhead,charlevoix_mi,steelhead,open_under_reviewed_2026_rules,covered_with_north_pier_hold,private_research_not_published,fall_harbor,6.72,0.675,4.861,2.158,2.834,3.51,4.185,4.861,
2026-12-15,charlevoix_mi/steelhead,charlevoix_mi,steelhead,open_under_reviewed_2026_rules,covered_with_north_pier_hold,private_research_not_published,fall_harbor,6.72,0.356,3.034,1.61,1.966,2.322,2.678,3.034,
2026-01-15,charlevoix_mi/lake_trout,charlevoix_mi,lake_trout,open_under_reviewed_2026_rules,covered_with_north_pier_hold,private_research_not_published,winter_spring_pier,5,0.798,4.192,1.958,2.516,3.075,3.633,4.192,
2026-02-15,charlevoix_mi/lake_trout,charlevoix_mi,lake_trout,open_under_reviewed_2026_rules,covered_with_north_pier_hold,private_research_not_published,winter_spring_pier,5,0.904,4.616,2.085,2.718,3.351,3.984,4.616,
2026-03-15,charlevoix_mi/lake_trout,charlevoix_mi,lake_trout,open_under_reviewed_2026_rules,covered_with_north_pier_hold,private_research_not_published,winter_spring_pier,5,1,5,2.2,2.9,3.6,4.3,5,
2026-04-15,charlevoix_mi/lake_trout,charlevoix_mi,lake_trout,open_under_reviewed_2026_rules,covered_with_north_pier_hold,private_research_not_published,winter_spring_pier,5,0.742,3.967,1.89,2.409,2.928,3.447,3.967,
2026-05-15,charlevoix_mi/lake_trout,charlevoix_mi,lake_trout,open_under_reviewed_2026_rules,covered_with_north_pier_hold,private_research_not_published,winter_spring_pier,5,0.492,2.967,1.59,1.934,2.278,2.622,2.967,
2026-06-15,charlevoix_mi/lake_trout,charlevoix_mi,lake_trout,open_under_reviewed_2026_rules,covered_with_north_pier_hold,private_research_not_published,winter_spring_pier,5,0.073,1.29,1.087,1.138,1.189,1.24,1.29,
2026-07-15,charlevoix_mi/lake_trout,charlevoix_mi,lake_trout,open_under_reviewed_2026_rules,covered_with_north_pier_hold,private_research_not_published,fall_nearshore,4.44,0.082,1.28,1.084,1.133,1.182,1.231,1.28,
2026-08-15,charlevoix_mi/lake_trout,charlevoix_mi,lake_trout,open_under_reviewed_2026_rules,covered_with_north_pier_hold,private_research_not_published,fall_nearshore,4.44,0.166,1.57,1.171,1.271,1.371,1.47,1.57,
2026-09-15,charlevoix_mi/lake_trout,charlevoix_mi,lake_trout,open_under_reviewed_2026_rules,covered_with_north_pier_hold,private_research_not_published,fall_nearshore,4.44,0.25,1.86,1.258,1.409,1.559,1.71,1.86,
2026-10-15,charlevoix_mi/lake_trout,charlevoix_mi,lake_trout,open_under_reviewed_2026_rules,covered_with_north_pier_hold,private_research_not_published,fall_nearshore,4.44,0.652,3.242,1.673,2.065,2.457,2.85,3.242,
2026-11-15,charlevoix_mi/lake_trout,charlevoix_mi,lake_trout,open_under_reviewed_2026_rules,covered_with_north_pier_hold,private_research_not_published,fall_nearshore,4.44,0.941,4.238,1.971,2.538,3.104,3.671,4.238,
2026-12-15,charlevoix_mi/lake_trout,charlevoix_mi,lake_trout,open_under_reviewed_2026_rules,covered_with_north_pier_hold,private_research_not_published,winter_spring_pier,5,0.672,3.688,1.806,2.277,2.747,3.217,3.688,
2026-01-15,charlevoix_mi/walleye,charlevoix_mi,walleye,open_under_reviewed_2026_rules,covered_with_north_pier_hold,private_research_not_published,warm_season_low_light,5.5,0.075,1.337,1.101,1.16,1.219,1.278,1.337,
2026-02-15,charlevoix_mi/walleye,charlevoix_mi,walleye,open_under_reviewed_2026_rules,covered_with_north_pier_hold,private_research_not_published,warm_season_low_light,5.5,0.13,1.586,1.176,1.278,1.381,1.483,1.586,
2026-03-15,charlevoix_mi/walleye,charlevoix_mi,walleye,open_under_reviewed_2026_rules,covered_with_north_pier_hold,private_research_not_published,warm_season_low_light,5.5,0.18,1.81,1.243,1.385,1.526,1.668,1.81,
2026-04-15,charlevoix_mi/walleye,charlevoix_mi,walleye,open_under_reviewed_2026_rules,covered_with_north_pier_hold,private_research_not_published,warm_season_low_light,5.5,0.419,2.885,1.565,1.895,2.225,2.555,2.885,
2026-05-15,charlevoix_mi/walleye,charlevoix_mi,walleye,open_under_reviewed_2026_rules,covered_with_north_pier_hold,private_research_not_published,warm_season_low_light,5.5,0.65,3.925,1.877,2.389,2.901,3.413,3.925,
2026-06-15,charlevoix_mi/walleye,charlevoix_mi,walleye,open_under_reviewed_2026_rules,covered_with_north_pier_hold,private_research_not_published,warm_season_low_light,5.5,0.828,4.725,2.118,2.77,3.422,4.073,4.725,
2026-07-15,charlevoix_mi/walleye,charlevoix_mi,walleye,open_under_reviewed_2026_rules,covered_with_north_pier_hold,private_research_not_published,warm_season_low_light,5.5,1,5.5,2.35,3.137,3.925,4.713,5.5,
2026-08-15,charlevoix_mi/walleye,charlevoix_mi,walleye,open_under_reviewed_2026_rules,covered_with_north_pier_hold,private_research_not_published,warm_season_low_light,5.5,0.825,4.713,2.114,2.763,3.413,4.063,4.713,
2026-09-15,charlevoix_mi/walleye,charlevoix_mi,walleye,open_under_reviewed_2026_rules,covered_with_north_pier_hold,private_research_not_published,warm_season_low_light,5.5,0.65,3.925,1.877,2.389,2.901,3.413,3.925,
2026-10-15,charlevoix_mi/walleye,charlevoix_mi,walleye,open_under_reviewed_2026_rules,covered_with_north_pier_hold,private_research_not_published,warm_season_low_light,5.5,0.389,2.752,1.526,1.832,2.139,2.445,2.752,
2026-11-15,charlevoix_mi/walleye,charlevoix_mi,walleye,open_under_reviewed_2026_rules,covered_with_north_pier_hold,private_research_not_published,warm_season_low_light,5.5,0.12,1.54,1.162,1.256,1.351,1.446,1.54,
2026-12-15,charlevoix_mi/walleye,charlevoix_mi,walleye,open_under_reviewed_2026_rules,covered_with_north_pier_hold,private_research_not_published,warm_season_low_light,5.5,0.074,1.335,1.1,1.159,1.217,1.276,1.335,
2026-01-15,charlevoix_mi/smallmouth_bass,charlevoix_mi,smallmouth_bass,open_catch_and_immediate_release_only,covered_with_north_pier_hold,private_research_not_published,warm_season_channel,8.4,0,1,1,1,1,1,1,
2026-02-15,charlevoix_mi/smallmouth_bass,charlevoix_mi,smallmouth_bass,open_catch_and_immediate_release_only,covered_with_north_pier_hold,private_research_not_published,warm_season_channel,8.4,0,1,1,1,1,1,1,
2026-03-15,charlevoix_mi/smallmouth_bass,charlevoix_mi,smallmouth_bass,open_catch_and_immediate_release_only,covered_with_north_pier_hold,private_research_not_published,warm_season_channel,8.4,0,1,1,1,1,1,1,
2026-04-15,charlevoix_mi/smallmouth_bass,charlevoix_mi,smallmouth_bass,open_catch_and_immediate_release_only,covered_with_north_pier_hold,private_research_not_published,warm_season_channel,8.4,0.108,1.797,1.239,1.379,1.518,1.657,1.797,
2026-05-15,charlevoix_mi/smallmouth_bass,charlevoix_mi,smallmouth_bass,open_catch_and_immediate_release_only,covered_with_north_pier_hold,private_research_not_published,warm_season_channel,8.4,0.363,3.689,1.807,2.277,2.748,3.219,3.689,
2026-06-15,charlevoix_mi/smallmouth_bass,charlevoix_mi,smallmouth_bass,open_under_reviewed_2026_rules,covered_with_north_pier_hold,private_research_not_published,warm_season_channel,8.4,0.757,6.599,2.68,3.659,4.639,5.619,6.599,
2026-07-15,charlevoix_mi/smallmouth_bass,charlevoix_mi,smallmouth_bass,open_under_reviewed_2026_rules,covered_with_north_pier_hold,private_research_not_published,warm_season_channel,8.4,0.97,8.178,3.153,4.41,5.666,6.922,8.178,
2026-08-15,charlevoix_mi/smallmouth_bass,charlevoix_mi,smallmouth_bass,open_under_reviewed_2026_rules,covered_with_north_pier_hold,private_research_not_published,warm_season_channel,8.4,0.883,7.531,2.959,4.102,5.245,6.388,7.531,
2026-09-15,charlevoix_mi/smallmouth_bass,charlevoix_mi,smallmouth_bass,open_under_reviewed_2026_rules,covered_with_north_pier_hold,private_research_not_published,warm_season_channel,8.4,0.743,6.495,2.649,3.61,4.572,5.533,6.495,
2026-10-15,charlevoix_mi/smallmouth_bass,charlevoix_mi,smallmouth_bass,open_under_reviewed_2026_rules,covered_with_north_pier_hold,private_research_not_published,warm_season_channel,8.4,0.313,3.315,1.695,2.1,2.505,2.91,3.315,
2026-11-15,charlevoix_mi/smallmouth_bass,charlevoix_mi,smallmouth_bass,open_under_reviewed_2026_rules,covered_with_north_pier_hold,private_research_not_published,warm_season_channel,8.4,0,1,1,1,1,1,1,
2026-12-15,charlevoix_mi/smallmouth_bass,charlevoix_mi,smallmouth_bass,open_under_reviewed_2026_rules,covered_with_north_pier_hold,private_research_not_published,warm_season_channel,8.4,0,1,1,1,1,1,1,
2026-01-15,charlevoix_mi/freshwater_drum,charlevoix_mi,freshwater_drum,open_under_reviewed_2026_rules,covered_with_north_pier_hold,private_research_not_published,warm_season_channel,5.4,0,1,1,1,1,1,1,
2026-02-15,charlevoix_mi/freshwater_drum,charlevoix_mi,freshwater_drum,open_under_reviewed_2026_rules,covered_with_north_pier_hold,private_research_not_published,warm_season_channel,5.4,0,1,1,1,1,1,1,
2026-03-15,charlevoix_mi/freshwater_drum,charlevoix_mi,freshwater_drum,open_under_reviewed_2026_rules,covered_with_north_pier_hold,private_research_not_published,warm_season_channel,5.4,0,1,1,1,1,1,1,
2026-04-15,charlevoix_mi/freshwater_drum,charlevoix_mi,freshwater_drum,open_under_reviewed_2026_rules,covered_with_north_pier_hold,private_research_not_published,warm_season_channel,5.4,0,1,1,1,1,1,1,
2026-05-15,charlevoix_mi/freshwater_drum,charlevoix_mi,freshwater_drum,open_under_reviewed_2026_rules,covered_with_north_pier_hold,private_research_not_published,warm_season_channel,5.4,0.3,2.32,1.396,1.627,1.858,2.089,2.32,
2026-06-15,charlevoix_mi/freshwater_drum,charlevoix_mi,freshwater_drum,open_under_reviewed_2026_rules,covered_with_north_pier_hold,private_research_not_published,warm_season_channel,5.4,0.652,3.868,1.86,2.362,2.864,3.366,3.868,
2026-07-15,charlevoix_mi/freshwater_drum,charlevoix_mi,freshwater_drum,open_under_reviewed_2026_rules,covered_with_north_pier_hold,private_research_not_published,warm_season_channel,5.4,1,5.4,2.32,3.09,3.86,4.63,5.4,
2026-08-15,charlevoix_mi/freshwater_drum,charlevoix_mi,freshwater_drum,open_under_reviewed_2026_rules,covered_with_north_pier_hold,private_research_not_published,warm_season_channel,5.4,0.871,4.832,2.149,2.82,3.491,4.161,4.832,
2026-09-15,charlevoix_mi/freshwater_drum,charlevoix_mi,freshwater_drum,open_under_reviewed_2026_rules,covered_with_north_pier_hold,private_research_not_published,warm_season_channel,5.4,0.489,3.151,1.645,2.022,2.398,2.775,3.151,
2026-10-15,charlevoix_mi/freshwater_drum,charlevoix_mi,freshwater_drum,open_under_reviewed_2026_rules,covered_with_north_pier_hold,private_research_not_published,warm_season_channel,5.4,0.07,1.308,1.092,1.146,1.2,1.254,1.308,
2026-11-15,charlevoix_mi/freshwater_drum,charlevoix_mi,freshwater_drum,open_under_reviewed_2026_rules,covered_with_north_pier_hold,private_research_not_published,warm_season_channel,5.4,0,1,1,1,1,1,1,
2026-12-15,charlevoix_mi/freshwater_drum,charlevoix_mi,freshwater_drum,open_under_reviewed_2026_rules,covered_with_north_pier_hold,private_research_not_published,warm_season_channel,5.4,0,1,1,1,1,1,1,
2026-01-15,charlevoix_mi/yellow_perch,charlevoix_mi,yellow_perch,open_under_reviewed_2026_rules,covered_with_north_pier_hold,private_research_not_published,summer_pier_schooling,6.5,0.063,1.349,1.105,1.166,1.227,1.288,1.349,
2026-02-15,charlevoix_mi/yellow_perch,charlevoix_mi,yellow_perch,open_under_reviewed_2026_rules,covered_with_north_pier_hold,private_research_not_published,summer_pier_schooling,6.5,0.093,1.512,1.154,1.243,1.333,1.423,1.512,
2026-03-15,charlevoix_mi/yellow_perch,charlevoix_mi,yellow_perch,open_under_reviewed_2026_rules,covered_with_north_pier_hold,private_research_not_published,summer_pier_schooling,6.5,0.12,1.66,1.198,1.313,1.429,1.544,1.66,
2026-04-15,charlevoix_mi/yellow_perch,charlevoix_mi,yellow_perch,open_under_reviewed_2026_rules,covered_with_north_pier_hold,private_research_not_published,summer_pier_schooling,6.5,0.237,2.303,1.391,1.619,1.847,2.075,2.303,
2026-05-15,charlevoix_mi/yellow_perch,charlevoix_mi,yellow_perch,open_under_reviewed_2026_rules,covered_with_north_pier_hold,private_research_not_published,summer_pier_schooling,6.5,0.35,2.925,1.577,1.914,2.251,2.588,2.925,
2026-06-15,charlevoix_mi/yellow_perch,charlevoix_mi,yellow_perch,open_under_reviewed_2026_rules,covered_with_north_pier_hold,private_research_not_published,summer_pier_schooling,6.5,0.655,4.604,2.081,2.712,3.343,3.973,4.604,
2026-07-15,charlevoix_mi/yellow_perch,charlevoix_mi,yellow_perch,open_under_reviewed_2026_rules,covered_with_north_pier_hold,private_research_not_published,summer_pier_schooling,6.5,0.951,6.229,2.569,3.484,4.399,5.314,6.229,
2026-08-15,charlevoix_mi/yellow_perch,charlevoix_mi,yellow_perch,open_under_reviewed_2026_rules,covered_with_north_pier_hold,private_research_not_published,summer_pier_schooling,6.5,0.772,5.246,2.274,3.017,3.76,4.503,5.246,
2026-09-15,charlevoix_mi/yellow_perch,charlevoix_mi,yellow_perch,open_under_reviewed_2026_rules,covered_with_north_pier_hold,private_research_not_published,summer_pier_schooling,6.5,0.5,3.75,1.825,2.306,2.787,3.269,3.75,
2026-10-15,charlevoix_mi/yellow_perch,charlevoix_mi,yellow_perch,open_under_reviewed_2026_rules,covered_with_north_pier_hold,private_research_not_published,summer_pier_schooling,6.5,0.313,2.722,1.517,1.818,2.119,2.421,2.722,
2026-11-15,charlevoix_mi/yellow_perch,charlevoix_mi,yellow_perch,open_under_reviewed_2026_rules,covered_with_north_pier_hold,private_research_not_published,summer_pier_schooling,6.5,0.12,1.66,1.198,1.313,1.429,1.544,1.66,
2026-12-15,charlevoix_mi/yellow_perch,charlevoix_mi,yellow_perch,open_under_reviewed_2026_rules,covered_with_north_pier_hold,private_research_not_published,summer_pier_schooling,6.5,0.074,1.409,1.123,1.194,1.266,1.337,1.409,
2026-01-15,caseville_mi/coho_salmon,caseville_mi,coho_salmon,open_under_reviewed_2026_rules,pointe_park_covered_harbor_hold,private_research_not_published,spring_harbor,5,0.175,1.698,1.209,1.332,1.454,1.576,1.698,
2026-02-15,caseville_mi/coho_salmon,caseville_mi,coho_salmon,open_under_reviewed_2026_rules,pointe_park_covered_harbor_hold,private_research_not_published,spring_harbor,5,0.295,2.182,1.355,1.561,1.768,1.975,2.182,
2026-03-15,caseville_mi/coho_salmon,caseville_mi,coho_salmon,open_under_reviewed_2026_rules,pointe_park_covered_harbor_hold,private_research_not_published,spring_harbor,5,0.515,3.062,1.619,1.979,2.34,2.701,3.062,
2026-04-15,caseville_mi/coho_salmon,caseville_mi,coho_salmon,open_under_reviewed_2026_rules,pointe_park_covered_harbor_hold,private_research_not_published,spring_harbor,5,0.882,4.527,2.058,2.675,3.293,3.91,4.527,
2026-05-15,caseville_mi/coho_salmon,caseville_mi,coho_salmon,open_under_reviewed_2026_rules,pointe_park_covered_harbor_hold,private_research_not_published,spring_harbor,5,0.541,3.162,1.649,2.027,2.405,2.784,3.162,
2026-06-15,caseville_mi/coho_salmon,caseville_mi,coho_salmon,open_under_reviewed_2026_rules,pointe_park_covered_harbor_hold,private_research_not_published,spring_harbor,5,0.08,1.32,1.096,1.152,1.208,1.264,1.32,
2026-07-15,caseville_mi/coho_salmon,caseville_mi,coho_salmon,open_under_reviewed_2026_rules,pointe_park_covered_harbor_hold,private_research_not_published,spring_harbor,5,0.008,1.032,1.009,1.015,1.021,1.026,1.032,
2026-08-15,caseville_mi/coho_salmon,caseville_mi,coho_salmon,open_under_reviewed_2026_rules,pointe_park_covered_harbor_hold,private_research_not_published,spring_harbor,5,0.025,1.101,1.03,1.048,1.066,1.084,1.101,
2026-09-15,caseville_mi/coho_salmon,caseville_mi,coho_salmon,open_under_reviewed_2026_rules,pointe_park_covered_harbor_hold,private_research_not_published,fall_harbor,4.28,0.461,2.513,1.454,1.719,1.983,2.248,2.513,
2026-10-15,caseville_mi/coho_salmon,caseville_mi,coho_salmon,open_under_reviewed_2026_rules,pointe_park_covered_harbor_hold,private_research_not_published,fall_harbor,4.28,0.925,4.034,1.91,2.441,2.972,3.503,4.034,
2026-11-15,caseville_mi/coho_salmon,caseville_mi,coho_salmon,open_under_reviewed_2026_rules,pointe_park_covered_harbor_hold,private_research_not_published,fall_harbor,4.28,0.329,2.079,1.324,1.513,1.701,1.89,2.079,
2026-12-15,caseville_mi/coho_salmon,caseville_mi,coho_salmon,open_under_reviewed_2026_rules,pointe_park_covered_harbor_hold,private_research_not_published,spring_harbor,5,0.104,1.418,1.125,1.198,1.271,1.344,1.418,
2026-01-15,caseville_mi/steelhead,caseville_mi,steelhead,open_under_reviewed_2026_rules,pointe_park_covered_harbor_hold,private_research_not_published,spring_harbor,4.5,0.359,2.258,1.377,1.597,1.817,2.038,2.258,
2026-02-15,caseville_mi/steelhead,caseville_mi,steelhead,open_under_reviewed_2026_rules,pointe_park_covered_harbor_hold,private_research_not_published,spring_harbor,4.5,0.491,2.717,1.515,1.816,2.116,2.417,2.717,
2026-03-15,caseville_mi/steelhead,caseville_mi,steelhead,open_under_reviewed_2026_rules,pointe_park_covered_harbor_hold,private_research_not_published,spring_harbor,4.5,0.665,3.326,1.698,2.105,2.512,2.919,3.326,
2026-04-15,caseville_mi/steelhead,caseville_mi,steelhead,open_under_reviewed_2026_rules,pointe_park_covered_harbor_hold,private_research_not_published,spring_harbor,4.5,0.918,4.214,1.964,2.526,3.089,3.651,4.214,
2026-05-15,caseville_mi/steelhead,caseville_mi,steelhead,open_under_reviewed_2026_rules,pointe_park_covered_harbor_hold,private_research_not_published,spring_harbor,4.5,0.674,3.359,1.708,2.12,2.533,2.946,3.359,
2026-06-15,caseville_mi/steelhead,caseville_mi,steelhead,open_under_reviewed_2026_rules,pointe_park_covered_harbor_hold,private_research_not_published,spring_harbor,4.5,0.19,1.667,1.2,1.317,1.433,1.55,1.667,
2026-07-15,caseville_mi/steelhead,caseville_mi,steelhead,open_under_reviewed_2026_rules,pointe_park_covered_harbor_hold,private_research_not_published,fall_harbor,4.08,0.031,1.096,1.029,1.046,1.062,1.079,1.096,
2026-08-15,caseville_mi/steelhead,caseville_mi,steelhead,open_under_reviewed_2026_rules,pointe_park_covered_harbor_hold,private_research_not_published,spring_harbor,4.5,0.07,1.244,1.073,1.116,1.159,1.201,1.244,
2026-09-15,caseville_mi/steelhead,caseville_mi,steelhead,open_under_reviewed_2026_rules,pointe_park_covered_harbor_hold,private_research_not_published,fall_harbor,4.08,0.461,2.421,1.426,1.675,1.924,2.172,2.421,
2026-10-15,caseville_mi/steelhead,caseville_mi,steelhead,open_under_reviewed_2026_rules,pointe_park_covered_harbor_hold,private_research_not_published,fall_harbor,4.08,0.925,3.849,1.855,2.353,2.852,3.35,3.849,
2026-11-15,caseville_mi/steelhead,caseville_mi,steelhead,open_under_reviewed_2026_rules,pointe_park_covered_harbor_hold,private_research_not_published,fall_harbor,4.08,0.675,3.079,1.624,1.988,2.351,2.715,3.079,
2026-12-15,caseville_mi/steelhead,caseville_mi,steelhead,open_under_reviewed_2026_rules,pointe_park_covered_harbor_hold,private_research_not_published,fall_harbor,4.08,0.356,2.095,1.329,1.52,1.712,1.903,2.095,
2026-01-15,caseville_mi/lake_trout,caseville_mi,lake_trout,open_under_reviewed_2026_rules,pointe_park_covered_harbor_hold,private_research_not_published,spring_coldwater_harbor,4.6,0.397,2.431,1.429,1.68,1.93,2.18,2.431,
2026-02-15,caseville_mi/lake_trout,caseville_mi,lake_trout,open_under_reviewed_2026_rules,pointe_park_covered_harbor_hold,private_research_not_published,spring_coldwater_harbor,4.6,0.503,2.809,1.543,1.859,2.176,2.493,2.809,
2026-03-15,caseville_mi/lake_trout,caseville_mi,lake_trout,open_under_reviewed_2026_rules,pointe_park_covered_harbor_hold,private_research_not_published,spring_coldwater_harbor,4.6,0.676,3.434,1.73,2.156,2.582,3.008,3.434,
2026-04-15,caseville_mi/lake_trout,caseville_mi,lake_trout,open_under_reviewed_2026_rules,pointe_park_covered_harbor_hold,private_research_not_published,spring_coldwater_harbor,4.6,0.955,4.438,2.031,2.633,3.235,3.836,4.438,
2026-05-15,caseville_mi/lake_trout,caseville_mi,lake_trout,open_under_reviewed_2026_rules,pointe_park_covered_harbor_hold,private_research_not_published,spring_coldwater_harbor,4.6,0.464,2.671,1.501,1.794,2.086,2.379,2.671,
2026-06-15,caseville_mi/lake_trout,caseville_mi,lake_trout,open_under_reviewed_2026_rules,pointe_park_covered_harbor_hold,private_research_not_published,spring_coldwater_harbor,4.6,0.048,1.173,1.052,1.082,1.113,1.143,1.173,
2026-07-15,caseville_mi/lake_trout,caseville_mi,lake_trout,open_under_reviewed_2026_rules,pointe_park_covered_harbor_hold,private_research_not_published,spring_coldwater_harbor,4.6,0.041,1.147,1.044,1.07,1.096,1.121,1.147,
2026-08-15,caseville_mi/lake_trout,caseville_mi,lake_trout,open_under_reviewed_2026_rules,pointe_park_covered_harbor_hold,private_research_not_published,spring_coldwater_harbor,4.6,0.092,1.329,1.099,1.156,1.214,1.272,1.329,
2026-09-15,caseville_mi/lake_trout,caseville_mi,lake_trout,open_under_reviewed_2026_rules,pointe_park_covered_harbor_hold,private_research_not_published,spring_coldwater_harbor,4.6,0.142,1.512,1.154,1.243,1.333,1.422,1.512,
2026-10-15,caseville_mi/lake_trout,caseville_mi,lake_trout,open_under_reviewed_2026_rules,pointe_park_covered_harbor_hold,private_research_not_published,spring_coldwater_harbor,4.6,0.191,1.688,1.206,1.327,1.447,1.568,1.688,
2026-11-15,caseville_mi/lake_trout,caseville_mi,lake_trout,open_under_reviewed_2026_rules,pointe_park_covered_harbor_hold,private_research_not_published,spring_coldwater_harbor,4.6,0.242,1.871,1.261,1.414,1.566,1.718,1.871,
2026-12-15,caseville_mi/lake_trout,caseville_mi,lake_trout,open_under_reviewed_2026_rules,pointe_park_covered_harbor_hold,private_research_not_published,spring_coldwater_harbor,4.6,0.311,2.12,1.336,1.532,1.728,1.924,2.12,
2026-01-15,caseville_mi/walleye,caseville_mi,walleye,open_under_reviewed_2026_rules,pointe_park_covered_harbor_hold,private_research_not_published,warm_season_low_light,6.2,0.075,1.39,1.117,1.185,1.253,1.321,1.39,
2026-02-15,caseville_mi/walleye,caseville_mi,walleye,open_under_reviewed_2026_rules,pointe_park_covered_harbor_hold,private_research_not_published,warm_season_low_light,6.2,0.13,1.677,1.203,1.321,1.44,1.558,1.677,
2026-03-15,caseville_mi/walleye,caseville_mi,walleye,open_under_reviewed_2026_rules,pointe_park_covered_harbor_hold,private_research_not_published,warm_season_low_light,6.2,0.18,1.936,1.281,1.445,1.608,1.772,1.936,
2026-04-15,caseville_mi/walleye,caseville_mi,walleye,open_under_reviewed_2026_rules,pointe_park_covered_harbor_hold,private_research_not_published,warm_season_low_light,6.2,0.419,3.178,1.653,2.035,2.416,2.797,3.178,
2026-05-15,caseville_mi/walleye,caseville_mi,walleye,open_under_reviewed_2026_rules,pointe_park_covered_harbor_hold,private_research_not_published,warm_season_low_light,6.2,0.65,4.38,2.014,2.606,3.197,3.789,4.38,
2026-06-15,caseville_mi/walleye,caseville_mi,walleye,open_under_reviewed_2026_rules,pointe_park_covered_harbor_hold,private_research_not_published,warm_season_low_light,6.2,0.828,5.305,2.291,3.045,3.798,4.552,5.305,
2026-07-15,caseville_mi/walleye,caseville_mi,walleye,open_under_reviewed_2026_rules,pointe_park_covered_harbor_hold,private_research_not_published,warm_season_low_light,6.2,1,6.2,2.56,3.47,4.38,5.29,6.2,
2026-08-15,caseville_mi/walleye,caseville_mi,walleye,open_under_reviewed_2026_rules,pointe_park_covered_harbor_hold,private_research_not_published,warm_season_low_light,6.2,0.825,5.29,2.287,3.038,3.788,4.539,5.29,
2026-09-15,caseville_mi/walleye,caseville_mi,walleye,open_under_reviewed_2026_rules,pointe_park_covered_harbor_hold,private_research_not_published,warm_season_low_light,6.2,0.65,4.38,2.014,2.606,3.197,3.789,4.38,
2026-10-15,caseville_mi/walleye,caseville_mi,walleye,open_under_reviewed_2026_rules,pointe_park_covered_harbor_hold,private_research_not_published,warm_season_low_light,6.2,0.389,3.025,1.607,1.962,2.316,2.67,3.025,
2026-11-15,caseville_mi/walleye,caseville_mi,walleye,open_under_reviewed_2026_rules,pointe_park_covered_harbor_hold,private_research_not_published,warm_season_low_light,6.2,0.12,1.624,1.187,1.296,1.406,1.515,1.624,
2026-12-15,caseville_mi/walleye,caseville_mi,walleye,open_under_reviewed_2026_rules,pointe_park_covered_harbor_hold,private_research_not_published,warm_season_low_light,6.2,0.074,1.387,1.116,1.184,1.251,1.319,1.387,
2026-01-15,caseville_mi/smallmouth_bass,caseville_mi,smallmouth_bass,open_catch_and_immediate_release_only,pointe_park_covered_harbor_hold,private_research_not_published,warm_season_channel,5.5,0,1,1,1,1,1,1,
2026-02-15,caseville_mi/smallmouth_bass,caseville_mi,smallmouth_bass,open_catch_and_immediate_release_only,pointe_park_covered_harbor_hold,private_research_not_published,warm_season_channel,5.5,0,1,1,1,1,1,1,
2026-03-15,caseville_mi/smallmouth_bass,caseville_mi,smallmouth_bass,open_catch_and_immediate_release_only,pointe_park_covered_harbor_hold,private_research_not_published,warm_season_channel,5.5,0,1,1,1,1,1,1,
2026-04-15,caseville_mi/smallmouth_bass,caseville_mi,smallmouth_bass,open_catch_and_immediate_release_only,pointe_park_covered_harbor_hold,private_research_not_published,warm_season_channel,5.5,0.108,1.485,1.145,1.23,1.315,1.4,1.485,
2026-05-15,caseville_mi/smallmouth_bass,caseville_mi,smallmouth_bass,open_catch_and_immediate_release_only,pointe_park_covered_harbor_hold,private_research_not_published,warm_season_channel,5.5,0.363,2.635,1.491,1.777,2.063,2.349,2.635,
2026-06-15,caseville_mi/smallmouth_bass,caseville_mi,smallmouth_bass,open_under_reviewed_2026_rules,pointe_park_covered_harbor_hold,private_research_not_published,warm_season_channel,5.5,0.757,4.405,2.021,2.617,3.213,3.809,4.405,
2026-07-15,caseville_mi/smallmouth_bass,caseville_mi,smallmouth_bass,open_under_reviewed_2026_rules,pointe_park_covered_harbor_hold,private_research_not_published,warm_season_channel,5.5,0.97,5.365,2.309,3.073,3.837,4.601,5.365,
2026-08-15,caseville_mi/smallmouth_bass,caseville_mi,smallmouth_bass,open_under_reviewed_2026_rules,pointe_park_covered_harbor_hold,private_research_not_published,warm_season_channel,5.5,0.883,4.972,2.191,2.887,3.582,4.277,4.972,
2026-09-15,caseville_mi/smallmouth_bass,caseville_mi,smallmouth_bass,open_under_reviewed_2026_rules,pointe_park_covered_harbor_hold,private_research_not_published,warm_season_channel,5.5,0.743,4.342,2.002,2.587,3.172,3.757,4.342,
2026-10-15,caseville_mi/smallmouth_bass,caseville_mi,smallmouth_bass,open_under_reviewed_2026_rules,pointe_park_covered_harbor_hold,private_research_not_published,warm_season_channel,5.5,0.313,2.408,1.422,1.669,1.915,2.161,2.408,
2026-11-15,caseville_mi/smallmouth_bass,caseville_mi,smallmouth_bass,open_under_reviewed_2026_rules,pointe_park_covered_harbor_hold,private_research_not_published,warm_season_channel,5.5,0,1,1,1,1,1,1,
2026-12-15,caseville_mi/smallmouth_bass,caseville_mi,smallmouth_bass,open_under_reviewed_2026_rules,pointe_park_covered_harbor_hold,private_research_not_published,warm_season_channel,5.5,0,1,1,1,1,1,1,
