city_id,species_id,month,month_name,monthly_seasonal_ceiling,long_surveyed_years,long_hours,long_cpue_per_1000h,long_positive_year_share,modern_surveyed_years,modern_hours,modern_cpue_per_1000h,modern_positive_year_share,recent_surveyed_years,recent_hours,recent_cpue_per_1000h,recent_positive_year_share,evidence_guide_score,aggregate_support
ludington_mi,chinook_salmon,4,April,1.55,25,26407,0.568,0.040,10,6840,0.000,0.000,4,1553,0.000,0.000,1.26,supported_or_below_good
ludington_mi,chinook_salmon,5,May,3.47,25,8578,8.160,0.160,10,2293,18.753,0.200,4,753,0.000,0.000,4.67,supported_or_below_good
ludington_mi,chinook_salmon,6,June,4.18,25,14784,10.349,0.120,9,4058,17.989,0.111,3,792,0.000,0.000,4.60,supported_or_below_good
ludington_mi,chinook_salmon,7,July,3.17,26,37767,9.982,0.115,10,13295,5.265,0.100,4,3463,0.000,0.000,3.72,supported_or_below_good
ludington_mi,chinook_salmon,8,August,6.13,26,50500,61.505,0.615,10,13188,19.639,0.500,4,3653,19.436,0.500,6.54,supported_or_below_good
ludington_mi,chinook_salmon,9,September,6.11,26,40405,57.567,0.615,10,13213,28.684,0.600,4,2463,0.000,0.000,6.81,supported_or_below_good
ludington_mi,chinook_salmon,10,October,2.06,26,43933,1.024,0.154,10,12000,0.000,0.000,4,2210,0.000,0.000,1.44,supported_or_below_good
ludington_mi,coho_salmon,4,April,2.76,25,26407,0.000,0.000,10,6840,0.000,0.000,4,1553,0.000,0.000,1.00,supported_or_below_good
ludington_mi,coho_salmon,5,May,2.37,25,8578,0.466,0.040,10,2293,1.744,0.100,4,753,5.312,0.250,2.03,supported_or_below_good
ludington_mi,coho_salmon,6,June,1.81,25,14784,0.000,0.000,9,4058,0.000,0.000,3,792,0.000,0.000,1.00,supported_or_below_good
ludington_mi,coho_salmon,7,July,1.87,26,37767,1.456,0.077,10,13295,2.031,0.100,4,3463,0.000,0.000,2.33,supported_or_below_good
ludington_mi,coho_salmon,8,August,2.72,26,50500,1.881,0.154,10,13188,0.000,0.000,4,3653,0.000,0.000,1.71,supported_or_below_good
ludington_mi,coho_salmon,9,September,4.33,26,40405,7.400,0.500,10,13213,5.752,0.400,4,2463,4.060,0.250,3.95,supported_or_below_good
ludington_mi,coho_salmon,10,October,5.35,26,43933,4.370,0.346,10,12000,11.333,0.300,4,2210,0.000,0.000,4.18,supported_or_below_good
ludington_mi,steelhead,4,April,5.12,25,26407,12.232,0.560,10,6840,19.444,0.500,4,1553,12.878,0.250,5.35,supported_or_below_good
ludington_mi,steelhead,5,May,3.23,25,8578,0.816,0.040,10,2293,3.053,0.100,4,753,0.000,0.000,2.47,supported_or_below_good
ludington_mi,steelhead,6,June,2.75,25,14784,3.788,0.080,9,4058,3.943,0.111,3,792,0.000,0.000,3.05,supported_or_below_good
ludington_mi,steelhead,7,July,2.14,26,37767,0.477,0.038,10,13295,1.354,0.100,4,3463,0.000,0.000,1.89,supported_or_below_good
ludington_mi,steelhead,8,August,1.78,26,50500,0.000,0.000,10,13188,0.000,0.000,4,3653,0.000,0.000,1.00,supported_or_below_good
ludington_mi,steelhead,9,September,3.03,26,40405,0.544,0.077,10,13213,0.833,0.100,4,2463,0.000,0.000,1.70,supported_or_below_good
ludington_mi,steelhead,10,October,6.85,26,43933,87.838,0.769,10,12000,42.750,0.500,4,2210,20.362,0.250,7.45,supported_or_below_good
ludington_mi,brown_trout,4,April,7.34,25,26407,50.631,0.720,10,6840,62.865,0.600,4,1553,25.113,0.500,7.46,supported_or_below_good
ludington_mi,brown_trout,5,May,5.84,25,8578,27.396,0.400,10,2293,26.603,0.500,4,753,6.640,0.500,5.94,supported_or_below_good
ludington_mi,brown_trout,6,June,3.78,25,14784,5.614,0.120,9,4058,19.221,0.222,3,792,0.000,0.000,4.60,supported_or_below_good
ludington_mi,brown_trout,7,July,2.38,26,37767,2.065,0.077,10,13295,5.867,0.200,4,3463,6.064,0.250,3.21,supported_or_below_good
ludington_mi,brown_trout,8,August,1.40,26,50500,9.030,0.077,10,13188,2.047,0.100,4,3653,0.000,0.000,3.27,supported_or_below_good
ludington_mi,brown_trout,9,September,1.72,26,40405,5.593,0.115,10,13213,0.681,0.100,4,2463,0.000,0.000,2.68,supported_or_below_good
ludington_mi,brown_trout,10,October,2.22,26,43933,6.464,0.346,10,12000,1.750,0.200,4,2210,1.810,0.250,3.11,supported_or_below_good
grand_haven_mi,chinook_salmon,4,April,3.11,25,111983,1.590,0.200,10,19624,1.325,0.100,4,7703,3.375,0.250,2.17,supported_or_below_good
grand_haven_mi,chinook_salmon,5,May,3.44,25,72963,11.321,0.360,10,26035,11.446,0.500,4,8697,2.185,0.250,4.72,supported_or_below_good
grand_haven_mi,chinook_salmon,6,June,2.02,25,166669,0.084,0.040,10,79411,0.000,0.000,4,28220,0.000,0.000,1.04,supported_or_below_good
grand_haven_mi,chinook_salmon,7,July,3.09,25,187294,9.525,0.320,10,68890,1.756,0.200,4,21090,0.000,0.000,3.43,supported_or_below_good
grand_haven_mi,chinook_salmon,8,August,5.47,25,160437,9.412,0.480,10,52977,4.587,0.300,4,12995,0.000,0.000,3.90,supported_or_below_good
grand_haven_mi,chinook_salmon,9,September,6.76,25,164016,30.552,0.920,10,42111,12.325,0.900,4,11196,8.485,0.750,6.22,supported_or_below_good
grand_haven_mi,chinook_salmon,10,October,3.50,25,78220,5.779,0.440,10,15062,8.764,0.200,4,4911,3.462,0.250,4.00,supported_or_below_good
grand_haven_mi,chinook_salmon,11,November,2.06,3,8028,0.000,0.000,2,5310,0.000,0.000,2,5310,0.000,0.000,1.00,supported_or_below_good
grand_haven_mi,chinook_salmon,12,December,1.12,1,26,0.000,0.000,1,26,0.000,0.000,1,26,0.000,0.000,1.00,supported_or_below_good
grand_haven_mi,coho_salmon,4,April,6.03,25,111983,4.054,0.440,10,19624,9.274,0.500,4,7703,13.631,0.750,4.14,supported_or_below_good
grand_haven_mi,coho_salmon,5,May,5.35,25,72963,10.923,0.320,10,26035,29.537,0.700,4,8697,61.515,0.750,5.81,supported_or_below_good
grand_haven_mi,coho_salmon,6,June,2.00,25,166669,0.468,0.080,10,79411,0.982,0.200,4,28220,0.000,0.000,1.76,supported_or_below_good
grand_haven_mi,coho_salmon,7,July,1.93,25,187294,5.478,0.240,10,68890,5.458,0.200,4,21090,0.000,0.000,3.53,supported_or_below_good
grand_haven_mi,coho_salmon,8,August,4.48,25,160437,7.554,0.440,10,52977,15.686,0.600,4,12995,2.770,0.250,4.96,supported_or_below_good
grand_haven_mi,coho_salmon,9,September,8.05,25,164016,54.117,0.920,10,42111,58.536,1.000,4,11196,44.659,1.000,8.12,supported_or_below_good
grand_haven_mi,coho_salmon,10,October,6.63,25,78220,6.980,0.480,10,15062,24.167,0.500,4,4911,13.643,0.500,5.37,supported_or_below_good
grand_haven_mi,coho_salmon,11,November,3.47,3,8028,0.000,0.000,2,5310,0.000,0.000,2,5310,0.000,0.000,1.00,supported_or_below_good
grand_haven_mi,coho_salmon,12,December,3.20,1,26,0.000,0.000,1,26,0.000,0.000,1,26,0.000,0.000,1.00,supported_or_below_good
grand_haven_mi,steelhead,4,April,6.05,25,111983,10.252,0.640,10,19624,35.008,0.600,4,7703,3.505,0.500,6.12,supported_or_below_good
grand_haven_mi,steelhead,5,May,5.75,25,72963,5.263,0.280,10,26035,12.176,0.500,4,8697,16.902,0.500,4.42,supported_or_below_good
grand_haven_mi,steelhead,6,June,8.40,25,166669,52.829,0.600,10,79411,96.712,0.900,4,28220,69.313,1.000,8.26,supported_or_below_good
grand_haven_mi,steelhead,7,July,8.58,25,187294,40.434,0.720,10,68890,78.691,0.900,4,21090,32.006,0.750,8.00,supported_or_below_good
grand_haven_mi,steelhead,8,August,6.42,25,160437,22.744,0.480,10,52977,62.537,0.500,4,12995,5.925,0.250,6.80,supported_or_below_good
grand_haven_mi,steelhead,9,September,4.21,25,164016,3.213,0.640,10,42111,3.253,0.500,4,11196,1.965,0.500,3.22,supported_or_below_good
grand_haven_mi,steelhead,10,October,6.87,25,78220,61.417,0.880,10,15062,67.654,0.900,4,4911,106.292,1.000,8.19,supported_or_below_good
grand_haven_mi,steelhead,11,November,7.03,3,8028,26.408,0.667,2,5310,14.689,0.500,2,5310,14.689,0.500,5.65,supported_or_below_good
grand_haven_mi,steelhead,12,December,4.94,1,26,38.462,1.000,1,26,38.462,1.000,1,26,38.462,1.000,7.51,supported_or_below_good
grand_haven_mi,brown_trout,4,April,7.17,25,111983,43.685,0.960,10,19624,39.340,0.900,4,7703,32.715,1.000,7.48,supported_or_below_good
grand_haven_mi,brown_trout,5,May,5.37,25,72963,24.930,0.600,10,26035,13.443,0.700,4,8697,7.014,0.500,5.69,supported_or_below_good
grand_haven_mi,brown_trout,6,June,2.74,25,166669,1.704,0.200,10,79411,0.340,0.200,4,28220,0.354,0.250,1.85,supported_or_below_good
grand_haven_mi,brown_trout,7,July,1.74,25,187294,0.892,0.120,10,68890,0.000,0.000,4,21090,0.000,0.000,1.39,supported_or_below_good
grand_haven_mi,brown_trout,8,August,1.16,25,160437,0.280,0.040,10,52977,0.000,0.000,4,12995,0.000,0.000,1.13,supported_or_below_good
grand_haven_mi,brown_trout,9,September,1.57,25,164016,0.988,0.240,10,42111,0.736,0.300,4,11196,0.268,0.250,1.84,supported_or_below_good
grand_haven_mi,brown_trout,10,October,2.14,25,78220,1.943,0.240,10,15062,2.656,0.200,4,4911,0.000,0.000,2.65,supported_or_below_good
grand_haven_mi,brown_trout,11,November,2.86,3,8028,0.000,0.000,2,5310,0.000,0.000,2,5310,0.000,0.000,1.00,supported_or_below_good
grand_haven_mi,brown_trout,12,December,3.62,1,26,0.000,0.000,1,26,0.000,0.000,1,26,0.000,0.000,1.00,supported_or_below_good
manistee_mi,chinook_salmon,4,April,1.43,25,78102,0.205,0.080,10,15020,0.000,0.000,4,3549,0.000,0.000,1.10,supported_or_below_good
manistee_mi,chinook_salmon,5,May,3.60,26,38895,16.352,0.269,10,14390,3.753,0.200,4,4930,0.000,0.000,4.11,supported_or_below_good
manistee_mi,chinook_salmon,6,June,5.33,26,27349,20.476,0.423,10,10001,12.299,0.500,4,2715,17.680,0.750,5.18,supported_or_below_good
manistee_mi,chinook_salmon,7,July,4.10,26,38193,17.752,0.269,10,10683,10.484,0.200,4,2670,0.000,0.000,4.63,supported_or_below_good
manistee_mi,chinook_salmon,8,August,7.51,26,65785,76.005,0.731,10,16990,28.311,0.700,4,3751,66.649,0.750,7.28,supported_or_below_good
manistee_mi,chinook_salmon,9,September,7.31,26,57485,39.175,0.885,10,15209,31.955,0.700,4,4418,20.824,0.500,6.91,supported_or_below_good
manistee_mi,chinook_salmon,10,October,5.12,26,65691,9.073,0.346,10,13265,40.256,0.400,4,3194,23.482,0.250,5.84,supported_or_below_good
manistee_mi,coho_salmon,4,April,3.53,25,78102,0.154,0.080,10,15020,0.200,0.100,4,3549,0.845,0.250,1.21,supported_or_below_good
manistee_mi,coho_salmon,5,May,3.51,26,38895,3.805,0.115,10,14390,9.659,0.200,4,4930,0.000,0.000,3.82,supported_or_below_good
manistee_mi,coho_salmon,6,June,2.52,26,27349,0.000,0.000,10,10001,0.000,0.000,4,2715,0.000,0.000,1.00,supported_or_below_good
manistee_mi,coho_salmon,7,July,2.13,26,38193,1.388,0.077,10,10683,1.685,0.100,4,2670,6.742,0.250,2.21,supported_or_below_good
manistee_mi,coho_salmon,8,August,3.65,26,65785,6.384,0.192,10,16990,3.590,0.200,4,3751,0.000,0.000,3.34,supported_or_below_good
manistee_mi,coho_salmon,9,September,6.78,26,57485,7.863,0.538,10,15209,17.424,0.500,4,4418,36.895,0.250,5.06,supported_or_below_good
manistee_mi,coho_salmon,10,October,7.45,26,65691,12.300,0.731,10,13265,44.779,0.800,4,3194,87.664,1.000,6.76,supported_or_below_good
manistee_mi,steelhead,4,April,6.02,25,78102,12.945,0.760,10,15020,25.233,0.700,4,3549,4.227,0.500,5.97,supported_or_below_good
manistee_mi,steelhead,5,May,4.23,26,38895,5.836,0.538,10,14390,5.907,0.500,4,4930,2.231,0.250,3.92,supported_or_below_good
manistee_mi,steelhead,6,June,4.60,26,27349,11.298,0.462,10,10001,17.798,0.700,4,2715,5.157,0.500,5.35,supported_or_below_good
manistee_mi,steelhead,7,July,3.46,26,38193,12.646,0.192,10,10683,9.267,0.100,4,2670,0.000,0.000,4.22,supported_or_below_good
manistee_mi,steelhead,8,August,3.13,26,65785,0.669,0.038,10,16990,0.000,0.000,4,3751,0.000,0.000,1.30,supported_or_below_good
manistee_mi,steelhead,9,September,5.78,26,57485,3.914,0.346,10,15209,3.682,0.300,4,4418,0.000,0.000,3.20,supported_or_below_good
manistee_mi,steelhead,10,October,9.05,26,65691,112.451,1.000,10,13265,159.819,1.000,4,3194,147.464,1.000,9.50,supported_or_below_good
manistee_mi,brown_trout,4,April,7.95,25,78102,56.465,1.000,10,15020,46.138,1.000,4,3549,22.542,1.000,7.98,supported_or_below_good
manistee_mi,brown_trout,5,May,6.38,26,38895,66.410,0.885,10,14390,21.751,0.800,4,4930,6.491,0.750,7.24,supported_or_below_good
manistee_mi,brown_trout,6,June,4.46,26,27349,81.977,0.577,10,10001,87.491,0.400,4,2715,0.000,0.000,7.65,supported_or_below_good
manistee_mi,brown_trout,7,July,2.71,26,38193,6.205,0.192,10,10683,13.292,0.200,4,2670,0.000,0.000,4.28,supported_or_below_good
manistee_mi,brown_trout,8,August,1.29,26,65785,0.000,0.000,10,16990,0.000,0.000,4,3751,0.000,0.000,1.00,supported_or_below_good
manistee_mi,brown_trout,9,September,1.67,26,57485,1.096,0.154,10,15209,0.789,0.100,4,4418,0.000,0.000,1.85,supported_or_below_good
manistee_mi,brown_trout,10,October,2.34,26,65691,1.796,0.346,10,13265,2.639,0.300,4,3194,0.000,0.000,2.68,supported_or_below_good
frankfort_elberta_mi,chinook_salmon,4,April,1.36,25,45745,0.437,0.080,10,7298,0.274,0.100,4,3656,0.000,0.000,1.38,supported_or_below_good
frankfort_elberta_mi,chinook_salmon,5,May,2.52,22,16269,3.012,0.227,8,2494,10.024,0.250,2,196,0.000,0.000,3.88,supported_or_below_good
frankfort_elberta_mi,chinook_salmon,6,June,3.87,23,20393,2.305,0.174,8,3808,0.000,0.000,2,614,0.000,0.000,1.83,supported_or_below_good
frankfort_elberta_mi,chinook_salmon,7,July,5.77,25,24672,32.466,0.360,10,2178,31.221,0.400,4,695,76.259,0.500,6.04,supported_or_below_good
frankfort_elberta_mi,chinook_salmon,8,August,9.01,26,51294,108.999,0.692,10,11036,68.322,0.700,4,2033,56.567,0.500,8.17,supported_or_below_good
frankfort_elberta_mi,chinook_salmon,9,September,8.30,26,56126,92.898,0.923,10,14578,58.033,0.800,4,3014,33.842,0.750,8.26,supported_or_below_good
frankfort_elberta_mi,chinook_salmon,10,October,2.92,26,71508,3.119,0.308,10,17262,1.332,0.100,4,7651,3.006,0.250,2.49,supported_or_below_good
frankfort_elberta_mi,coho_salmon,4,April,2.64,25,45745,0.743,0.120,10,7298,0.685,0.100,4,3656,1.368,0.250,1.70,supported_or_below_good
frankfort_elberta_mi,coho_salmon,5,May,2.29,22,16269,0.000,0.000,8,2494,0.000,0.000,2,196,0.000,0.000,1.00,supported_or_below_good
frankfort_elberta_mi,coho_salmon,6,June,2.14,23,20393,0.343,0.043,8,3808,0.000,0.000,2,614,0.000,0.000,1.16,supported_or_below_good
frankfort_elberta_mi,coho_salmon,7,July,4.00,25,24672,1.094,0.040,10,2178,0.000,0.000,4,695,0.000,0.000,1.45,supported_or_below_good
frankfort_elberta_mi,coho_salmon,8,August,6.23,26,51294,13.159,0.462,10,11036,25.643,0.500,4,2033,34.924,0.500,5.61,supported_or_below_good
frankfort_elberta_mi,coho_salmon,9,September,8.04,26,56126,35.064,0.731,10,14578,53.780,0.900,4,3014,80.292,0.750,7.49,supported_or_below_good
frankfort_elberta_mi,coho_salmon,10,October,6.43,26,71508,7.272,0.731,10,17262,15.294,0.800,4,7651,19.344,1.000,5.25,supported_or_below_good
frankfort_elberta_mi,steelhead,4,April,6.04,25,45745,18.363,0.760,10,7298,26.446,0.800,4,3656,11.488,0.750,6.28,supported_or_below_good
frankfort_elberta_mi,steelhead,5,May,4.59,22,16269,13.769,0.455,8,2494,13.633,0.375,2,196,0.000,0.000,4.91,supported_or_below_good
frankfort_elberta_mi,steelhead,6,June,4.62,23,20393,19.517,0.304,8,3808,11.817,0.125,2,614,0.000,0.000,4.72,supported_or_below_good
frankfort_elberta_mi,steelhead,7,July,5.02,25,24672,13.659,0.360,10,2178,39.945,0.400,4,695,31.655,0.500,5.93,supported_or_below_good
frankfort_elberta_mi,steelhead,8,August,4.39,26,51294,1.911,0.115,10,11036,2.628,0.100,4,2033,14.265,0.250,2.56,supported_or_below_good
frankfort_elberta_mi,steelhead,9,September,4.10,26,56126,13.933,0.308,10,14578,2.881,0.300,4,3014,1.659,0.250,3.97,supported_or_below_good
frankfort_elberta_mi,steelhead,10,October,8.43,26,71508,90.521,1.000,10,17262,92.226,1.000,4,7651,88.485,1.000,9.02,supported_or_below_good
frankfort_elberta_mi,brown_trout,4,April,7.33,25,45745,61.908,0.800,10,7298,31.104,0.600,4,3656,18.053,0.500,7.08,supported_or_below_good
frankfort_elberta_mi,brown_trout,5,May,6.62,22,16269,83.902,0.636,8,2494,30.874,0.375,2,196,0.000,0.000,6.94,supported_or_below_good
frankfort_elberta_mi,brown_trout,6,June,5.02,23,20393,94.885,0.522,8,3808,16.544,0.250,2,614,0.000,0.000,6.57,supported_or_below_good
frankfort_elberta_mi,brown_trout,7,July,3.64,25,24672,20.671,0.280,10,2178,8.264,0.200,4,695,0.000,0.000,4.62,supported_or_below_good
frankfort_elberta_mi,brown_trout,8,August,2.12,26,51294,10.157,0.346,10,11036,2.356,0.300,4,2033,0.000,0.000,3.63,supported_or_below_good
frankfort_elberta_mi,brown_trout,9,September,1.79,26,56126,5.505,0.192,10,14578,8.986,0.200,4,3014,0.000,0.000,3.89,supported_or_below_good
frankfort_elberta_mi,brown_trout,10,October,2.73,26,71508,2.070,0.192,10,17262,0.000,0.000,4,7651,0.000,0.000,1.77,supported_or_below_good
