city_id,species_id,month,month_name,long_1997_2022_surveyed_years,long_1997_2022_hours,long_1997_2022_catch,long_1997_2022_catch_per_1000h,long_1997_2022_positive_year_share,modern_2012_2022_ex_2020_surveyed_years,modern_2012_2022_ex_2020_hours,modern_2012_2022_ex_2020_catch,modern_2012_2022_ex_2020_catch_per_1000h,modern_2012_2022_ex_2020_positive_year_share,recent_2018_2022_ex_2020_surveyed_years,recent_2018_2022_ex_2020_hours,recent_2018_2022_ex_2020_catch,recent_2018_2022_ex_2020_catch_per_1000h,recent_2018_2022_ex_2020_positive_year_share,nonbinding_evidence_guide_score
ludington_mi,chinook_salmon,4,April,25,26407,15,0.568,0.040,10,6840,0,0.000,0.000,4,1553,0,0.000,0.000,1.26
ludington_mi,chinook_salmon,5,May,25,8578,70,8.160,0.160,10,2293,43,18.753,0.200,4,753,0,0.000,0.000,4.67
ludington_mi,chinook_salmon,6,June,25,14784,153,10.349,0.120,9,4058,73,17.989,0.111,3,792,0,0.000,0.000,4.60
ludington_mi,chinook_salmon,7,July,26,37767,377,9.982,0.115,10,13295,70,5.265,0.100,4,3463,0,0.000,0.000,3.72
ludington_mi,chinook_salmon,8,August,26,50500,3106,61.505,0.615,10,13188,259,19.639,0.500,4,3653,71,19.436,0.500,6.54
ludington_mi,chinook_salmon,9,September,26,40405,2326,57.567,0.615,10,13213,379,28.684,0.600,4,2463,0,0.000,0.000,6.81
ludington_mi,chinook_salmon,10,October,26,43933,45,1.024,0.154,10,12000,0,0.000,0.000,4,2210,0,0.000,0.000,1.44
ludington_mi,coho_salmon,4,April,25,26407,0,0.000,0.000,10,6840,0,0.000,0.000,4,1553,0,0.000,0.000,1.00
ludington_mi,coho_salmon,5,May,25,8578,4,0.466,0.040,10,2293,4,1.744,0.100,4,753,4,5.312,0.250,2.03
ludington_mi,coho_salmon,6,June,25,14784,0,0.000,0.000,9,4058,0,0.000,0.000,3,792,0,0.000,0.000,1.00
ludington_mi,coho_salmon,7,July,26,37767,55,1.456,0.077,10,13295,27,2.031,0.100,4,3463,0,0.000,0.000,2.33
ludington_mi,coho_salmon,8,August,26,50500,95,1.881,0.154,10,13188,0,0.000,0.000,4,3653,0,0.000,0.000,1.71
ludington_mi,coho_salmon,9,September,26,40405,299,7.400,0.500,10,13213,76,5.752,0.400,4,2463,10,4.060,0.250,3.95
ludington_mi,coho_salmon,10,October,26,43933,192,4.370,0.346,10,12000,136,11.333,0.300,4,2210,0,0.000,0.000,4.18
ludington_mi,steelhead,4,April,25,26407,323,12.232,0.560,10,6840,133,19.444,0.500,4,1553,20,12.878,0.250,5.35
ludington_mi,steelhead,5,May,25,8578,7,0.816,0.040,10,2293,7,3.053,0.100,4,753,0,0.000,0.000,2.47
ludington_mi,steelhead,6,June,25,14784,56,3.788,0.080,9,4058,16,3.943,0.111,3,792,0,0.000,0.000,3.05
ludington_mi,steelhead,7,July,26,37767,18,0.477,0.038,10,13295,18,1.354,0.100,4,3463,0,0.000,0.000,1.89
ludington_mi,steelhead,8,August,26,50500,0,0.000,0.000,10,13188,0,0.000,0.000,4,3653,0,0.000,0.000,1.00
ludington_mi,steelhead,9,September,26,40405,22,0.544,0.077,10,13213,11,0.833,0.100,4,2463,0,0.000,0.000,1.70
ludington_mi,steelhead,10,October,26,43933,3859,87.838,0.769,10,12000,513,42.750,0.500,4,2210,45,20.362,0.250,7.45
ludington_mi,brown_trout,4,April,25,26407,1337,50.631,0.720,10,6840,430,62.865,0.600,4,1553,39,25.113,0.500,7.46
ludington_mi,brown_trout,5,May,25,8578,235,27.396,0.400,10,2293,61,26.603,0.500,4,753,5,6.640,0.500,5.94
ludington_mi,brown_trout,6,June,25,14784,83,5.614,0.120,9,4058,78,19.221,0.222,3,792,0,0.000,0.000,4.60
ludington_mi,brown_trout,7,July,26,37767,78,2.065,0.077,10,13295,78,5.867,0.200,4,3463,21,6.064,0.250,3.21
ludington_mi,brown_trout,8,August,26,50500,456,9.030,0.077,10,13188,27,2.047,0.100,4,3653,0,0.000,0.000,3.27
ludington_mi,brown_trout,9,September,26,40405,226,5.593,0.115,10,13213,9,0.681,0.100,4,2463,0,0.000,0.000,2.68
ludington_mi,brown_trout,10,October,26,43933,284,6.464,0.346,10,12000,21,1.750,0.200,4,2210,4,1.810,0.250,3.11
grand_haven_mi,chinook_salmon,4,April,25,111983,178,1.590,0.200,10,19624,26,1.325,0.100,4,7703,26,3.375,0.250,2.17
grand_haven_mi,chinook_salmon,5,May,25,72963,826,11.321,0.360,10,26035,298,11.446,0.500,4,8697,19,2.185,0.250,4.72
grand_haven_mi,chinook_salmon,6,June,25,166669,14,0.084,0.040,10,79411,0,0.000,0.000,4,28220,0,0.000,0.000,1.04
grand_haven_mi,chinook_salmon,7,July,25,187294,1784,9.525,0.320,10,68890,121,1.756,0.200,4,21090,0,0.000,0.000,3.43
grand_haven_mi,chinook_salmon,8,August,25,160437,1510,9.412,0.480,10,52977,243,4.587,0.300,4,12995,0,0.000,0.000,3.90
grand_haven_mi,chinook_salmon,9,September,25,164016,5011,30.552,0.920,10,42111,519,12.325,0.900,4,11196,95,8.485,0.750,6.22
grand_haven_mi,chinook_salmon,10,October,25,78220,452,5.779,0.440,10,15062,132,8.764,0.200,4,4911,17,3.462,0.250,4.00
grand_haven_mi,chinook_salmon,11,November,3,8028,0,0.000,0.000,2,5310,0,0.000,0.000,2,5310,0,0.000,0.000,1.00
grand_haven_mi,chinook_salmon,12,December,1,26,0,0.000,0.000,1,26,0,0.000,0.000,1,26,0,0.000,0.000,1.00
grand_haven_mi,coho_salmon,4,April,25,111983,454,4.054,0.440,10,19624,182,9.274,0.500,4,7703,105,13.631,0.750,4.14
grand_haven_mi,coho_salmon,5,May,25,72963,797,10.923,0.320,10,26035,769,29.537,0.700,4,8697,535,61.515,0.750,5.81
grand_haven_mi,coho_salmon,6,June,25,166669,78,0.468,0.080,10,79411,78,0.982,0.200,4,28220,0,0.000,0.000,1.76
grand_haven_mi,coho_salmon,7,July,25,187294,1026,5.478,0.240,10,68890,376,5.458,0.200,4,21090,0,0.000,0.000,3.53
grand_haven_mi,coho_salmon,8,August,25,160437,1212,7.554,0.440,10,52977,831,15.686,0.600,4,12995,36,2.770,0.250,4.96
grand_haven_mi,coho_salmon,9,September,25,164016,8876,54.117,0.920,10,42111,2465,58.536,1.000,4,11196,500,44.659,1.000,8.12
grand_haven_mi,coho_salmon,10,October,25,78220,546,6.980,0.480,10,15062,364,24.167,0.500,4,4911,67,13.643,0.500,5.37
grand_haven_mi,coho_salmon,11,November,3,8028,0,0.000,0.000,2,5310,0,0.000,0.000,2,5310,0,0.000,0.000,1.00
grand_haven_mi,coho_salmon,12,December,1,26,0,0.000,0.000,1,26,0,0.000,0.000,1,26,0,0.000,0.000,1.00
grand_haven_mi,steelhead,4,April,25,111983,1148,10.252,0.640,10,19624,687,35.008,0.600,4,7703,27,3.505,0.500,6.12
grand_haven_mi,steelhead,5,May,25,72963,384,5.263,0.280,10,26035,317,12.176,0.500,4,8697,147,16.902,0.500,4.42
grand_haven_mi,steelhead,6,June,25,166669,8805,52.829,0.600,10,79411,7680,96.712,0.900,4,28220,1956,69.313,1.000,8.26
grand_haven_mi,steelhead,7,July,25,187294,7573,40.434,0.720,10,68890,5421,78.691,0.900,4,21090,675,32.006,0.750,8.00
grand_haven_mi,steelhead,8,August,25,160437,3649,22.744,0.480,10,52977,3313,62.537,0.500,4,12995,77,5.925,0.250,6.80
grand_haven_mi,steelhead,9,September,25,164016,527,3.213,0.640,10,42111,137,3.253,0.500,4,11196,22,1.965,0.500,3.22
grand_haven_mi,steelhead,10,October,25,78220,4804,61.417,0.880,10,15062,1019,67.654,0.900,4,4911,522,106.292,1.000,8.19
grand_haven_mi,steelhead,11,November,3,8028,212,26.408,0.667,2,5310,78,14.689,0.500,2,5310,78,14.689,0.500,5.65
grand_haven_mi,steelhead,12,December,1,26,1,38.462,1.000,1,26,1,38.462,1.000,1,26,1,38.462,1.000,7.51
grand_haven_mi,brown_trout,4,April,25,111983,4892,43.685,0.960,10,19624,772,39.340,0.900,4,7703,252,32.715,1.000,7.48
grand_haven_mi,brown_trout,5,May,25,72963,1819,24.930,0.600,10,26035,350,13.443,0.700,4,8697,61,7.014,0.500,5.69
grand_haven_mi,brown_trout,6,June,25,166669,284,1.704,0.200,10,79411,27,0.340,0.200,4,28220,10,0.354,0.250,1.85
grand_haven_mi,brown_trout,7,July,25,187294,167,0.892,0.120,10,68890,0,0.000,0.000,4,21090,0,0.000,0.000,1.39
grand_haven_mi,brown_trout,8,August,25,160437,45,0.280,0.040,10,52977,0,0.000,0.000,4,12995,0,0.000,0.000,1.13
grand_haven_mi,brown_trout,9,September,25,164016,162,0.988,0.240,10,42111,31,0.736,0.300,4,11196,3,0.268,0.250,1.84
grand_haven_mi,brown_trout,10,October,25,78220,152,1.943,0.240,10,15062,40,2.656,0.200,4,4911,0,0.000,0.000,2.65
grand_haven_mi,brown_trout,11,November,3,8028,0,0.000,0.000,2,5310,0,0.000,0.000,2,5310,0,0.000,0.000,1.00
grand_haven_mi,brown_trout,12,December,1,26,0,0.000,0.000,1,26,0,0.000,0.000,1,26,0,0.000,0.000,1.00
manistee_mi,chinook_salmon,4,April,25,78102,16,0.205,0.080,10,15020,0,0.000,0.000,4,3549,0,0.000,0.000,1.10
manistee_mi,chinook_salmon,5,May,26,38895,636,16.352,0.269,10,14390,54,3.753,0.200,4,4930,0,0.000,0.000,4.11
manistee_mi,chinook_salmon,6,June,26,27349,560,20.476,0.423,10,10001,123,12.299,0.500,4,2715,48,17.680,0.750,5.18
manistee_mi,chinook_salmon,7,July,26,38193,678,17.752,0.269,10,10683,112,10.484,0.200,4,2670,0,0.000,0.000,4.63
manistee_mi,chinook_salmon,8,August,26,65785,5000,76.005,0.731,10,16990,481,28.311,0.700,4,3751,250,66.649,0.750,7.28
manistee_mi,chinook_salmon,9,September,26,57485,2252,39.175,0.885,10,15209,486,31.955,0.700,4,4418,92,20.824,0.500,6.91
manistee_mi,chinook_salmon,10,October,26,65691,596,9.073,0.346,10,13265,534,40.256,0.400,4,3194,75,23.482,0.250,5.84
manistee_mi,coho_salmon,4,April,25,78102,12,0.154,0.080,10,15020,3,0.200,0.100,4,3549,3,0.845,0.250,1.21
manistee_mi,coho_salmon,5,May,26,38895,148,3.805,0.115,10,14390,139,9.659,0.200,4,4930,0,0.000,0.000,3.82
manistee_mi,coho_salmon,6,June,26,27349,0,0.000,0.000,10,10001,0,0.000,0.000,4,2715,0,0.000,0.000,1.00
manistee_mi,coho_salmon,7,July,26,38193,53,1.388,0.077,10,10683,18,1.685,0.100,4,2670,18,6.742,0.250,2.21
manistee_mi,coho_salmon,8,August,26,65785,420,6.384,0.192,10,16990,61,3.590,0.200,4,3751,0,0.000,0.000,3.34
manistee_mi,coho_salmon,9,September,26,57485,452,7.863,0.538,10,15209,265,17.424,0.500,4,4418,163,36.895,0.250,5.06
manistee_mi,coho_salmon,10,October,26,65691,808,12.300,0.731,10,13265,594,44.779,0.800,4,3194,280,87.664,1.000,6.76
manistee_mi,steelhead,4,April,25,78102,1011,12.945,0.760,10,15020,379,25.233,0.700,4,3549,15,4.227,0.500,5.97
manistee_mi,steelhead,5,May,26,38895,227,5.836,0.538,10,14390,85,5.907,0.500,4,4930,11,2.231,0.250,3.92
manistee_mi,steelhead,6,June,26,27349,309,11.298,0.462,10,10001,178,17.798,0.700,4,2715,14,5.157,0.500,5.35
manistee_mi,steelhead,7,July,26,38193,483,12.646,0.192,10,10683,99,9.267,0.100,4,2670,0,0.000,0.000,4.22
manistee_mi,steelhead,8,August,26,65785,44,0.669,0.038,10,16990,0,0.000,0.000,4,3751,0,0.000,0.000,1.30
manistee_mi,steelhead,9,September,26,57485,225,3.914,0.346,10,15209,56,3.682,0.300,4,4418,0,0.000,0.000,3.20
manistee_mi,steelhead,10,October,26,65691,7387,112.451,1.000,10,13265,2120,159.819,1.000,4,3194,471,147.464,1.000,9.50
manistee_mi,brown_trout,4,April,25,78102,4410,56.465,1.000,10,15020,693,46.138,1.000,4,3549,80,22.542,1.000,7.98
manistee_mi,brown_trout,5,May,26,38895,2583,66.410,0.885,10,14390,313,21.751,0.800,4,4930,32,6.491,0.750,7.24
manistee_mi,brown_trout,6,June,26,27349,2242,81.977,0.577,10,10001,875,87.491,0.400,4,2715,0,0.000,0.000,7.65
manistee_mi,brown_trout,7,July,26,38193,237,6.205,0.192,10,10683,142,13.292,0.200,4,2670,0,0.000,0.000,4.28
manistee_mi,brown_trout,8,August,26,65785,0,0.000,0.000,10,16990,0,0.000,0.000,4,3751,0,0.000,0.000,1.00
manistee_mi,brown_trout,9,September,26,57485,63,1.096,0.154,10,15209,12,0.789,0.100,4,4418,0,0.000,0.000,1.85
manistee_mi,brown_trout,10,October,26,65691,118,1.796,0.346,10,13265,35,2.639,0.300,4,3194,0,0.000,0.000,2.68
frankfort_elberta_mi,chinook_salmon,4,April,25,45745,20,0.437,0.080,10,7298,2,0.274,0.100,4,3656,0,0.000,0.000,1.38
frankfort_elberta_mi,chinook_salmon,5,May,22,16269,49,3.012,0.227,8,2494,25,10.024,0.250,2,196,0,0.000,0.000,3.88
frankfort_elberta_mi,chinook_salmon,6,June,23,20393,47,2.305,0.174,8,3808,0,0.000,0.000,2,614,0,0.000,0.000,1.83
frankfort_elberta_mi,chinook_salmon,7,July,25,24672,801,32.466,0.360,10,2178,68,31.221,0.400,4,695,53,76.259,0.500,6.04
frankfort_elberta_mi,chinook_salmon,8,August,26,51294,5591,108.999,0.692,10,11036,754,68.322,0.700,4,2033,115,56.567,0.500,8.17
frankfort_elberta_mi,chinook_salmon,9,September,26,56126,5214,92.898,0.923,10,14578,846,58.033,0.800,4,3014,102,33.842,0.750,8.26
frankfort_elberta_mi,chinook_salmon,10,October,26,71508,223,3.119,0.308,10,17262,23,1.332,0.100,4,7651,23,3.006,0.250,2.49
frankfort_elberta_mi,coho_salmon,4,April,25,45745,34,0.743,0.120,10,7298,5,0.685,0.100,4,3656,5,1.368,0.250,1.70
frankfort_elberta_mi,coho_salmon,5,May,22,16269,0,0.000,0.000,8,2494,0,0.000,0.000,2,196,0,0.000,0.000,1.00
frankfort_elberta_mi,coho_salmon,6,June,23,20393,7,0.343,0.043,8,3808,0,0.000,0.000,2,614,0,0.000,0.000,1.16
frankfort_elberta_mi,coho_salmon,7,July,25,24672,27,1.094,0.040,10,2178,0,0.000,0.000,4,695,0,0.000,0.000,1.45
frankfort_elberta_mi,coho_salmon,8,August,26,51294,675,13.159,0.462,10,11036,283,25.643,0.500,4,2033,71,34.924,0.500,5.61
frankfort_elberta_mi,coho_salmon,9,September,26,56126,1968,35.064,0.731,10,14578,784,53.780,0.900,4,3014,242,80.292,0.750,7.49
frankfort_elberta_mi,coho_salmon,10,October,26,71508,520,7.272,0.731,10,17262,264,15.294,0.800,4,7651,148,19.344,1.000,5.25
frankfort_elberta_mi,steelhead,4,April,25,45745,840,18.363,0.760,10,7298,193,26.446,0.800,4,3656,42,11.488,0.750,6.28
frankfort_elberta_mi,steelhead,5,May,22,16269,224,13.769,0.455,8,2494,34,13.633,0.375,2,196,0,0.000,0.000,4.91
frankfort_elberta_mi,steelhead,6,June,23,20393,398,19.517,0.304,8,3808,45,11.817,0.125,2,614,0,0.000,0.000,4.72
frankfort_elberta_mi,steelhead,7,July,25,24672,337,13.659,0.360,10,2178,87,39.945,0.400,4,695,22,31.655,0.500,5.93
frankfort_elberta_mi,steelhead,8,August,26,51294,98,1.911,0.115,10,11036,29,2.628,0.100,4,2033,29,14.265,0.250,2.56
frankfort_elberta_mi,steelhead,9,September,26,56126,782,13.933,0.308,10,14578,42,2.881,0.300,4,3014,5,1.659,0.250,3.97
frankfort_elberta_mi,steelhead,10,October,26,71508,6473,90.521,1.000,10,17262,1592,92.226,1.000,4,7651,677,88.485,1.000,9.02
frankfort_elberta_mi,brown_trout,4,April,25,45745,2832,61.908,0.800,10,7298,227,31.104,0.600,4,3656,66,18.053,0.500,7.08
frankfort_elberta_mi,brown_trout,5,May,22,16269,1365,83.902,0.636,8,2494,77,30.874,0.375,2,196,0,0.000,0.000,6.94
frankfort_elberta_mi,brown_trout,6,June,23,20393,1935,94.885,0.522,8,3808,63,16.544,0.250,2,614,0,0.000,0.000,6.57
frankfort_elberta_mi,brown_trout,7,July,25,24672,510,20.671,0.280,10,2178,18,8.264,0.200,4,695,0,0.000,0.000,4.62
frankfort_elberta_mi,brown_trout,8,August,26,51294,521,10.157,0.346,10,11036,26,2.356,0.300,4,2033,0,0.000,0.000,3.63
frankfort_elberta_mi,brown_trout,9,September,26,56126,309,5.505,0.192,10,14578,131,8.986,0.200,4,3014,0,0.000,0.000,3.89
frankfort_elberta_mi,brown_trout,10,October,26,71508,148,2.070,0.192,10,17262,0,0.000,0.000,4,7651,0,0.000,0.000,1.77
