pairKey,localDate,activeMode,seasonalAvailability,seasonalPotential,idealTemperatureScore,status
"harbor_beach_mi/coho_salmon","2028-01-01","spring_coldwater_pier",0.1419,1.6813,1.6813,"available"
"harbor_beach_mi/coho_salmon","2028-01-08","spring_coldwater_pier",0.151,1.7246,1.7246,"available"
"harbor_beach_mi/coho_salmon","2028-01-15","spring_coldwater_pier",0.16,1.768,1.768,"available"
"harbor_beach_mi/coho_salmon","2028-01-22","spring_coldwater_pier",0.169,1.8114,1.8114,"available"
"harbor_beach_mi/coho_salmon","2028-01-29","spring_coldwater_pier",0.1781,1.8547,1.8547,"available"
"harbor_beach_mi/coho_salmon","2028-02-05","spring_coldwater_pier",0.1871,1.8981,1.8981,"available"
"harbor_beach_mi/coho_salmon","2028-02-12","spring_coldwater_pier",0.1961,1.9414,1.9414,"available"
"harbor_beach_mi/coho_salmon","2028-02-19","spring_coldwater_pier",0.2494,2.1972,2.1972,"available"
"harbor_beach_mi/coho_salmon","2028-02-26","spring_coldwater_pier",0.3359,2.6122,2.6122,"available"
"harbor_beach_mi/coho_salmon","2028-03-04","spring_coldwater_pier",0.4224,3.0273,3.0273,"available"
"harbor_beach_mi/coho_salmon","2028-03-11","spring_coldwater_pier",0.5088,3.4424,3.4424,"available"
"harbor_beach_mi/coho_salmon","2028-03-18","spring_coldwater_pier",0.5953,3.8574,3.8574,"available"
"harbor_beach_mi/coho_salmon","2028-03-25","spring_coldwater_pier",0.6813,4.2702,4.2702,"available"
"harbor_beach_mi/coho_salmon","2028-04-01","spring_coldwater_pier",0.7671,4.6821,4.6821,"available"
"harbor_beach_mi/coho_salmon","2028-04-08","spring_coldwater_pier",0.8529,5.0939,5.0939,"available"
"harbor_beach_mi/coho_salmon","2028-04-15","spring_coldwater_pier",0.9387,5.5058,5.5058,"available"
"harbor_beach_mi/coho_salmon","2028-04-22","spring_coldwater_pier",0.972,5.6656,5.6656,"available"
"harbor_beach_mi/coho_salmon","2028-04-29","spring_coldwater_pier",0.874,5.1952,5.1952,"available"
"harbor_beach_mi/coho_salmon","2028-05-06","spring_coldwater_pier",0.776,4.7248,4.7248,"available"
"harbor_beach_mi/coho_salmon","2028-05-13","spring_coldwater_pier",0.678,4.2544,4.2544,"available"
"harbor_beach_mi/coho_salmon","2028-05-20","spring_coldwater_pier",0.58,3.784,3.784,"available"
"harbor_beach_mi/coho_salmon","2028-05-27","spring_coldwater_pier",0.449,3.1554,3.1554,"available"
"harbor_beach_mi/coho_salmon","2028-06-03","spring_coldwater_pier",0.3181,2.5267,2.5267,"available"
"harbor_beach_mi/coho_salmon","2028-06-10","spring_coldwater_pier",0.1871,1.8981,1.8981,"available"
"harbor_beach_mi/coho_salmon","2028-06-17","spring_coldwater_pier",0.0561,1.2694,1.2694,"available"
"harbor_beach_mi/coho_salmon","2028-06-24","fall_harbor_staging",0.0245,1.0908,1.0908,"available"
"harbor_beach_mi/coho_salmon","2028-07-01","fall_harbor_staging",0.0436,1.1615,1.1615,"available"
"harbor_beach_mi/coho_salmon","2028-07-08","fall_harbor_staging",0.0627,1.2321,1.2321,"available"
"harbor_beach_mi/coho_salmon","2028-07-15","fall_harbor_staging",0.0818,1.3027,1.3027,"available"
"harbor_beach_mi/coho_salmon","2028-07-22","fall_harbor_staging",0.1009,1.3734,1.3734,"available"
"harbor_beach_mi/coho_salmon","2028-07-29","fall_harbor_staging",0.12,1.444,1.444,"available"
"harbor_beach_mi/coho_salmon","2028-08-05","fall_harbor_staging",0.1391,1.5146,1.5146,"available"
"harbor_beach_mi/coho_salmon","2028-08-12","fall_harbor_staging",0.1582,1.5853,1.5853,"available"
"harbor_beach_mi/coho_salmon","2028-08-19","fall_harbor_staging",0.1773,1.6559,1.6559,"available"
"harbor_beach_mi/coho_salmon","2028-08-26","fall_harbor_staging",0.3497,2.2937,2.2937,"available"
"harbor_beach_mi/coho_salmon","2028-09-02","fall_harbor_staging",0.5476,3.0261,3.0261,"available"
"harbor_beach_mi/coho_salmon","2028-09-09","fall_harbor_staging",0.7455,3.7584,3.7584,"available"
"harbor_beach_mi/coho_salmon","2028-09-16","fall_harbor_staging",0.9434,4.4908,4.4908,"available"
"harbor_beach_mi/coho_salmon","2028-09-23","fall_harbor_staging",0.9167,4.3917,4.3917,"available"
"harbor_beach_mi/coho_salmon","2028-09-30","fall_harbor_staging",0.8,3.96,3.96,"available"
"harbor_beach_mi/coho_salmon","2028-10-07","fall_harbor_staging",0.6833,3.5283,3.5283,"available"
"harbor_beach_mi/coho_salmon","2028-10-14","fall_harbor_staging",0.5667,3.0967,3.0967,"available"
"harbor_beach_mi/coho_salmon","2028-10-21","fall_harbor_staging",0.4668,2.7271,2.7271,"available"
"harbor_beach_mi/coho_salmon","2028-10-28","fall_harbor_staging",0.3697,2.3678,2.3678,"available"
"harbor_beach_mi/coho_salmon","2028-11-04","fall_harbor_staging",0.2726,2.0085,2.0085,"available"
"harbor_beach_mi/coho_salmon","2028-11-11","fall_harbor_staging",0.1755,1.6493,1.6493,"available"
"harbor_beach_mi/coho_salmon","2028-11-18","fall_harbor_staging",0.108,1.3996,1.3996,"available"
"harbor_beach_mi/coho_salmon","2028-11-25","spring_coldwater_pier",0.0807,1.3871,1.3871,"available"
"harbor_beach_mi/coho_salmon","2028-12-02","spring_coldwater_pier",0.0944,1.4532,1.4532,"available"
"harbor_beach_mi/coho_salmon","2028-12-09","spring_coldwater_pier",0.1082,1.5193,1.5193,"available"
"harbor_beach_mi/coho_salmon","2028-12-16","spring_coldwater_pier",0.1213,1.5822,1.5822,"available"
"harbor_beach_mi/coho_salmon","2028-12-23","spring_coldwater_pier",0.1303,1.6255,1.6255,"available"
"harbor_beach_mi/coho_salmon","2028-12-30","spring_coldwater_pier",0.1394,1.6689,1.6689,"available"
"harbor_beach_mi/smallmouth_bass","2028-01-01","warm_season_breakwall",0,1,1,"available"
"harbor_beach_mi/smallmouth_bass","2028-01-08","warm_season_breakwall",0,1,1,"available"
"harbor_beach_mi/smallmouth_bass","2028-01-15","warm_season_breakwall",0,1,1,"available"
"harbor_beach_mi/smallmouth_bass","2028-01-22","warm_season_breakwall",0,1,1,"available"
"harbor_beach_mi/smallmouth_bass","2028-01-29","warm_season_breakwall",0,1,1,"available"
"harbor_beach_mi/smallmouth_bass","2028-02-05","warm_season_breakwall",0,1,1,"available"
"harbor_beach_mi/smallmouth_bass","2028-02-12","warm_season_breakwall",0,1,1,"available"
"harbor_beach_mi/smallmouth_bass","2028-02-19","warm_season_breakwall",0,1,1,"available"
"harbor_beach_mi/smallmouth_bass","2028-02-26","warm_season_breakwall",0,1,1,"available"
"harbor_beach_mi/smallmouth_bass","2028-03-04","warm_season_breakwall",0,1,1,"available"
"harbor_beach_mi/smallmouth_bass","2028-03-11","warm_season_breakwall",0,1,1,"available"
"harbor_beach_mi/smallmouth_bass","2028-03-18","warm_season_breakwall",0.0204,1.0797,1.0797,"available"
"harbor_beach_mi/smallmouth_bass","2028-03-25","warm_season_breakwall",0.0681,1.2655,1.2655,"available"
"harbor_beach_mi/smallmouth_bass","2028-04-01","warm_season_breakwall",0.1157,1.4514,1.4514,"available"
"harbor_beach_mi/smallmouth_bass","2028-04-08","warm_season_breakwall",0.1634,1.6373,1.6373,"available"
"harbor_beach_mi/smallmouth_bass","2028-04-15","warm_season_breakwall",0.2111,1.8231,1.8231,"available"
"harbor_beach_mi/smallmouth_bass","2028-04-22","warm_season_breakwall",0.2587,2.009,2.009,"available"
"harbor_beach_mi/smallmouth_bass","2028-04-29","warm_season_breakwall",0.3064,2.1949,2.1949,"available"
"harbor_beach_mi/smallmouth_bass","2028-05-06","warm_season_breakwall",0.3711,2.4473,2.4473,"available"
"harbor_beach_mi/smallmouth_bass","2028-05-13","warm_season_breakwall",0.4427,2.7264,2.7264,"available"
"harbor_beach_mi/smallmouth_bass","2028-05-20","warm_season_breakwall",0.5142,3.0055,3.0055,"available"
"harbor_beach_mi/smallmouth_bass","2028-05-27","warm_season_breakwall",0.5858,3.2845,3.2845,"available"
"harbor_beach_mi/smallmouth_bass","2028-06-03","warm_season_breakwall",0.6573,3.5636,3.5636,"available"
"harbor_beach_mi/smallmouth_bass","2028-06-10","warm_season_breakwall",0.7289,3.8427,3.8427,"available"
"harbor_beach_mi/smallmouth_bass","2028-06-17","warm_season_breakwall",0.7926,4.091,4.091,"available"
"harbor_beach_mi/smallmouth_bass","2028-06-24","warm_season_breakwall",0.8366,4.2626,4.2626,"available"
"harbor_beach_mi/smallmouth_bass","2028-07-01","warm_season_breakwall",0.8806,4.4342,4.4342,"available"
"harbor_beach_mi/smallmouth_bass","2028-07-08","warm_season_breakwall",0.9246,4.6058,4.6058,"available"
"harbor_beach_mi/smallmouth_bass","2028-07-15","warm_season_breakwall",0.9686,4.7774,4.7774,"available"
"harbor_beach_mi/smallmouth_bass","2028-07-22","warm_season_breakwall",0.9885,4.855,4.855,"available"
"harbor_beach_mi/smallmouth_bass","2028-07-29","warm_season_breakwall",0.9481,4.6975,4.6975,"available"
"harbor_beach_mi/smallmouth_bass","2028-08-05","warm_season_breakwall",0.9077,4.54,4.54,"available"
"harbor_beach_mi/smallmouth_bass","2028-08-12","warm_season_breakwall",0.8673,4.3825,4.3825,"available"
"harbor_beach_mi/smallmouth_bass","2028-08-19","warm_season_breakwall",0.8269,4.225,4.225,"available"
"harbor_beach_mi/smallmouth_bass","2028-08-26","warm_season_breakwall",0.7865,4.0675,4.0675,"available"
"harbor_beach_mi/smallmouth_bass","2028-09-02","warm_season_breakwall",0.7462,3.91,3.91,"available"
"harbor_beach_mi/smallmouth_bass","2028-09-09","warm_season_breakwall",0.7058,3.7525,3.7525,"available"
"harbor_beach_mi/smallmouth_bass","2028-09-16","warm_season_breakwall",0.625,3.4375,3.4375,"available"
"harbor_beach_mi/smallmouth_bass","2028-09-23","warm_season_breakwall",0.5375,3.0963,3.0963,"available"
"harbor_beach_mi/smallmouth_bass","2028-09-30","warm_season_breakwall",0.45,2.755,2.755,"available"
"harbor_beach_mi/smallmouth_bass","2028-10-07","warm_season_breakwall",0.3625,2.4138,2.4138,"available"
"harbor_beach_mi/smallmouth_bass","2028-10-14","warm_season_breakwall",0.275,2.0725,2.0725,"available"
"harbor_beach_mi/smallmouth_bass","2028-10-21","warm_season_breakwall",0.1923,1.75,1.75,"available"
"harbor_beach_mi/smallmouth_bass","2028-10-28","warm_season_breakwall",0.1385,1.54,1.54,"available"
"harbor_beach_mi/smallmouth_bass","2028-11-04","warm_season_breakwall",0.0846,1.33,1.33,"available"
"harbor_beach_mi/smallmouth_bass","2028-11-11","warm_season_breakwall",0.0308,1.12,1.12,"available"
"harbor_beach_mi/smallmouth_bass","2028-11-18","warm_season_breakwall",0,1,1,"available"
"harbor_beach_mi/smallmouth_bass","2028-11-25","warm_season_breakwall",0,1,1,"available"
"harbor_beach_mi/smallmouth_bass","2028-12-02","warm_season_breakwall",0,1,1,"available"
"harbor_beach_mi/smallmouth_bass","2028-12-09","warm_season_breakwall",0,1,1,"available"
"harbor_beach_mi/smallmouth_bass","2028-12-16","warm_season_breakwall",0,1,1,"available"
"harbor_beach_mi/smallmouth_bass","2028-12-23","warm_season_breakwall",0,1,1,"available"
"harbor_beach_mi/smallmouth_bass","2028-12-30","warm_season_breakwall",0,1,1,"available"
"oscoda_mi/atlantic_salmon","2028-01-01","spring_coldwater_pier",0.1419,2.0503,2.0503,"available"
"oscoda_mi/atlantic_salmon","2028-01-08","spring_coldwater_pier",0.151,2.1172,2.1172,"available"
"oscoda_mi/atlantic_salmon","2028-01-15","spring_coldwater_pier",0.16,2.184,2.184,"available"
"oscoda_mi/atlantic_salmon","2028-01-22","spring_coldwater_pier",0.169,2.2508,2.2508,"available"
"oscoda_mi/atlantic_salmon","2028-01-29","spring_coldwater_pier",0.1781,2.3177,2.3177,"available"
"oscoda_mi/atlantic_salmon","2028-02-05","spring_coldwater_pier",0.1871,2.3845,2.3845,"available"
"oscoda_mi/atlantic_salmon","2028-02-12","spring_coldwater_pier",0.1961,2.4514,2.4514,"available"
"oscoda_mi/atlantic_salmon","2028-02-19","spring_coldwater_pier",0.2494,2.8456,2.8456,"available"
"oscoda_mi/atlantic_salmon","2028-02-26","spring_coldwater_pier",0.3359,3.4855,3.4855,"available"
"oscoda_mi/atlantic_salmon","2028-03-04","spring_coldwater_pier",0.4224,4.1254,4.1254,"available"
"oscoda_mi/atlantic_salmon","2028-03-11","spring_coldwater_pier",0.5088,4.7653,4.7653,"available"
"oscoda_mi/atlantic_salmon","2028-03-18","spring_coldwater_pier",0.5953,5.4052,5.4052,"available"
"oscoda_mi/atlantic_salmon","2028-03-25","spring_coldwater_pier",0.6813,6.0415,6.0415,"available"
"oscoda_mi/atlantic_salmon","2028-04-01","spring_coldwater_pier",0.7671,6.6765,6.6765,"available"
"oscoda_mi/atlantic_salmon","2028-04-08","spring_coldwater_pier",0.8529,7.3115,7.3115,"available"
"oscoda_mi/atlantic_salmon","2028-04-15","spring_coldwater_pier",0.9387,7.9465,7.9465,"available"
"oscoda_mi/atlantic_salmon","2028-04-22","spring_coldwater_pier",0.972,8.1928,8.1928,"available"
"oscoda_mi/atlantic_salmon","2028-04-29","spring_coldwater_pier",0.874,7.4676,7.4676,"available"
"oscoda_mi/atlantic_salmon","2028-05-06","spring_coldwater_pier",0.776,6.7424,6.7424,"available"
"oscoda_mi/atlantic_salmon","2028-05-13","spring_coldwater_pier",0.678,6.0172,6.0172,"available"
"oscoda_mi/atlantic_salmon","2028-05-20","spring_coldwater_pier",0.58,5.292,5.292,"available"
"oscoda_mi/atlantic_salmon","2028-05-27","spring_coldwater_pier",0.449,4.3228,4.3228,"available"
"oscoda_mi/atlantic_salmon","2028-06-03","spring_coldwater_pier",0.3181,3.3537,3.3537,"available"
"oscoda_mi/atlantic_salmon","2028-06-10","spring_coldwater_pier",0.1871,2.3845,2.3845,"available"
"oscoda_mi/atlantic_salmon","2028-06-17","spring_coldwater_pier",0.0561,1.4154,1.4154,"available"
"oscoda_mi/atlantic_salmon","2028-06-24","fall_harbor_staging",0.0245,1.1203,1.1203,"available"
"oscoda_mi/atlantic_salmon","2028-07-01","fall_harbor_staging",0.0436,1.2138,1.2138,"available"
"oscoda_mi/atlantic_salmon","2028-07-08","fall_harbor_staging",0.0627,1.3074,1.3074,"available"
"oscoda_mi/atlantic_salmon","2028-07-15","fall_harbor_staging",0.0818,1.4009,1.4009,"available"
"oscoda_mi/atlantic_salmon","2028-07-22","fall_harbor_staging",0.1009,1.4945,1.4945,"available"
"oscoda_mi/atlantic_salmon","2028-07-29","fall_harbor_staging",0.12,1.588,1.588,"available"
"oscoda_mi/atlantic_salmon","2028-08-05","fall_harbor_staging",0.1391,1.6815,1.6815,"available"
"oscoda_mi/atlantic_salmon","2028-08-12","fall_harbor_staging",0.1582,1.7751,1.7751,"available"
"oscoda_mi/atlantic_salmon","2028-08-19","fall_harbor_staging",0.1773,1.8686,1.8686,"available"
"oscoda_mi/atlantic_salmon","2028-08-26","fall_harbor_staging",0.3497,2.7133,2.7133,"available"
"oscoda_mi/atlantic_salmon","2028-09-02","fall_harbor_staging",0.5476,3.6832,3.6832,"available"
"oscoda_mi/atlantic_salmon","2028-09-09","fall_harbor_staging",0.7455,4.653,4.653,"available"
"oscoda_mi/atlantic_salmon","2028-09-16","fall_harbor_staging",0.9434,5.6229,5.6229,"available"
"oscoda_mi/atlantic_salmon","2028-09-23","fall_harbor_staging",0.9167,5.4917,5.4917,"available"
"oscoda_mi/atlantic_salmon","2028-09-30","fall_harbor_staging",0.8,4.92,4.92,"available"
"oscoda_mi/atlantic_salmon","2028-10-07","fall_harbor_staging",0.6833,4.3483,4.3483,"available"
"oscoda_mi/atlantic_salmon","2028-10-14","fall_harbor_staging",0.5667,3.7767,3.7767,"available"
"oscoda_mi/atlantic_salmon","2028-10-21","fall_harbor_staging",0.4668,3.2872,3.2872,"available"
"oscoda_mi/atlantic_salmon","2028-10-28","fall_harbor_staging",0.3697,2.8114,2.8114,"available"
"oscoda_mi/atlantic_salmon","2028-11-04","fall_harbor_staging",0.2726,2.3356,2.3356,"available"
"oscoda_mi/atlantic_salmon","2028-11-11","fall_harbor_staging",0.1755,1.8599,1.8599,"available"
"oscoda_mi/atlantic_salmon","2028-11-18","fall_harbor_staging",0.108,1.5292,1.5292,"available"
"oscoda_mi/atlantic_salmon","2028-11-25","spring_coldwater_pier",0.0807,1.5969,1.5969,"available"
"oscoda_mi/atlantic_salmon","2028-12-02","spring_coldwater_pier",0.0944,1.6988,1.6988,"available"
"oscoda_mi/atlantic_salmon","2028-12-09","spring_coldwater_pier",0.1082,1.8007,1.8007,"available"
"oscoda_mi/atlantic_salmon","2028-12-16","spring_coldwater_pier",0.1213,1.8975,1.8975,"available"
"oscoda_mi/atlantic_salmon","2028-12-23","spring_coldwater_pier",0.1303,1.9644,1.9644,"available"
"oscoda_mi/atlantic_salmon","2028-12-30","spring_coldwater_pier",0.1394,2.0312,2.0312,"available"
"oscoda_mi/steelhead","2028-01-01","spring_coldwater_pier",0.1419,1.9084,1.9084,"available"
"oscoda_mi/steelhead","2028-01-08","spring_coldwater_pier",0.151,1.9662,1.9662,"available"
"oscoda_mi/steelhead","2028-01-15","spring_coldwater_pier",0.16,2.024,2.024,"available"
"oscoda_mi/steelhead","2028-01-22","spring_coldwater_pier",0.169,2.0818,2.0818,"available"
"oscoda_mi/steelhead","2028-01-29","spring_coldwater_pier",0.1781,2.1396,2.1396,"available"
"oscoda_mi/steelhead","2028-02-05","spring_coldwater_pier",0.1871,2.1974,2.1974,"available"
"oscoda_mi/steelhead","2028-02-12","spring_coldwater_pier",0.1961,2.2552,2.2552,"available"
"oscoda_mi/steelhead","2028-02-19","spring_coldwater_pier",0.2494,2.5962,2.5962,"available"
"oscoda_mi/steelhead","2028-02-26","spring_coldwater_pier",0.3359,3.1496,3.1496,"available"
"oscoda_mi/steelhead","2028-03-04","spring_coldwater_pier",0.4224,3.7031,3.7031,"available"
"oscoda_mi/steelhead","2028-03-11","spring_coldwater_pier",0.5088,4.2565,4.2565,"available"
"oscoda_mi/steelhead","2028-03-18","spring_coldwater_pier",0.5953,4.8099,4.8099,"available"
"oscoda_mi/steelhead","2028-03-25","spring_coldwater_pier",0.6813,5.3603,5.3603,"available"
"oscoda_mi/steelhead","2028-04-01","spring_coldwater_pier",0.7671,5.9094,5.9094,"available"
"oscoda_mi/steelhead","2028-04-08","spring_coldwater_pier",0.8529,6.4586,6.4586,"available"
"oscoda_mi/steelhead","2028-04-15","spring_coldwater_pier",0.9387,7.0077,7.0077,"available"
"oscoda_mi/steelhead","2028-04-22","spring_coldwater_pier",0.972,7.2208,7.2208,"available"
"oscoda_mi/steelhead","2028-04-29","spring_coldwater_pier",0.874,6.5936,6.5936,"available"
"oscoda_mi/steelhead","2028-05-06","spring_coldwater_pier",0.776,5.9664,5.9664,"available"
"oscoda_mi/steelhead","2028-05-13","spring_coldwater_pier",0.678,5.3392,5.3392,"available"
"oscoda_mi/steelhead","2028-05-20","spring_coldwater_pier",0.58,4.712,4.712,"available"
"oscoda_mi/steelhead","2028-05-27","spring_coldwater_pier",0.449,3.8738,3.8738,"available"
"oscoda_mi/steelhead","2028-06-03","spring_coldwater_pier",0.3181,3.0356,3.0356,"available"
"oscoda_mi/steelhead","2028-06-10","spring_coldwater_pier",0.1871,2.1974,2.1974,"available"
"oscoda_mi/steelhead","2028-06-17","spring_coldwater_pier",0.0561,1.3592,1.3592,"available"
"oscoda_mi/steelhead","2028-06-24","fall_harbor_staging",0.0245,1.1055,1.1055,"available"
"oscoda_mi/steelhead","2028-07-01","fall_harbor_staging",0.0436,1.1876,1.1876,"available"
"oscoda_mi/steelhead","2028-07-08","fall_harbor_staging",0.0627,1.2697,1.2697,"available"
"oscoda_mi/steelhead","2028-07-15","fall_harbor_staging",0.0818,1.3518,1.3518,"available"
"oscoda_mi/steelhead","2028-07-22","fall_harbor_staging",0.1009,1.4339,1.4339,"available"
"oscoda_mi/steelhead","2028-07-29","fall_harbor_staging",0.12,1.516,1.516,"available"
"oscoda_mi/steelhead","2028-08-05","fall_harbor_staging",0.1391,1.5981,1.5981,"available"
"oscoda_mi/steelhead","2028-08-12","fall_harbor_staging",0.1582,1.6802,1.6802,"available"
"oscoda_mi/steelhead","2028-08-19","fall_harbor_staging",0.1773,1.7623,1.7623,"available"
"oscoda_mi/steelhead","2028-08-26","fall_harbor_staging",0.3497,2.5035,2.5035,"available"
"oscoda_mi/steelhead","2028-09-02","fall_harbor_staging",0.5476,3.3546,3.3546,"available"
"oscoda_mi/steelhead","2028-09-09","fall_harbor_staging",0.7455,4.2057,4.2057,"available"
"oscoda_mi/steelhead","2028-09-16","fall_harbor_staging",0.9434,5.0568,5.0568,"available"
"oscoda_mi/steelhead","2028-09-23","fall_harbor_staging",0.9167,4.9417,4.9417,"available"
"oscoda_mi/steelhead","2028-09-30","fall_harbor_staging",0.8,4.44,4.44,"available"
"oscoda_mi/steelhead","2028-10-07","fall_harbor_staging",0.6833,3.9383,3.9383,"available"
"oscoda_mi/steelhead","2028-10-14","fall_harbor_staging",0.5667,3.4367,3.4367,"available"
"oscoda_mi/steelhead","2028-10-21","fall_harbor_staging",0.4668,3.0071,3.0071,"available"
"oscoda_mi/steelhead","2028-10-28","fall_harbor_staging",0.3697,2.5896,2.5896,"available"
"oscoda_mi/steelhead","2028-11-04","fall_harbor_staging",0.2726,2.1721,2.1721,"available"
"oscoda_mi/steelhead","2028-11-11","fall_harbor_staging",0.1755,1.7546,1.7546,"available"
"oscoda_mi/steelhead","2028-11-18","fall_harbor_staging",0.108,1.4644,1.4644,"available"
"oscoda_mi/steelhead","2028-11-25","spring_coldwater_pier",0.0807,1.5162,1.5162,"available"
"oscoda_mi/steelhead","2028-12-02","spring_coldwater_pier",0.0944,1.6043,1.6043,"available"
"oscoda_mi/steelhead","2028-12-09","spring_coldwater_pier",0.1082,1.6925,1.6925,"available"
"oscoda_mi/steelhead","2028-12-16","spring_coldwater_pier",0.1213,1.7763,1.7763,"available"
"oscoda_mi/steelhead","2028-12-23","spring_coldwater_pier",0.1303,1.8341,1.8341,"available"
"oscoda_mi/steelhead","2028-12-30","spring_coldwater_pier",0.1394,1.8919,1.8919,"available"
"oscoda_mi/walleye","2028-01-01","fall_low_light",0,1,1,"available"
"oscoda_mi/walleye","2028-01-08","fall_low_light",0,1,1,"available"
"oscoda_mi/walleye","2028-01-15","fall_low_light",0,1,1,"available"
"oscoda_mi/walleye","2028-01-22","fall_low_light",0,1,1,"available"
"oscoda_mi/walleye","2028-01-29","fall_low_light",0,1,1,"available"
"oscoda_mi/walleye","2028-02-05","fall_low_light",0,1,1,"available"
"oscoda_mi/walleye","2028-02-12","fall_low_light",0,1,1,"available"
"oscoda_mi/walleye","2028-02-19","spring_low_light",0.0462,1.2677,1.2677,"available"
"oscoda_mi/walleye","2028-02-26","spring_low_light",0.1269,1.7362,1.7362,"available"
"oscoda_mi/walleye","2028-03-04","spring_low_light",0.2077,2.2046,2.2046,"available"
"oscoda_mi/walleye","2028-03-11","spring_low_light",0.2885,2.6731,2.6731,"available"
"oscoda_mi/walleye","2028-03-18","spring_low_light",0.3692,3.1415,3.1415,"available"
"oscoda_mi/walleye","2028-03-25","spring_low_light",0.45,3.61,3.61,"available"
"oscoda_mi/walleye","2028-04-01","spring_low_light",0.5541,4.2135,4.2135,"available"
"oscoda_mi/walleye","2028-04-08","spring_low_light",0.6581,4.817,4.817,"available"
"oscoda_mi/walleye","2028-04-15","spring_low_light",0.7622,5.4205,5.4205,"available"
"oscoda_mi/walleye","2028-04-22","spring_low_light",0.8662,6.0241,6.0241,"available"
"oscoda_mi/walleye","2028-04-29","spring_low_light",0.9703,6.6276,6.6276,"available"
"oscoda_mi/walleye","2028-05-06","spring_low_light",0.9333,6.4133,6.4133,"available"
"oscoda_mi/walleye","2028-05-13","spring_low_light",0.84,5.872,5.872,"available"
"oscoda_mi/walleye","2028-05-20","spring_low_light",0.7467,5.3307,5.3307,"available"
"oscoda_mi/walleye","2028-05-27","spring_low_light",0.6533,4.7893,4.7893,"available"
"oscoda_mi/walleye","2028-06-03","spring_low_light",0.56,4.248,4.248,"available"
"oscoda_mi/walleye","2028-06-10","spring_low_light",0.4667,3.7067,3.7067,"available"
"oscoda_mi/walleye","2028-06-17","spring_low_light",0.368,3.1344,3.1344,"available"
"oscoda_mi/walleye","2028-06-24","spring_low_light",0.256,2.4848,2.4848,"available"
"oscoda_mi/walleye","2028-07-01","spring_low_light",0.144,1.8352,1.8352,"available"
"oscoda_mi/walleye","2028-07-08","spring_low_light",0.032,1.1856,1.1856,"available"
"oscoda_mi/walleye","2028-07-15","fall_low_light",0,1,1,"available"
"oscoda_mi/walleye","2028-07-22","fall_low_light",0.0194,1.0739,1.0739,"available"
"oscoda_mi/walleye","2028-07-29","fall_low_light",0.0875,1.3325,1.3325,"available"
"oscoda_mi/walleye","2028-08-05","fall_low_light",0.1556,1.5911,1.5911,"available"
"oscoda_mi/walleye","2028-08-12","fall_low_light",0.2236,1.8497,1.8497,"available"
"oscoda_mi/walleye","2028-08-19","fall_low_light",0.2917,2.1083,2.1083,"available"
"oscoda_mi/walleye","2028-08-26","fall_low_light",0.375,2.425,2.425,"available"
"oscoda_mi/walleye","2028-09-02","fall_low_light",0.55,3.09,3.09,"available"
"oscoda_mi/walleye","2028-09-09","fall_low_light",0.725,3.755,3.755,"available"
"oscoda_mi/walleye","2028-09-16","fall_low_light",0.9,4.42,4.42,"available"
"oscoda_mi/walleye","2028-09-23","fall_low_light",0.9486,4.6046,4.6046,"available"
"oscoda_mi/walleye","2028-09-30","fall_low_light",0.8286,4.1486,4.1486,"available"
"oscoda_mi/walleye","2028-10-07","fall_low_light",0.7086,3.6926,3.6926,"available"
"oscoda_mi/walleye","2028-10-14","fall_low_light",0.5886,3.2366,3.2366,"available"
"oscoda_mi/walleye","2028-10-21","fall_low_light",0.4686,2.7806,2.7806,"available"
"oscoda_mi/walleye","2028-10-28","fall_low_light",0.3538,2.3446,2.3446,"available"
"oscoda_mi/walleye","2028-11-04","fall_low_light",0.2462,1.9354,1.9354,"available"
"oscoda_mi/walleye","2028-11-11","fall_low_light",0.1385,1.5262,1.5262,"available"
"oscoda_mi/walleye","2028-11-18","fall_low_light",0.0308,1.1169,1.1169,"available"
"oscoda_mi/walleye","2028-11-25","fall_low_light",0,1,1,"available"
"oscoda_mi/walleye","2028-12-02","fall_low_light",0,1,1,"available"
"oscoda_mi/walleye","2028-12-09","fall_low_light",0,1,1,"available"
"oscoda_mi/walleye","2028-12-16","fall_low_light",0,1,1,"available"
"oscoda_mi/walleye","2028-12-23","fall_low_light",0,1,1,"available"
"oscoda_mi/walleye","2028-12-30","fall_low_light",0,1,1,"available"
"oscoda_mi/lake_trout","2028-01-01","spring_coldwater_pier",0.1419,1.511,1.511,"available"
"oscoda_mi/lake_trout","2028-01-08","spring_coldwater_pier",0.151,1.5435,1.5435,"available"
"oscoda_mi/lake_trout","2028-01-15","spring_coldwater_pier",0.16,1.576,1.576,"available"
"oscoda_mi/lake_trout","2028-01-22","spring_coldwater_pier",0.169,1.6085,1.6085,"available"
"oscoda_mi/lake_trout","2028-01-29","spring_coldwater_pier",0.1781,1.641,1.641,"available"
"oscoda_mi/lake_trout","2028-02-05","spring_coldwater_pier",0.1871,1.6735,1.6735,"available"
"oscoda_mi/lake_trout","2028-02-12","spring_coldwater_pier",0.1961,1.7061,1.7061,"available"
"oscoda_mi/lake_trout","2028-02-19","spring_coldwater_pier",0.2494,1.8979,1.8979,"available"
"oscoda_mi/lake_trout","2028-02-26","spring_coldwater_pier",0.3359,2.2092,2.2092,"available"
"oscoda_mi/lake_trout","2028-03-04","spring_coldwater_pier",0.4224,2.5205,2.5205,"available"
"oscoda_mi/lake_trout","2028-03-11","spring_coldwater_pier",0.5088,2.8318,2.8318,"available"
"oscoda_mi/lake_trout","2028-03-18","spring_coldwater_pier",0.5953,3.1431,3.1431,"available"
"oscoda_mi/lake_trout","2028-03-25","spring_coldwater_pier",0.6813,3.4526,3.4526,"available"
"oscoda_mi/lake_trout","2028-04-01","spring_coldwater_pier",0.7671,3.7615,3.7615,"available"
"oscoda_mi/lake_trout","2028-04-08","spring_coldwater_pier",0.8529,4.0705,4.0705,"available"
"oscoda_mi/lake_trout","2028-04-15","spring_coldwater_pier",0.9387,4.3794,4.3794,"available"
"oscoda_mi/lake_trout","2028-04-22","spring_coldwater_pier",0.972,4.4992,4.4992,"available"
"oscoda_mi/lake_trout","2028-04-29","spring_coldwater_pier",0.874,4.1464,4.1464,"available"
"oscoda_mi/lake_trout","2028-05-06","spring_coldwater_pier",0.776,3.7936,3.7936,"available"
"oscoda_mi/lake_trout","2028-05-13","spring_coldwater_pier",0.678,3.4408,3.4408,"available"
"oscoda_mi/lake_trout","2028-05-20","spring_coldwater_pier",0.58,3.088,3.088,"available"
"oscoda_mi/lake_trout","2028-05-27","spring_coldwater_pier",0.449,2.6165,2.6165,"available"
"oscoda_mi/lake_trout","2028-06-03","spring_coldwater_pier",0.3181,2.145,2.145,"available"
"oscoda_mi/lake_trout","2028-06-10","spring_coldwater_pier",0.1871,1.6735,1.6735,"available"
"oscoda_mi/lake_trout","2028-06-17","spring_coldwater_pier",0.0561,1.2021,1.2021,"available"
"oscoda_mi/lake_trout","2028-06-24","spring_coldwater_pier",0,1,1,"available"
"oscoda_mi/lake_trout","2028-07-01","spring_coldwater_pier",0,1,1,"available"
"oscoda_mi/lake_trout","2028-07-08","spring_coldwater_pier",0,1,1,"available"
"oscoda_mi/lake_trout","2028-07-15","spring_coldwater_pier",0,1,1,"available"
"oscoda_mi/lake_trout","2028-07-22","spring_coldwater_pier",0,1,1,"available"
"oscoda_mi/lake_trout","2028-07-29","spring_coldwater_pier",0,1,1,"available"
"oscoda_mi/lake_trout","2028-08-05","spring_coldwater_pier",0,1,1,"available"
"oscoda_mi/lake_trout","2028-08-12","spring_coldwater_pier",0,1,1,"available"
"oscoda_mi/lake_trout","2028-08-19","spring_coldwater_pier",0,1,1,"available"
"oscoda_mi/lake_trout","2028-08-26","spring_coldwater_pier",0,1,1,"available"
"oscoda_mi/lake_trout","2028-09-02","spring_coldwater_pier",0,1,1,"available"
"oscoda_mi/lake_trout","2028-09-09","spring_coldwater_pier",0,1,1,"available"
"oscoda_mi/lake_trout","2028-09-16","spring_coldwater_pier",0,1,1,"available"
"oscoda_mi/lake_trout","2028-09-23","spring_coldwater_pier",0,1,1,"available"
"oscoda_mi/lake_trout","2028-09-30","spring_coldwater_pier",0,1,1,"available"
"oscoda_mi/lake_trout","2028-10-07","spring_coldwater_pier",0,1,1,"available"
"oscoda_mi/lake_trout","2028-10-14","spring_coldwater_pier",0,1,1,"available"
"oscoda_mi/lake_trout","2028-10-21","spring_coldwater_pier",0.0118,1.0425,1.0425,"available"
"oscoda_mi/lake_trout","2028-10-28","spring_coldwater_pier",0.0256,1.0921,1.0921,"available"
"oscoda_mi/lake_trout","2028-11-04","spring_coldwater_pier",0.0393,1.1416,1.1416,"available"
"oscoda_mi/lake_trout","2028-11-11","spring_coldwater_pier",0.0531,1.1912,1.1912,"available"
"oscoda_mi/lake_trout","2028-11-18","spring_coldwater_pier",0.0669,1.2408,1.2408,"available"
"oscoda_mi/lake_trout","2028-11-25","spring_coldwater_pier",0.0807,1.2904,1.2904,"available"
"oscoda_mi/lake_trout","2028-12-02","spring_coldwater_pier",0.0944,1.3399,1.3399,"available"
"oscoda_mi/lake_trout","2028-12-09","spring_coldwater_pier",0.1082,1.3895,1.3895,"available"
"oscoda_mi/lake_trout","2028-12-16","spring_coldwater_pier",0.1213,1.4366,1.4366,"available"
"oscoda_mi/lake_trout","2028-12-23","spring_coldwater_pier",0.1303,1.4692,1.4692,"available"
"oscoda_mi/lake_trout","2028-12-30","spring_coldwater_pier",0.1394,1.5017,1.5017,"available"
"oscoda_mi/coho_salmon","2028-01-01","spring_coldwater_pier",0.1419,1.4826,1.4826,"available"
"oscoda_mi/coho_salmon","2028-01-08","spring_coldwater_pier",0.151,1.5133,1.5133,"available"
"oscoda_mi/coho_salmon","2028-01-15","spring_coldwater_pier",0.16,1.544,1.544,"available"
"oscoda_mi/coho_salmon","2028-01-22","spring_coldwater_pier",0.169,1.5747,1.5747,"available"
"oscoda_mi/coho_salmon","2028-01-29","spring_coldwater_pier",0.1781,1.6054,1.6054,"available"
"oscoda_mi/coho_salmon","2028-02-05","spring_coldwater_pier",0.1871,1.6361,1.6361,"available"
"oscoda_mi/coho_salmon","2028-02-12","spring_coldwater_pier",0.1961,1.6668,1.6668,"available"
"oscoda_mi/coho_salmon","2028-02-19","spring_coldwater_pier",0.2494,1.848,1.848,"available"
"oscoda_mi/coho_salmon","2028-02-26","spring_coldwater_pier",0.3359,2.142,2.142,"available"
"oscoda_mi/coho_salmon","2028-03-04","spring_coldwater_pier",0.4224,2.436,2.436,"available"
"oscoda_mi/coho_salmon","2028-03-11","spring_coldwater_pier",0.5088,2.73,2.73,"available"
"oscoda_mi/coho_salmon","2028-03-18","spring_coldwater_pier",0.5953,3.024,3.024,"available"
"oscoda_mi/coho_salmon","2028-03-25","spring_coldwater_pier",0.6813,3.3164,3.3164,"available"
"oscoda_mi/coho_salmon","2028-04-01","spring_coldwater_pier",0.7671,3.6081,3.6081,"available"
"oscoda_mi/coho_salmon","2028-04-08","spring_coldwater_pier",0.8529,3.8999,3.8999,"available"
"oscoda_mi/coho_salmon","2028-04-15","spring_coldwater_pier",0.9387,4.1916,4.1916,"available"
"oscoda_mi/coho_salmon","2028-04-22","spring_coldwater_pier",0.972,4.3048,4.3048,"available"
"oscoda_mi/coho_salmon","2028-04-29","spring_coldwater_pier",0.874,3.9716,3.9716,"available"
"oscoda_mi/coho_salmon","2028-05-06","spring_coldwater_pier",0.776,3.6384,3.6384,"available"
"oscoda_mi/coho_salmon","2028-05-13","spring_coldwater_pier",0.678,3.3052,3.3052,"available"
"oscoda_mi/coho_salmon","2028-05-20","spring_coldwater_pier",0.58,2.972,2.972,"available"
"oscoda_mi/coho_salmon","2028-05-27","spring_coldwater_pier",0.449,2.5267,2.5267,"available"
"oscoda_mi/coho_salmon","2028-06-03","spring_coldwater_pier",0.3181,2.0814,2.0814,"available"
"oscoda_mi/coho_salmon","2028-06-10","spring_coldwater_pier",0.1871,1.6361,1.6361,"available"
"oscoda_mi/coho_salmon","2028-06-17","spring_coldwater_pier",0.0561,1.1908,1.1908,"available"
"oscoda_mi/coho_salmon","2028-06-24","fall_harbor_staging",0.0245,1.135,1.135,"available"
"oscoda_mi/coho_salmon","2028-07-01","fall_harbor_staging",0.0436,1.24,1.24,"available"
"oscoda_mi/coho_salmon","2028-07-08","fall_harbor_staging",0.0627,1.345,1.345,"available"
"oscoda_mi/coho_salmon","2028-07-15","fall_harbor_staging",0.0818,1.45,1.45,"available"
"oscoda_mi/coho_salmon","2028-07-22","fall_harbor_staging",0.1009,1.555,1.555,"available"
"oscoda_mi/coho_salmon","2028-07-29","fall_harbor_staging",0.12,1.66,1.66,"available"
"oscoda_mi/coho_salmon","2028-08-05","fall_harbor_staging",0.1391,1.765,1.765,"available"
"oscoda_mi/coho_salmon","2028-08-12","fall_harbor_staging",0.1582,1.87,1.87,"available"
"oscoda_mi/coho_salmon","2028-08-19","fall_harbor_staging",0.1773,1.975,1.975,"available"
"oscoda_mi/coho_salmon","2028-08-26","fall_harbor_staging",0.3497,2.9231,2.9231,"available"
"oscoda_mi/coho_salmon","2028-09-02","fall_harbor_staging",0.5476,4.0117,4.0117,"available"
"oscoda_mi/coho_salmon","2028-09-09","fall_harbor_staging",0.7455,5.1003,5.1003,"available"
"oscoda_mi/coho_salmon","2028-09-16","fall_harbor_staging",0.9434,6.189,6.189,"available"
"oscoda_mi/coho_salmon","2028-09-23","fall_harbor_staging",0.9167,6.0417,6.0417,"available"
"oscoda_mi/coho_salmon","2028-09-30","fall_harbor_staging",0.8,5.4,5.4,"available"
"oscoda_mi/coho_salmon","2028-10-07","fall_harbor_staging",0.6833,4.7583,4.7583,"available"
"oscoda_mi/coho_salmon","2028-10-14","fall_harbor_staging",0.5667,4.1167,4.1167,"available"
"oscoda_mi/coho_salmon","2028-10-21","fall_harbor_staging",0.4668,3.5673,3.5673,"available"
"oscoda_mi/coho_salmon","2028-10-28","fall_harbor_staging",0.3697,3.0332,3.0332,"available"
"oscoda_mi/coho_salmon","2028-11-04","fall_harbor_staging",0.2726,2.4992,2.4992,"available"
"oscoda_mi/coho_salmon","2028-11-11","fall_harbor_staging",0.1755,1.9652,1.9652,"available"
"oscoda_mi/coho_salmon","2028-11-18","fall_harbor_staging",0.108,1.594,1.594,"available"
"oscoda_mi/coho_salmon","2028-11-25","fall_harbor_staging",0.08,1.44,1.44,"available"
"oscoda_mi/coho_salmon","2028-12-02","spring_coldwater_pier",0.0944,1.321,1.321,"available"
"oscoda_mi/coho_salmon","2028-12-09","spring_coldwater_pier",0.1082,1.3679,1.3679,"available"
"oscoda_mi/coho_salmon","2028-12-16","spring_coldwater_pier",0.1213,1.4124,1.4124,"available"
"oscoda_mi/coho_salmon","2028-12-23","spring_coldwater_pier",0.1303,1.4431,1.4431,"available"
"oscoda_mi/coho_salmon","2028-12-30","spring_coldwater_pier",0.1394,1.4738,1.4738,"available"
"oscoda_mi/chinook_salmon","2028-01-01","fall_harbor_staging",0,1,1,"available"
"oscoda_mi/chinook_salmon","2028-01-08","fall_harbor_staging",0,1,1,"available"
"oscoda_mi/chinook_salmon","2028-01-15","fall_harbor_staging",0,1,1,"available"
"oscoda_mi/chinook_salmon","2028-01-22","fall_harbor_staging",0,1,1,"available"
"oscoda_mi/chinook_salmon","2028-01-29","fall_harbor_staging",0,1,1,"available"
"oscoda_mi/chinook_salmon","2028-02-05","fall_harbor_staging",0,1,1,"available"
"oscoda_mi/chinook_salmon","2028-02-12","fall_harbor_staging",0,1,1,"available"
"oscoda_mi/chinook_salmon","2028-02-19","fall_harbor_staging",0,1,1,"available"
"oscoda_mi/chinook_salmon","2028-02-26","fall_harbor_staging",0,1,1,"available"
"oscoda_mi/chinook_salmon","2028-03-04","fall_harbor_staging",0,1,1,"available"
"oscoda_mi/chinook_salmon","2028-03-11","fall_harbor_staging",0,1,1,"available"
"oscoda_mi/chinook_salmon","2028-03-18","fall_harbor_staging",0,1,1,"available"
"oscoda_mi/chinook_salmon","2028-03-25","fall_harbor_staging",0,1,1,"available"
"oscoda_mi/chinook_salmon","2028-04-01","fall_harbor_staging",0,1,1,"available"
"oscoda_mi/chinook_salmon","2028-04-08","fall_harbor_staging",0,1,1,"available"
"oscoda_mi/chinook_salmon","2028-04-15","fall_harbor_staging",0,1,1,"available"
"oscoda_mi/chinook_salmon","2028-04-22","fall_harbor_staging",0,1,1,"available"
"oscoda_mi/chinook_salmon","2028-04-29","fall_harbor_staging",0,1,1,"available"
"oscoda_mi/chinook_salmon","2028-05-06","fall_harbor_staging",0,1,1,"available"
"oscoda_mi/chinook_salmon","2028-05-13","fall_harbor_staging",0,1,1,"available"
"oscoda_mi/chinook_salmon","2028-05-20","fall_harbor_staging",0,1,1,"available"
"oscoda_mi/chinook_salmon","2028-05-27","fall_harbor_staging",0,1,1,"available"
"oscoda_mi/chinook_salmon","2028-06-03","fall_harbor_staging",0,1,1,"available"
"oscoda_mi/chinook_salmon","2028-06-10","fall_harbor_staging",0,1,1,"available"
"oscoda_mi/chinook_salmon","2028-06-17","fall_harbor_staging",0.0055,1.0245,1.0245,"available"
"oscoda_mi/chinook_salmon","2028-06-24","fall_harbor_staging",0.0245,1.1105,1.1105,"available"
"oscoda_mi/chinook_salmon","2028-07-01","fall_harbor_staging",0.0436,1.1964,1.1964,"available"
"oscoda_mi/chinook_salmon","2028-07-08","fall_harbor_staging",0.0627,1.2823,1.2823,"available"
"oscoda_mi/chinook_salmon","2028-07-15","fall_harbor_staging",0.0818,1.3682,1.3682,"available"
"oscoda_mi/chinook_salmon","2028-07-22","fall_harbor_staging",0.1009,1.4541,1.4541,"available"
"oscoda_mi/chinook_salmon","2028-07-29","fall_harbor_staging",0.12,1.54,1.54,"available"
"oscoda_mi/chinook_salmon","2028-08-05","fall_harbor_staging",0.1391,1.6259,1.6259,"available"
"oscoda_mi/chinook_salmon","2028-08-12","fall_harbor_staging",0.1582,1.7118,1.7118,"available"
"oscoda_mi/chinook_salmon","2028-08-19","fall_harbor_staging",0.1773,1.7977,1.7977,"available"
"oscoda_mi/chinook_salmon","2028-08-26","fall_harbor_staging",0.3497,2.5734,2.5734,"available"
"oscoda_mi/chinook_salmon","2028-09-02","fall_harbor_staging",0.5476,3.4641,3.4641,"available"
"oscoda_mi/chinook_salmon","2028-09-09","fall_harbor_staging",0.7455,4.3548,4.3548,"available"
"oscoda_mi/chinook_salmon","2028-09-16","fall_harbor_staging",0.9434,5.2455,5.2455,"available"
"oscoda_mi/chinook_salmon","2028-09-23","fall_harbor_staging",0.9167,5.125,5.125,"available"
"oscoda_mi/chinook_salmon","2028-09-30","fall_harbor_staging",0.8,4.6,4.6,"available"
"oscoda_mi/chinook_salmon","2028-10-07","fall_harbor_staging",0.6833,4.075,4.075,"available"
"oscoda_mi/chinook_salmon","2028-10-14","fall_harbor_staging",0.5667,3.55,3.55,"available"
"oscoda_mi/chinook_salmon","2028-10-21","fall_harbor_staging",0.4668,3.1005,3.1005,"available"
"oscoda_mi/chinook_salmon","2028-10-28","fall_harbor_staging",0.3697,2.6635,2.6635,"available"
"oscoda_mi/chinook_salmon","2028-11-04","fall_harbor_staging",0.2726,2.2266,2.2266,"available"
"oscoda_mi/chinook_salmon","2028-11-11","fall_harbor_staging",0.1755,1.7897,1.7897,"available"
"oscoda_mi/chinook_salmon","2028-11-18","fall_harbor_staging",0.108,1.486,1.486,"available"
"oscoda_mi/chinook_salmon","2028-11-25","fall_harbor_staging",0.08,1.36,1.36,"available"
"oscoda_mi/chinook_salmon","2028-12-02","fall_harbor_staging",0.052,1.234,1.234,"available"
"oscoda_mi/chinook_salmon","2028-12-09","fall_harbor_staging",0.024,1.108,1.108,"available"
"oscoda_mi/chinook_salmon","2028-12-16","fall_harbor_staging",0,1,1,"available"
"oscoda_mi/chinook_salmon","2028-12-23","fall_harbor_staging",0,1,1,"available"
"oscoda_mi/chinook_salmon","2028-12-30","fall_harbor_staging",0,1,1,"available"
"oscoda_mi/smallmouth_bass","2028-01-01","warm_season_pier",0,1,1,"available"
"oscoda_mi/smallmouth_bass","2028-01-08","warm_season_pier",0,1,1,"available"
"oscoda_mi/smallmouth_bass","2028-01-15","warm_season_pier",0,1,1,"available"
"oscoda_mi/smallmouth_bass","2028-01-22","warm_season_pier",0,1,1,"available"
"oscoda_mi/smallmouth_bass","2028-01-29","warm_season_pier",0,1,1,"available"
"oscoda_mi/smallmouth_bass","2028-02-05","warm_season_pier",0,1,1,"available"
"oscoda_mi/smallmouth_bass","2028-02-12","warm_season_pier",0,1,1,"available"
"oscoda_mi/smallmouth_bass","2028-02-19","warm_season_pier",0,1,1,"available"
"oscoda_mi/smallmouth_bass","2028-02-26","warm_season_pier",0,1,1,"available"
"oscoda_mi/smallmouth_bass","2028-03-04","warm_season_pier",0,1,1,"available"
"oscoda_mi/smallmouth_bass","2028-03-11","warm_season_pier",0,1,1,"available"
"oscoda_mi/smallmouth_bass","2028-03-18","warm_season_pier",0.0204,1.0715,1.0715,"available"
"oscoda_mi/smallmouth_bass","2028-03-25","warm_season_pier",0.0681,1.2383,1.2383,"available"
"oscoda_mi/smallmouth_bass","2028-04-01","warm_season_pier",0.1157,1.4051,1.4051,"available"
"oscoda_mi/smallmouth_bass","2028-04-08","warm_season_pier",0.1634,1.5719,1.5719,"available"
"oscoda_mi/smallmouth_bass","2028-04-15","warm_season_pier",0.2111,1.7387,1.7387,"available"
"oscoda_mi/smallmouth_bass","2028-04-22","warm_season_pier",0.2587,1.9055,1.9055,"available"
"oscoda_mi/smallmouth_bass","2028-04-29","warm_season_pier",0.3064,2.0723,2.0723,"available"
"oscoda_mi/smallmouth_bass","2028-05-06","warm_season_pier",0.3711,2.2989,2.2989,"available"
"oscoda_mi/smallmouth_bass","2028-05-13","warm_season_pier",0.4427,2.5493,2.5493,"available"
"oscoda_mi/smallmouth_bass","2028-05-20","warm_season_pier",0.5142,2.7998,2.7998,"available"
"oscoda_mi/smallmouth_bass","2028-05-27","warm_season_pier",0.5858,3.0502,3.0502,"available"
"oscoda_mi/smallmouth_bass","2028-06-03","warm_season_pier",0.6573,3.3007,3.3007,"available"
"oscoda_mi/smallmouth_bass","2028-06-10","warm_season_pier",0.7289,3.5511,3.5511,"available"
"oscoda_mi/smallmouth_bass","2028-06-17","warm_season_pier",0.7926,3.774,3.774,"available"
"oscoda_mi/smallmouth_bass","2028-06-24","warm_season_pier",0.8366,3.928,3.928,"available"
"oscoda_mi/smallmouth_bass","2028-07-01","warm_season_pier",0.8806,4.082,4.082,"available"
"oscoda_mi/smallmouth_bass","2028-07-08","warm_season_pier",0.9246,4.236,4.236,"available"
"oscoda_mi/smallmouth_bass","2028-07-15","warm_season_pier",0.9686,4.39,4.39,"available"
"oscoda_mi/smallmouth_bass","2028-07-22","warm_season_pier",0.9885,4.4596,4.4596,"available"
"oscoda_mi/smallmouth_bass","2028-07-29","warm_season_pier",0.9481,4.3183,4.3183,"available"
"oscoda_mi/smallmouth_bass","2028-08-05","warm_season_pier",0.9077,4.1769,4.1769,"available"
"oscoda_mi/smallmouth_bass","2028-08-12","warm_season_pier",0.8673,4.0356,4.0356,"available"
"oscoda_mi/smallmouth_bass","2028-08-19","warm_season_pier",0.8269,3.8942,3.8942,"available"
"oscoda_mi/smallmouth_bass","2028-08-26","warm_season_pier",0.7865,3.7529,3.7529,"available"
"oscoda_mi/smallmouth_bass","2028-09-02","warm_season_pier",0.7462,3.6115,3.6115,"available"
"oscoda_mi/smallmouth_bass","2028-09-09","warm_season_pier",0.7058,3.4702,3.4702,"available"
"oscoda_mi/smallmouth_bass","2028-09-16","warm_season_pier",0.625,3.1875,3.1875,"available"
"oscoda_mi/smallmouth_bass","2028-09-23","warm_season_pier",0.5375,2.8812,2.8812,"available"
"oscoda_mi/smallmouth_bass","2028-09-30","warm_season_pier",0.45,2.575,2.575,"available"
"oscoda_mi/smallmouth_bass","2028-10-07","warm_season_pier",0.3625,2.2688,2.2688,"available"
"oscoda_mi/smallmouth_bass","2028-10-14","warm_season_pier",0.275,1.9625,1.9625,"available"
"oscoda_mi/smallmouth_bass","2028-10-21","warm_season_pier",0.1923,1.6731,1.6731,"available"
"oscoda_mi/smallmouth_bass","2028-10-28","warm_season_pier",0.1385,1.4846,1.4846,"available"
"oscoda_mi/smallmouth_bass","2028-11-04","warm_season_pier",0.0846,1.2962,1.2962,"available"
"oscoda_mi/smallmouth_bass","2028-11-11","warm_season_pier",0.0308,1.1077,1.1077,"available"
"oscoda_mi/smallmouth_bass","2028-11-18","warm_season_pier",0,1,1,"available"
"oscoda_mi/smallmouth_bass","2028-11-25","warm_season_pier",0,1,1,"available"
"oscoda_mi/smallmouth_bass","2028-12-02","warm_season_pier",0,1,1,"available"
"oscoda_mi/smallmouth_bass","2028-12-09","warm_season_pier",0,1,1,"available"
"oscoda_mi/smallmouth_bass","2028-12-16","warm_season_pier",0,1,1,"available"
"oscoda_mi/smallmouth_bass","2028-12-23","warm_season_pier",0,1,1,"available"
"oscoda_mi/smallmouth_bass","2028-12-30","warm_season_pier",0,1,1,"available"
"oscoda_mi/channel_catfish","2028-01-01","warm_season_bottom_fishery",0,1,1,"available"
"oscoda_mi/channel_catfish","2028-01-08","warm_season_bottom_fishery",0,1,1,"available"
"oscoda_mi/channel_catfish","2028-01-15","warm_season_bottom_fishery",0,1,1,"available"
"oscoda_mi/channel_catfish","2028-01-22","warm_season_bottom_fishery",0,1,1,"available"
"oscoda_mi/channel_catfish","2028-01-29","warm_season_bottom_fishery",0,1,1,"available"
"oscoda_mi/channel_catfish","2028-02-05","warm_season_bottom_fishery",0,1,1,"available"
"oscoda_mi/channel_catfish","2028-02-12","warm_season_bottom_fishery",0,1,1,"available"
"oscoda_mi/channel_catfish","2028-02-19","warm_season_bottom_fishery",0,1,1,"available"
"oscoda_mi/channel_catfish","2028-02-26","warm_season_bottom_fishery",0,1,1,"available"
"oscoda_mi/channel_catfish","2028-03-04","warm_season_bottom_fishery",0,1,1,"available"
"oscoda_mi/channel_catfish","2028-03-11","warm_season_bottom_fishery",0,1,1,"available"
"oscoda_mi/channel_catfish","2028-03-18","warm_season_bottom_fishery",0.0204,1.0654,1.0654,"available"
"oscoda_mi/channel_catfish","2028-03-25","warm_season_bottom_fishery",0.0681,1.2179,1.2179,"available"
"oscoda_mi/channel_catfish","2028-04-01","warm_season_bottom_fishery",0.1157,1.3704,1.3704,"available"
"oscoda_mi/channel_catfish","2028-04-08","warm_season_bottom_fishery",0.1634,1.5229,1.5229,"available"
"oscoda_mi/channel_catfish","2028-04-15","warm_season_bottom_fishery",0.2111,1.6754,1.6754,"available"
"oscoda_mi/channel_catfish","2028-04-22","warm_season_bottom_fishery",0.2587,1.8279,1.8279,"available"
"oscoda_mi/channel_catfish","2028-04-29","warm_season_bottom_fishery",0.3064,1.9804,1.9804,"available"
"oscoda_mi/channel_catfish","2028-05-06","warm_season_bottom_fishery",0.3711,2.1876,2.1876,"available"
"oscoda_mi/channel_catfish","2028-05-13","warm_season_bottom_fishery",0.4427,2.4165,2.4165,"available"
"oscoda_mi/channel_catfish","2028-05-20","warm_season_bottom_fishery",0.5142,2.6455,2.6455,"available"
"oscoda_mi/channel_catfish","2028-05-27","warm_season_bottom_fishery",0.5858,2.8745,2.8745,"available"
"oscoda_mi/channel_catfish","2028-06-03","warm_season_bottom_fishery",0.6573,3.1035,3.1035,"available"
"oscoda_mi/channel_catfish","2028-06-10","warm_season_bottom_fishery",0.7289,3.3324,3.3324,"available"
"oscoda_mi/channel_catfish","2028-06-17","warm_season_bottom_fishery",0.7926,3.5362,3.5362,"available"
"oscoda_mi/channel_catfish","2028-06-24","warm_season_bottom_fishery",0.8366,3.677,3.677,"available"
"oscoda_mi/channel_catfish","2028-07-01","warm_season_bottom_fishery",0.8806,3.8178,3.8178,"available"
"oscoda_mi/channel_catfish","2028-07-08","warm_season_bottom_fishery",0.9246,3.9586,3.9586,"available"
"oscoda_mi/channel_catfish","2028-07-15","warm_season_bottom_fishery",0.9686,4.0994,4.0994,"available"
"oscoda_mi/channel_catfish","2028-07-22","warm_season_bottom_fishery",0.9885,4.1631,4.1631,"available"
"oscoda_mi/channel_catfish","2028-07-29","warm_season_bottom_fishery",0.9481,4.0338,4.0338,"available"
"oscoda_mi/channel_catfish","2028-08-05","warm_season_bottom_fishery",0.9077,3.9046,3.9046,"available"
"oscoda_mi/channel_catfish","2028-08-12","warm_season_bottom_fishery",0.8673,3.7754,3.7754,"available"
"oscoda_mi/channel_catfish","2028-08-19","warm_season_bottom_fishery",0.8269,3.6462,3.6462,"available"
"oscoda_mi/channel_catfish","2028-08-26","warm_season_bottom_fishery",0.7865,3.5169,3.5169,"available"
"oscoda_mi/channel_catfish","2028-09-02","warm_season_bottom_fishery",0.7462,3.3877,3.3877,"available"
"oscoda_mi/channel_catfish","2028-09-09","warm_season_bottom_fishery",0.7058,3.2585,3.2585,"available"
"oscoda_mi/channel_catfish","2028-09-16","warm_season_bottom_fishery",0.625,3,3,"available"
"oscoda_mi/channel_catfish","2028-09-23","warm_season_bottom_fishery",0.5375,2.72,2.72,"available"
"oscoda_mi/channel_catfish","2028-09-30","warm_season_bottom_fishery",0.45,2.44,2.44,"available"
"oscoda_mi/channel_catfish","2028-10-07","warm_season_bottom_fishery",0.3625,2.16,2.16,"available"
"oscoda_mi/channel_catfish","2028-10-14","warm_season_bottom_fishery",0.275,1.88,1.88,"available"
"oscoda_mi/channel_catfish","2028-10-21","warm_season_bottom_fishery",0.1923,1.6154,1.6154,"available"
"oscoda_mi/channel_catfish","2028-10-28","warm_season_bottom_fishery",0.1385,1.4431,1.4431,"available"
"oscoda_mi/channel_catfish","2028-11-04","warm_season_bottom_fishery",0.0846,1.2708,1.2708,"available"
"oscoda_mi/channel_catfish","2028-11-11","warm_season_bottom_fishery",0.0308,1.0985,1.0985,"available"
"oscoda_mi/channel_catfish","2028-11-18","warm_season_bottom_fishery",0,1,1,"available"
"oscoda_mi/channel_catfish","2028-11-25","warm_season_bottom_fishery",0,1,1,"available"
"oscoda_mi/channel_catfish","2028-12-02","warm_season_bottom_fishery",0,1,1,"available"
"oscoda_mi/channel_catfish","2028-12-09","warm_season_bottom_fishery",0,1,1,"available"
"oscoda_mi/channel_catfish","2028-12-16","warm_season_bottom_fishery",0,1,1,"available"
"oscoda_mi/channel_catfish","2028-12-23","warm_season_bottom_fishery",0,1,1,"available"
"oscoda_mi/channel_catfish","2028-12-30","warm_season_bottom_fishery",0,1,1,"available"
"oscoda_mi/freshwater_drum","2028-01-01","warm_season_bottom_fishery",0,1,1,"available"
"oscoda_mi/freshwater_drum","2028-01-08","warm_season_bottom_fishery",0,1,1,"available"
"oscoda_mi/freshwater_drum","2028-01-15","warm_season_bottom_fishery",0,1,1,"available"
"oscoda_mi/freshwater_drum","2028-01-22","warm_season_bottom_fishery",0,1,1,"available"
"oscoda_mi/freshwater_drum","2028-01-29","warm_season_bottom_fishery",0,1,1,"available"
"oscoda_mi/freshwater_drum","2028-02-05","warm_season_bottom_fishery",0,1,1,"available"
"oscoda_mi/freshwater_drum","2028-02-12","warm_season_bottom_fishery",0,1,1,"available"
"oscoda_mi/freshwater_drum","2028-02-19","warm_season_bottom_fishery",0,1,1,"available"
"oscoda_mi/freshwater_drum","2028-02-26","warm_season_bottom_fishery",0,1,1,"available"
"oscoda_mi/freshwater_drum","2028-03-04","warm_season_bottom_fishery",0,1,1,"available"
"oscoda_mi/freshwater_drum","2028-03-11","warm_season_bottom_fishery",0,1,1,"available"
"oscoda_mi/freshwater_drum","2028-03-18","warm_season_bottom_fishery",0.0204,1.0592,1.0592,"available"
"oscoda_mi/freshwater_drum","2028-03-25","warm_season_bottom_fishery",0.0681,1.1974,1.1974,"available"
"oscoda_mi/freshwater_drum","2028-04-01","warm_season_bottom_fishery",0.1157,1.3357,1.3357,"available"
"oscoda_mi/freshwater_drum","2028-04-08","warm_season_bottom_fishery",0.1634,1.4739,1.4739,"available"
"oscoda_mi/freshwater_drum","2028-04-15","warm_season_bottom_fishery",0.2111,1.6121,1.6121,"available"
"oscoda_mi/freshwater_drum","2028-04-22","warm_season_bottom_fishery",0.2587,1.7503,1.7503,"available"
"oscoda_mi/freshwater_drum","2028-04-29","warm_season_bottom_fishery",0.3064,1.8885,1.8885,"available"
"oscoda_mi/freshwater_drum","2028-05-06","warm_season_bottom_fishery",0.3711,2.0762,2.0762,"available"
"oscoda_mi/freshwater_drum","2028-05-13","warm_season_bottom_fishery",0.4427,2.2837,2.2837,"available"
"oscoda_mi/freshwater_drum","2028-05-20","warm_season_bottom_fishery",0.5142,2.4912,2.4912,"available"
"oscoda_mi/freshwater_drum","2028-05-27","warm_season_bottom_fishery",0.5858,2.6988,2.6988,"available"
"oscoda_mi/freshwater_drum","2028-06-03","warm_season_bottom_fishery",0.6573,2.9063,2.9063,"available"
"oscoda_mi/freshwater_drum","2028-06-10","warm_season_bottom_fishery",0.7289,3.1138,3.1138,"available"
"oscoda_mi/freshwater_drum","2028-06-17","warm_season_bottom_fishery",0.7926,3.2985,3.2985,"available"
"oscoda_mi/freshwater_drum","2028-06-24","warm_season_bottom_fishery",0.8366,3.4261,3.4261,"available"
"oscoda_mi/freshwater_drum","2028-07-01","warm_season_bottom_fishery",0.8806,3.5537,3.5537,"available"
"oscoda_mi/freshwater_drum","2028-07-08","warm_season_bottom_fishery",0.9246,3.6813,3.6813,"available"
"oscoda_mi/freshwater_drum","2028-07-15","warm_season_bottom_fishery",0.9686,3.8089,3.8089,"available"
"oscoda_mi/freshwater_drum","2028-07-22","warm_season_bottom_fishery",0.9885,3.8665,3.8665,"available"
"oscoda_mi/freshwater_drum","2028-07-29","warm_season_bottom_fishery",0.9481,3.7494,3.7494,"available"
"oscoda_mi/freshwater_drum","2028-08-05","warm_season_bottom_fishery",0.9077,3.6323,3.6323,"available"
"oscoda_mi/freshwater_drum","2028-08-12","warm_season_bottom_fishery",0.8673,3.5152,3.5152,"available"
"oscoda_mi/freshwater_drum","2028-08-19","warm_season_bottom_fishery",0.8269,3.3981,3.3981,"available"
"oscoda_mi/freshwater_drum","2028-08-26","warm_season_bottom_fishery",0.7865,3.281,3.281,"available"
"oscoda_mi/freshwater_drum","2028-09-02","warm_season_bottom_fishery",0.7462,3.1638,3.1638,"available"
"oscoda_mi/freshwater_drum","2028-09-09","warm_season_bottom_fishery",0.7058,3.0467,3.0467,"available"
"oscoda_mi/freshwater_drum","2028-09-16","warm_season_bottom_fishery",0.625,2.8125,2.8125,"available"
"oscoda_mi/freshwater_drum","2028-09-23","warm_season_bottom_fishery",0.5375,2.5588,2.5588,"available"
"oscoda_mi/freshwater_drum","2028-09-30","warm_season_bottom_fishery",0.45,2.305,2.305,"available"
"oscoda_mi/freshwater_drum","2028-10-07","warm_season_bottom_fishery",0.3625,2.0513,2.0513,"available"
"oscoda_mi/freshwater_drum","2028-10-14","warm_season_bottom_fishery",0.275,1.7975,1.7975,"available"
"oscoda_mi/freshwater_drum","2028-10-21","warm_season_bottom_fishery",0.1923,1.5577,1.5577,"available"
"oscoda_mi/freshwater_drum","2028-10-28","warm_season_bottom_fishery",0.1385,1.4015,1.4015,"available"
"oscoda_mi/freshwater_drum","2028-11-04","warm_season_bottom_fishery",0.0846,1.2454,1.2454,"available"
"oscoda_mi/freshwater_drum","2028-11-11","warm_season_bottom_fishery",0.0308,1.0892,1.0892,"available"
"oscoda_mi/freshwater_drum","2028-11-18","warm_season_bottom_fishery",0,1,1,"available"
"oscoda_mi/freshwater_drum","2028-11-25","warm_season_bottom_fishery",0,1,1,"available"
"oscoda_mi/freshwater_drum","2028-12-02","warm_season_bottom_fishery",0,1,1,"available"
"oscoda_mi/freshwater_drum","2028-12-09","warm_season_bottom_fishery",0,1,1,"available"
"oscoda_mi/freshwater_drum","2028-12-16","warm_season_bottom_fishery",0,1,1,"available"
"oscoda_mi/freshwater_drum","2028-12-23","warm_season_bottom_fishery",0,1,1,"available"
"oscoda_mi/freshwater_drum","2028-12-30","warm_season_bottom_fishery",0,1,1,"available"
"port_sanilac_mi/coho_salmon","2028-01-01","spring_coldwater_pier",0.1419,1.7665,1.7665,"available"
"port_sanilac_mi/coho_salmon","2028-01-08","spring_coldwater_pier",0.151,1.8152,1.8152,"available"
"port_sanilac_mi/coho_salmon","2028-01-15","spring_coldwater_pier",0.16,1.864,1.864,"available"
"port_sanilac_mi/coho_salmon","2028-01-22","spring_coldwater_pier",0.169,1.9128,1.9128,"available"
"port_sanilac_mi/coho_salmon","2028-01-29","spring_coldwater_pier",0.1781,1.9615,1.9615,"available"
"port_sanilac_mi/coho_salmon","2028-02-05","spring_coldwater_pier",0.1871,2.0103,2.0103,"available"
"port_sanilac_mi/coho_salmon","2028-02-12","spring_coldwater_pier",0.1961,2.0591,2.0591,"available"
"port_sanilac_mi/coho_salmon","2028-02-19","spring_coldwater_pier",0.2494,2.3468,2.3468,"available"
"port_sanilac_mi/coho_salmon","2028-02-26","spring_coldwater_pier",0.3359,2.8138,2.8138,"available"
"port_sanilac_mi/coho_salmon","2028-03-04","spring_coldwater_pier",0.4224,3.2807,3.2807,"available"
"port_sanilac_mi/coho_salmon","2028-03-11","spring_coldwater_pier",0.5088,3.7476,3.7476,"available"
"port_sanilac_mi/coho_salmon","2028-03-18","spring_coldwater_pier",0.5953,4.2146,4.2146,"available"
"port_sanilac_mi/coho_salmon","2028-03-25","spring_coldwater_pier",0.6813,4.679,4.679,"available"
"port_sanilac_mi/coho_salmon","2028-04-01","spring_coldwater_pier",0.7671,5.1423,5.1423,"available"
"port_sanilac_mi/coho_salmon","2028-04-08","spring_coldwater_pier",0.8529,5.6057,5.6057,"available"
"port_sanilac_mi/coho_salmon","2028-04-15","spring_coldwater_pier",0.9387,6.069,6.069,"available"
"port_sanilac_mi/coho_salmon","2028-04-22","spring_coldwater_pier",0.972,6.2488,6.2488,"available"
"port_sanilac_mi/coho_salmon","2028-04-29","spring_coldwater_pier",0.874,5.7196,5.7196,"available"
"port_sanilac_mi/coho_salmon","2028-05-06","spring_coldwater_pier",0.776,5.1904,5.1904,"available"
"port_sanilac_mi/coho_salmon","2028-05-13","spring_coldwater_pier",0.678,4.6612,4.6612,"available"
"port_sanilac_mi/coho_salmon","2028-05-20","spring_coldwater_pier",0.58,4.132,4.132,"available"
"port_sanilac_mi/coho_salmon","2028-05-27","spring_coldwater_pier",0.449,3.4248,3.4248,"available"
"port_sanilac_mi/coho_salmon","2028-06-03","spring_coldwater_pier",0.3181,2.7175,2.7175,"available"
"port_sanilac_mi/coho_salmon","2028-06-10","spring_coldwater_pier",0.1871,2.0103,2.0103,"available"
"port_sanilac_mi/coho_salmon","2028-06-17","spring_coldwater_pier",0.0561,1.3031,1.3031,"available"
"port_sanilac_mi/coho_salmon","2028-06-24","fall_harbor_staging",0.0245,1.1178,1.1178,"available"
"port_sanilac_mi/coho_salmon","2028-07-01","fall_harbor_staging",0.0436,1.2095,1.2095,"available"
"port_sanilac_mi/coho_salmon","2028-07-08","fall_harbor_staging",0.0627,1.3011,1.3011,"available"
"port_sanilac_mi/coho_salmon","2028-07-15","fall_harbor_staging",0.0818,1.3927,1.3927,"available"
"port_sanilac_mi/coho_salmon","2028-07-22","fall_harbor_staging",0.1009,1.4844,1.4844,"available"
"port_sanilac_mi/coho_salmon","2028-07-29","fall_harbor_staging",0.12,1.576,1.576,"available"
"port_sanilac_mi/coho_salmon","2028-08-05","fall_harbor_staging",0.1391,1.6676,1.6676,"available"
"port_sanilac_mi/coho_salmon","2028-08-12","fall_harbor_staging",0.1582,1.7593,1.7593,"available"
"port_sanilac_mi/coho_salmon","2028-08-19","fall_harbor_staging",0.1773,1.8509,1.8509,"available"
"port_sanilac_mi/coho_salmon","2028-08-26","fall_harbor_staging",0.3497,2.6783,2.6783,"available"
"port_sanilac_mi/coho_salmon","2028-09-02","fall_harbor_staging",0.5476,3.6284,3.6284,"available"
"port_sanilac_mi/coho_salmon","2028-09-09","fall_harbor_staging",0.7455,4.5785,4.5785,"available"
"port_sanilac_mi/coho_salmon","2028-09-16","fall_harbor_staging",0.9434,5.5286,5.5286,"available"
"port_sanilac_mi/coho_salmon","2028-09-23","fall_harbor_staging",0.9167,5.4,5.4,"available"
"port_sanilac_mi/coho_salmon","2028-09-30","fall_harbor_staging",0.8,4.84,4.84,"available"
"port_sanilac_mi/coho_salmon","2028-10-07","fall_harbor_staging",0.6833,4.28,4.28,"available"
"port_sanilac_mi/coho_salmon","2028-10-14","fall_harbor_staging",0.5667,3.72,3.72,"available"
"port_sanilac_mi/coho_salmon","2028-10-21","fall_harbor_staging",0.4668,3.2405,3.2405,"available"
"port_sanilac_mi/coho_salmon","2028-10-28","fall_harbor_staging",0.3697,2.7745,2.7745,"available"
"port_sanilac_mi/coho_salmon","2028-11-04","fall_harbor_staging",0.2726,2.3084,2.3084,"available"
"port_sanilac_mi/coho_salmon","2028-11-11","fall_harbor_staging",0.1755,1.8423,1.8423,"available"
"port_sanilac_mi/coho_salmon","2028-11-18","fall_harbor_staging",0.108,1.5184,1.5184,"available"
"port_sanilac_mi/coho_salmon","2028-11-25","spring_coldwater_pier",0.0807,1.4355,1.4355,"available"
"port_sanilac_mi/coho_salmon","2028-12-02","spring_coldwater_pier",0.0944,1.5099,1.5099,"available"
"port_sanilac_mi/coho_salmon","2028-12-09","spring_coldwater_pier",0.1082,1.5843,1.5843,"available"
"port_sanilac_mi/coho_salmon","2028-12-16","spring_coldwater_pier",0.1213,1.655,1.655,"available"
"port_sanilac_mi/coho_salmon","2028-12-23","spring_coldwater_pier",0.1303,1.7037,1.7037,"available"
"port_sanilac_mi/coho_salmon","2028-12-30","spring_coldwater_pier",0.1394,1.7525,1.7525,"available"
"port_sanilac_mi/steelhead","2028-01-01","spring_coldwater_pier",0.1419,1.4968,1.4968,"available"
"port_sanilac_mi/steelhead","2028-01-08","spring_coldwater_pier",0.151,1.5284,1.5284,"available"
"port_sanilac_mi/steelhead","2028-01-15","spring_coldwater_pier",0.16,1.56,1.56,"available"
"port_sanilac_mi/steelhead","2028-01-22","spring_coldwater_pier",0.169,1.5916,1.5916,"available"
"port_sanilac_mi/steelhead","2028-01-29","spring_coldwater_pier",0.1781,1.6232,1.6232,"available"
"port_sanilac_mi/steelhead","2028-02-05","spring_coldwater_pier",0.1871,1.6548,1.6548,"available"
"port_sanilac_mi/steelhead","2028-02-12","spring_coldwater_pier",0.1961,1.6865,1.6865,"available"
"port_sanilac_mi/steelhead","2028-02-19","spring_coldwater_pier",0.2494,1.8729,1.8729,"available"
"port_sanilac_mi/steelhead","2028-02-26","spring_coldwater_pier",0.3359,2.1756,2.1756,"available"
"port_sanilac_mi/steelhead","2028-03-04","spring_coldwater_pier",0.4224,2.4782,2.4782,"available"
"port_sanilac_mi/steelhead","2028-03-11","spring_coldwater_pier",0.5088,2.7809,2.7809,"available"
"port_sanilac_mi/steelhead","2028-03-18","spring_coldwater_pier",0.5953,3.0835,3.0835,"available"
"port_sanilac_mi/steelhead","2028-03-25","spring_coldwater_pier",0.6813,3.3845,3.3845,"available"
"port_sanilac_mi/steelhead","2028-04-01","spring_coldwater_pier",0.7671,3.6848,3.6848,"available"
"port_sanilac_mi/steelhead","2028-04-08","spring_coldwater_pier",0.8529,3.9852,3.9852,"available"
"port_sanilac_mi/steelhead","2028-04-15","spring_coldwater_pier",0.9387,4.2855,4.2855,"available"
"port_sanilac_mi/steelhead","2028-04-22","spring_coldwater_pier",0.972,4.402,4.402,"available"
"port_sanilac_mi/steelhead","2028-04-29","spring_coldwater_pier",0.874,4.059,4.059,"available"
"port_sanilac_mi/steelhead","2028-05-06","spring_coldwater_pier",0.776,3.716,3.716,"available"
"port_sanilac_mi/steelhead","2028-05-13","spring_coldwater_pier",0.678,3.373,3.373,"available"
"port_sanilac_mi/steelhead","2028-05-20","spring_coldwater_pier",0.58,3.03,3.03,"available"
"port_sanilac_mi/steelhead","2028-05-27","spring_coldwater_pier",0.449,2.5716,2.5716,"available"
"port_sanilac_mi/steelhead","2028-06-03","spring_coldwater_pier",0.3181,2.1132,2.1132,"available"
"port_sanilac_mi/steelhead","2028-06-10","spring_coldwater_pier",0.1871,1.6548,1.6548,"available"
"port_sanilac_mi/steelhead","2028-06-17","spring_coldwater_pier",0.0561,1.1965,1.1965,"available"
"port_sanilac_mi/steelhead","2028-06-24","fall_harbor_staging",0.0245,1.081,1.081,"available"
"port_sanilac_mi/steelhead","2028-07-01","fall_harbor_staging",0.0436,1.144,1.144,"available"
"port_sanilac_mi/steelhead","2028-07-08","fall_harbor_staging",0.0627,1.207,1.207,"available"
"port_sanilac_mi/steelhead","2028-07-15","fall_harbor_staging",0.0818,1.27,1.27,"available"
"port_sanilac_mi/steelhead","2028-07-22","fall_harbor_staging",0.1009,1.333,1.333,"available"
"port_sanilac_mi/steelhead","2028-07-29","fall_harbor_staging",0.12,1.396,1.396,"available"
"port_sanilac_mi/steelhead","2028-08-05","fall_harbor_staging",0.1391,1.459,1.459,"available"
"port_sanilac_mi/steelhead","2028-08-12","fall_harbor_staging",0.1582,1.522,1.522,"available"
"port_sanilac_mi/steelhead","2028-08-19","fall_harbor_staging",0.1773,1.585,1.585,"available"
"port_sanilac_mi/steelhead","2028-08-26","fall_harbor_staging",0.3497,2.1539,2.1539,"available"
"port_sanilac_mi/steelhead","2028-09-02","fall_harbor_staging",0.5476,2.807,2.807,"available"
"port_sanilac_mi/steelhead","2028-09-09","fall_harbor_staging",0.7455,3.4602,3.4602,"available"
"port_sanilac_mi/steelhead","2028-09-16","fall_harbor_staging",0.9434,4.1134,4.1134,"available"
"port_sanilac_mi/steelhead","2028-09-23","fall_harbor_staging",0.9167,4.025,4.025,"available"
"port_sanilac_mi/steelhead","2028-09-30","fall_harbor_staging",0.8,3.64,3.64,"available"
"port_sanilac_mi/steelhead","2028-10-07","fall_harbor_staging",0.6833,3.255,3.255,"available"
"port_sanilac_mi/steelhead","2028-10-14","fall_harbor_staging",0.5667,2.87,2.87,"available"
"port_sanilac_mi/steelhead","2028-10-21","fall_harbor_staging",0.4668,2.5404,2.5404,"available"
"port_sanilac_mi/steelhead","2028-10-28","fall_harbor_staging",0.3697,2.2199,2.2199,"available"
"port_sanilac_mi/steelhead","2028-11-04","fall_harbor_staging",0.2726,1.8995,1.8995,"available"
"port_sanilac_mi/steelhead","2028-11-11","fall_harbor_staging",0.1755,1.5791,1.5791,"available"
"port_sanilac_mi/steelhead","2028-11-18","fall_harbor_staging",0.108,1.3564,1.3564,"available"
"port_sanilac_mi/steelhead","2028-11-25","spring_coldwater_pier",0.0807,1.2823,1.2823,"available"
"port_sanilac_mi/steelhead","2028-12-02","spring_coldwater_pier",0.0944,1.3305,1.3305,"available"
"port_sanilac_mi/steelhead","2028-12-09","spring_coldwater_pier",0.1082,1.3787,1.3787,"available"
"port_sanilac_mi/steelhead","2028-12-16","spring_coldwater_pier",0.1213,1.4245,1.4245,"available"
"port_sanilac_mi/steelhead","2028-12-23","spring_coldwater_pier",0.1303,1.4561,1.4561,"available"
"port_sanilac_mi/steelhead","2028-12-30","spring_coldwater_pier",0.1394,1.4877,1.4877,"available"
"port_sanilac_mi/northern_pike","2028-01-01","warm_season_breakwall",0,1,1,"available"
"port_sanilac_mi/northern_pike","2028-01-08","warm_season_breakwall",0,1,1,"available"
"port_sanilac_mi/northern_pike","2028-01-15","warm_season_breakwall",0,1,1,"available"
"port_sanilac_mi/northern_pike","2028-01-22","warm_season_breakwall",0,1,1,"available"
"port_sanilac_mi/northern_pike","2028-01-29","warm_season_breakwall",0,1,1,"available"
"port_sanilac_mi/northern_pike","2028-02-05","warm_season_breakwall",0,1,1,"available"
"port_sanilac_mi/northern_pike","2028-02-12","warm_season_breakwall",0,1,1,"available"
"port_sanilac_mi/northern_pike","2028-02-19","warm_season_breakwall",0,1,1,"available"
"port_sanilac_mi/northern_pike","2028-02-26","warm_season_breakwall",0,1,1,"available"
"port_sanilac_mi/northern_pike","2028-03-04","warm_season_breakwall",0,1,1,"available"
"port_sanilac_mi/northern_pike","2028-03-11","warm_season_breakwall",0,1,1,"available"
"port_sanilac_mi/northern_pike","2028-03-18","warm_season_breakwall",0.0204,1.0837,1.0837,"available"
"port_sanilac_mi/northern_pike","2028-03-25","warm_season_breakwall",0.0681,1.2791,1.2791,"available"
"port_sanilac_mi/northern_pike","2028-04-01","warm_season_breakwall",0.1157,1.4746,1.4746,"available"
"port_sanilac_mi/northern_pike","2028-04-08","warm_season_breakwall",0.1634,1.67,1.67,"available"
"port_sanilac_mi/northern_pike","2028-04-15","warm_season_breakwall",0.2111,1.8654,1.8654,"available"
"port_sanilac_mi/northern_pike","2028-04-22","warm_season_breakwall",0.2587,2.0608,2.0608,"available"
"port_sanilac_mi/northern_pike","2028-04-29","warm_season_breakwall",0.3064,2.2562,2.2562,"available"
"port_sanilac_mi/northern_pike","2028-05-06","warm_season_breakwall",0.3711,2.5216,2.5216,"available"
"port_sanilac_mi/northern_pike","2028-05-13","warm_season_breakwall",0.4427,2.8149,2.8149,"available"
"port_sanilac_mi/northern_pike","2028-05-20","warm_season_breakwall",0.5142,3.1083,3.1083,"available"
"port_sanilac_mi/northern_pike","2028-05-27","warm_season_breakwall",0.5858,3.4017,3.4017,"available"
"port_sanilac_mi/northern_pike","2028-06-03","warm_season_breakwall",0.6573,3.6951,3.6951,"available"
"port_sanilac_mi/northern_pike","2028-06-10","warm_season_breakwall",0.7289,3.9884,3.9884,"available"
"port_sanilac_mi/northern_pike","2028-06-17","warm_season_breakwall",0.7926,4.2495,4.2495,"available"
"port_sanilac_mi/northern_pike","2028-06-24","warm_season_breakwall",0.8366,4.4299,4.4299,"available"
"port_sanilac_mi/northern_pike","2028-07-01","warm_season_breakwall",0.8806,4.6103,4.6103,"available"
"port_sanilac_mi/northern_pike","2028-07-08","warm_season_breakwall",0.9246,4.7907,4.7907,"available"
"port_sanilac_mi/northern_pike","2028-07-15","warm_season_breakwall",0.9686,4.9711,4.9711,"available"
"port_sanilac_mi/northern_pike","2028-07-22","warm_season_breakwall",0.9885,5.0527,5.0527,"available"
"port_sanilac_mi/northern_pike","2028-07-29","warm_season_breakwall",0.9481,4.8871,4.8871,"available"
"port_sanilac_mi/northern_pike","2028-08-05","warm_season_breakwall",0.9077,4.7215,4.7215,"available"
"port_sanilac_mi/northern_pike","2028-08-12","warm_season_breakwall",0.8673,4.556,4.556,"available"
"port_sanilac_mi/northern_pike","2028-08-19","warm_season_breakwall",0.8269,4.3904,4.3904,"available"
"port_sanilac_mi/northern_pike","2028-08-26","warm_season_breakwall",0.7865,4.2248,4.2248,"available"
"port_sanilac_mi/northern_pike","2028-09-02","warm_season_breakwall",0.7462,4.0592,4.0592,"available"
"port_sanilac_mi/northern_pike","2028-09-09","warm_season_breakwall",0.7058,3.8937,3.8937,"available"
"port_sanilac_mi/northern_pike","2028-09-16","warm_season_breakwall",0.625,3.5625,3.5625,"available"
"port_sanilac_mi/northern_pike","2028-09-23","warm_season_breakwall",0.5375,3.2038,3.2038,"available"
"port_sanilac_mi/northern_pike","2028-09-30","warm_season_breakwall",0.45,2.845,2.845,"available"
"port_sanilac_mi/northern_pike","2028-10-07","warm_season_breakwall",0.3625,2.4863,2.4863,"available"
"port_sanilac_mi/northern_pike","2028-10-14","warm_season_breakwall",0.275,2.1275,2.1275,"available"
"port_sanilac_mi/northern_pike","2028-10-21","warm_season_breakwall",0.1923,1.7885,1.7885,"available"
"port_sanilac_mi/northern_pike","2028-10-28","warm_season_breakwall",0.1385,1.5677,1.5677,"available"
"port_sanilac_mi/northern_pike","2028-11-04","warm_season_breakwall",0.0846,1.3469,1.3469,"available"
"port_sanilac_mi/northern_pike","2028-11-11","warm_season_breakwall",0.0308,1.1262,1.1262,"available"
"port_sanilac_mi/northern_pike","2028-11-18","warm_season_breakwall",0,1,1,"available"
"port_sanilac_mi/northern_pike","2028-11-25","warm_season_breakwall",0,1,1,"available"
"port_sanilac_mi/northern_pike","2028-12-02","warm_season_breakwall",0,1,1,"available"
"port_sanilac_mi/northern_pike","2028-12-09","warm_season_breakwall",0,1,1,"available"
"port_sanilac_mi/northern_pike","2028-12-16","warm_season_breakwall",0,1,1,"available"
"port_sanilac_mi/northern_pike","2028-12-23","warm_season_breakwall",0,1,1,"available"
"port_sanilac_mi/northern_pike","2028-12-30","warm_season_breakwall",0,1,1,"available"
