date,stage,daily_score,daily_label,temp_f,flow_cfs,flow_band,spread,05_09,09_13,13_17,17_21,best_block,headline,detail,tip
2025-08-17,pre_run,6,Inactive,75.02,2000,blown_out,1,6,6,5,6,05-09,Today’s Steelhead activity outlook is inactive.,"Conditions provide little environmental support for an aggressive response. The strongest window is 5–9 AM: Clouds or lower light make this window more favorable. The main limitation: Water temperature limits responsiveness. Dependable river presence has not begun. The score applies only to a sparse early Steelhead that may already have entered. This read combines Estabrook flow, measured water temperature, and local weather for the Urban Greenway near Estabrook Park. It does not directly measure Harbor & Downtown or the North Shore above Kletzsch. This read uses a current river level, measured water temperature, and the hourly weather outlook.","Start with 5–9 AM. If conditions change, favor the window that best combines workable light with measured water temperature."
2025-08-16,pre_run,6,Inactive,75.56,2520,blown_out,0,6,6,6,6,05-09,Today’s Steelhead activity outlook is inactive.,"Conditions provide little environmental support for an aggressive response. The strongest window is 5–9 AM: Clouds or lower light make this window more favorable. The main limitation: Water temperature limits responsiveness. Dependable river presence has not begun. The score applies only to a sparse early Steelhead that may already have entered. This read combines Estabrook flow, measured water temperature, and local weather for the Urban Greenway near Estabrook Park. It does not directly measure Harbor & Downtown or the North Shore above Kletzsch. This read uses a current river level, measured water temperature, and the hourly weather outlook.","Start with 5–9 AM. If conditions change, favor the window that best combines workable light with measured water temperature."
2024-08-18,pre_run,13,Inactive,74.3,816,high_fishable,2,13,14,12,13,09-13,Today’s Steelhead activity outlook is inactive.,"Conditions provide little environmental support for an aggressive response. The strongest window is 9 AM–1 PM: The river level and its recent change are favorable. The main limitation: Water temperature limits responsiveness. Dependable river presence has not begun. The score applies only to a sparse early Steelhead that may already have entered. This read combines Estabrook flow, measured water temperature, and local weather for the Urban Greenway near Estabrook Park. It does not directly measure Harbor & Downtown or the North Shore above Kletzsch. This read uses a current river level, measured water temperature, and the hourly weather outlook.","Start with 9 AM–1 PM. If conditions change, favor the window that best combines workable light with measured water temperature."
2024-08-19,pre_run,13,Inactive,73.22,910,high_fishable,1,13,12,13,13,05-09,Today’s Steelhead activity outlook is inactive.,"Conditions provide little environmental support for an aggressive response. The strongest window is 5–9 AM: The river level and its recent change are favorable. The main limitation: Water temperature limits responsiveness. Dependable river presence has not begun. The score applies only to a sparse early Steelhead that may already have entered. This read combines Estabrook flow, measured water temperature, and local weather for the Urban Greenway near Estabrook Park. It does not directly measure Harbor & Downtown or the North Shore above Kletzsch. This read uses a current river level, measured water temperature, and the hourly weather outlook.","Start with 5–9 AM. If conditions change, favor the window that best combines workable light with measured water temperature."
2025-08-19,pre_run,13,Inactive,73.22,1450,high_fishable,1,13,13,13,12,05-09,Today’s Steelhead activity outlook is inactive.,"Conditions provide little environmental support for an aggressive response. The strongest window is 5–9 AM: Clouds or lower light make this window more favorable. The main limitation: Water temperature limits responsiveness. Dependable river presence has not begun. The score applies only to a sparse early Steelhead that may already have entered. This read combines Estabrook flow, measured water temperature, and local weather for the Urban Greenway near Estabrook Park. It does not directly measure Harbor & Downtown or the North Shore above Kletzsch. This read uses a current river level, measured water temperature, and the hourly weather outlook.","Start with 5–9 AM. If conditions change, favor the window that best combines workable light with measured water temperature."
2024-08-20,pre_run,13,Inactive,71.78,789,high_fishable,0,13,13,13,13,05-09,Today’s Steelhead activity outlook is inactive.,"Conditions provide little environmental support for an aggressive response. The strongest window is 5–9 AM: Clouds or lower light make this window more favorable. The main limitation: Water temperature limits responsiveness. Dependable river presence has not begun. The score applies only to a sparse early Steelhead that may already have entered. This read combines Estabrook flow, measured water temperature, and local weather for the Urban Greenway near Estabrook Park. It does not directly measure Harbor & Downtown or the North Shore above Kletzsch. This read uses a current river level, measured water temperature, and the hourly weather outlook.","Start with 5–9 AM. If conditions change, favor the window that best combines workable light with measured water temperature."
2025-08-22,pre_run,14,Inactive,74.3,804,high_fishable,2,13,12,14,14,13-17,Today’s Steelhead activity outlook is inactive.,"Conditions provide little environmental support for an aggressive response. The strongest window is 1–5 PM: Clouds or lower light make this window more favorable. The main limitation: Water temperature limits responsiveness. Dependable river presence has not begun. The score applies only to a sparse early Steelhead that may already have entered. This read combines Estabrook flow, measured water temperature, and local weather for the Urban Greenway near Estabrook Park. It does not directly measure Harbor & Downtown or the North Shore above Kletzsch. This read uses a current river level, measured water temperature, and the hourly weather outlook.","Start with 1–5 PM. If conditions change, favor the window that best combines workable light with measured water temperature."
2024-08-24,pre_run,14,Inactive,71.96,472,ideal,1,14,13,14,14,05-09,Today’s Steelhead activity outlook is inactive.,"Conditions provide little environmental support for an aggressive response. The strongest window is 5–9 AM: The river level and its recent change are favorable. The main limitation: Water temperature limits responsiveness. Dependable river presence has not begun. The score applies only to a sparse early Steelhead that may already have entered. This read combines Estabrook flow, measured water temperature, and local weather for the Urban Greenway near Estabrook Park. It does not directly measure Harbor & Downtown or the North Shore above Kletzsch. This read uses a current river level, measured water temperature, and the hourly weather outlook.","Start with 5–9 AM. If conditions change, favor the window that best combines workable light with measured water temperature."
2024-08-26,pre_run,14,Inactive,76.1,393,ideal,1,14,14,13,14,05-09,Today’s Steelhead activity outlook is inactive.,"Conditions provide little environmental support for an aggressive response. The strongest window is 5–9 AM: The river level and its recent change are favorable. The main limitation: Water temperature limits responsiveness. Dependable river presence has not begun. The score applies only to a sparse early Steelhead that may already have entered. This read combines Estabrook flow, measured water temperature, and local weather for the Urban Greenway near Estabrook Park. It does not directly measure Harbor & Downtown or the North Shore above Kletzsch. This read uses a current river level, measured water temperature, and the hourly weather outlook.","Start with 5–9 AM. If conditions change, favor the window that best combines workable light with measured water temperature."
2024-08-31,pre_run,14,Inactive,73.76,390,ideal,1,14,13,13,14,05-09,Today’s Steelhead activity outlook is inactive.,"Conditions provide little environmental support for an aggressive response. The strongest window is 5–9 AM: The river level and its recent change are favorable. The main limitation: Water temperature limits responsiveness. Dependable river presence has not begun. The score applies only to a sparse early Steelhead that may already have entered. This read combines Estabrook flow, measured water temperature, and local weather for the Urban Greenway near Estabrook Park. It does not directly measure Harbor & Downtown or the North Shore above Kletzsch. This read uses a current river level, measured water temperature, and the hourly weather outlook.","Start with 5–9 AM. If conditions change, favor the window that best combines workable light with measured water temperature."
2024-08-15,pre_run,15,Inactive,73.94,433,ideal,0,15,15,15,15,05-09,Today’s Steelhead activity outlook is inactive.,"Conditions provide little environmental support for an aggressive response. The strongest window is 5–9 AM: The river level and its recent change are favorable. The main limitation: Water temperature limits responsiveness. Dependable river presence has not begun. The score applies only to a sparse early Steelhead that may already have entered. This read combines Estabrook flow, measured water temperature, and local weather for the Urban Greenway near Estabrook Park. It does not directly measure Harbor & Downtown or the North Shore above Kletzsch. This read uses a current river level, measured water temperature, and the hourly weather outlook.","Start with 5–9 AM. If conditions change, favor the window that best combines workable light with measured water temperature."
2024-08-30,pre_run,15,Inactive,74.48,416,ideal,0,15,15,15,15,05-09,Today’s Steelhead activity outlook is inactive.,"Conditions provide little environmental support for an aggressive response. The strongest window is 5–9 AM: The river level and its recent change are favorable. The main limitation: Water temperature limits responsiveness. Dependable river presence has not begun. The score applies only to a sparse early Steelhead that may already have entered. This read combines Estabrook flow, measured water temperature, and local weather for the Urban Greenway near Estabrook Park. It does not directly measure Harbor & Downtown or the North Shore above Kletzsch. This read uses a current river level, measured water temperature, and the hourly weather outlook.","Start with 5–9 AM. If conditions change, favor the window that best combines workable light with measured water temperature."
2025-08-25,pre_run,25,Reserved,69.08,550,ideal,2,24,23,25,25,13-17,Today’s Steelhead activity outlook is reserved.,"Fish may respond selectively, with important environmental limitations. The strongest window is 1–5 PM: The river level and its recent change are favorable. The main limitation: Water temperature limits responsiveness. Dependable river presence has not begun. The score applies only to a sparse early Steelhead that may already have entered. This read combines Estabrook flow, measured water temperature, and local weather for the Urban Greenway near Estabrook Park. It does not directly measure Harbor & Downtown or the North Shore above Kletzsch. This read uses a current river level, measured water temperature, and the hourly weather outlook.","Start with 1–5 PM. If conditions change, favor the window that best combines workable light with measured water temperature."
2025-08-26,pre_run,26,Reserved,67.64,491,ideal,2,26,24,24,26,05-09,Today’s Steelhead activity outlook is reserved.,"Fish may respond selectively, with important environmental limitations. The strongest window is 5–9 AM: The river level and its recent change are favorable. The main limitation: Water temperature limits responsiveness. Dependable river presence has not begun. The score applies only to a sparse early Steelhead that may already have entered. This read combines Estabrook flow, measured water temperature, and local weather for the Urban Greenway near Estabrook Park. It does not directly measure Harbor & Downtown or the North Shore above Kletzsch. This read uses a current river level, measured water temperature, and the hourly weather outlook.","Start with 5–9 AM. If conditions change, favor the window that best combines workable light with measured water temperature."
2025-08-29,pre_run,28,Reserved,67.64,364,ideal,2,28,26,28,27,05-09,Today’s Steelhead activity outlook is reserved.,"Fish may respond selectively, with important environmental limitations. The strongest window is 5–9 AM: The river level and its recent change are favorable. The main limitation: Water temperature limits responsiveness. Dependable river presence has not begun. The score applies only to a sparse early Steelhead that may already have entered. This read combines Estabrook flow, measured water temperature, and local weather for the Urban Greenway near Estabrook Park. It does not directly measure Harbor & Downtown or the North Shore above Kletzsch. This read uses a current river level, measured water temperature, and the hourly weather outlook.","Start with 5–9 AM. If conditions change, favor the window that best combines workable light with measured water temperature."
2024-09-14,beginning,15,Inactive,72.32,226,low,1,16,15,15,15,05-09,Today’s Steelhead activity outlook is inactive.,"Conditions provide little environmental support for an aggressive response. The strongest window is 5–9 AM: Clouds or lower light make this window more favorable. The main limitation: Water temperature limits responsiveness. Early fall Steelhead are entering with energy reserves intact. This score describes feeding or aggressive responsiveness for fish already in the river, not fresh movement. This read combines Estabrook flow, measured water temperature, and local weather for the Urban Greenway near Estabrook Park. It does not directly measure Harbor & Downtown or the North Shore above Kletzsch. This read uses a current river level, measured water temperature, and the hourly weather outlook.","Start with 5–9 AM. If conditions change, favor the window that best combines workable light with measured water temperature."
2024-09-03,beginning,16,Inactive,71.6,345,ideal,2,17,16,15,16,05-09,Today’s Steelhead activity outlook is inactive.,"Conditions provide little environmental support for an aggressive response. The strongest window is 5–9 AM: The river level and its recent change are favorable. The main limitation: Water temperature limits responsiveness. Early fall Steelhead are entering with energy reserves intact. This score describes feeding or aggressive responsiveness for fish already in the river, not fresh movement. This read combines Estabrook flow, measured water temperature, and local weather for the Urban Greenway near Estabrook Park. It does not directly measure Harbor & Downtown or the North Shore above Kletzsch. This read uses a current river level, measured water temperature, and the hourly weather outlook.","Start with 5–9 AM. If conditions change, favor the window that best combines workable light with measured water temperature."
2024-09-02,beginning,16,Inactive,72.32,353,ideal,1,16,15,16,16,05-09,Today’s Steelhead activity outlook is inactive.,"Conditions provide little environmental support for an aggressive response. The strongest window is 5–9 AM: The river level and its recent change are favorable. The main limitation: Water temperature limits responsiveness. Early fall Steelhead are entering with energy reserves intact. This score describes feeding or aggressive responsiveness for fish already in the river, not fresh movement. This read combines Estabrook flow, measured water temperature, and local weather for the Urban Greenway near Estabrook Park. It does not directly measure Harbor & Downtown or the North Shore above Kletzsch. This read uses a current river level, measured water temperature, and the hourly weather outlook.","Start with 5–9 AM. If conditions change, favor the window that best combines workable light with measured water temperature."
2024-09-12,beginning,16,Inactive,70.52,242,ideal,1,16,15,15,16,05-09,Today’s Steelhead activity outlook is inactive.,"Conditions provide little environmental support for an aggressive response. The strongest window is 5–9 AM: The river level and its recent change are favorable. The main limitation: Water temperature limits responsiveness. Early fall Steelhead are entering with energy reserves intact. This score describes feeding or aggressive responsiveness for fish already in the river, not fresh movement. This read combines Estabrook flow, measured water temperature, and local weather for the Urban Greenway near Estabrook Park. It does not directly measure Harbor & Downtown or the North Shore above Kletzsch. This read uses a current river level, measured water temperature, and the hourly weather outlook.","Start with 5–9 AM. If conditions change, favor the window that best combines workable light with measured water temperature."
2025-09-02,beginning,16,Inactive,70.52,264,ideal,1,16,15,15,16,05-09,Today’s Steelhead activity outlook is inactive.,"Conditions provide little environmental support for an aggressive response. The strongest window is 5–9 AM: The river level and its recent change are favorable. The main limitation: Water temperature limits responsiveness. Early fall Steelhead are entering with energy reserves intact. This score describes feeding or aggressive responsiveness for fish already in the river, not fresh movement. This read combines Estabrook flow, measured water temperature, and local weather for the Urban Greenway near Estabrook Park. It does not directly measure Harbor & Downtown or the North Shore above Kletzsch. This read uses a current river level, measured water temperature, and the hourly weather outlook.","Start with 5–9 AM. If conditions change, favor the window that best combines workable light with measured water temperature."
2024-09-15,beginning,16,Inactive,72.86,222,low,0,16,16,16,16,05-09,Today’s Steelhead activity outlook is inactive.,"Conditions provide little environmental support for an aggressive response. The strongest window is 5–9 AM: Clouds or lower light make this window more favorable. The main limitation: Water temperature limits responsiveness. Early fall Steelhead are entering with energy reserves intact. This score describes feeding or aggressive responsiveness for fish already in the river, not fresh movement. This read combines Estabrook flow, measured water temperature, and local weather for the Urban Greenway near Estabrook Park. It does not directly measure Harbor & Downtown or the North Shore above Kletzsch. This read uses a current river level, measured water temperature, and the hourly weather outlook.","Start with 5–9 AM. If conditions change, favor the window that best combines workable light with measured water temperature."
2024-09-13,beginning,17,Inactive,71.42,239,ideal,0,17,17,17,17,05-09,Today’s Steelhead activity outlook is inactive.,"Conditions provide little environmental support for an aggressive response. The strongest window is 5–9 AM: The river level and its recent change are favorable. The main limitation: Water temperature limits responsiveness. Early fall Steelhead are entering with energy reserves intact. This score describes feeding or aggressive responsiveness for fish already in the river, not fresh movement. This read combines Estabrook flow, measured water temperature, and local weather for the Urban Greenway near Estabrook Park. It does not directly measure Harbor & Downtown or the North Shore above Kletzsch. This read uses a current river level, measured water temperature, and the hourly weather outlook.","Start with 5–9 AM. If conditions change, favor the window that best combines workable light with measured water temperature."
2025-09-12,beginning,25,Reserved,68.18,185,low,2,24,25,23,25,09-13,Today’s Steelhead activity outlook is reserved.,"Fish may respond selectively, with important environmental limitations. The strongest window is 9 AM–1 PM: Clouds or lower light make this window more favorable. The main limitation: Water temperature limits responsiveness. Early fall Steelhead are entering with energy reserves intact. This score describes feeding or aggressive responsiveness for fish already in the river, not fresh movement. This read combines Estabrook flow, measured water temperature, and local weather for the Urban Greenway near Estabrook Park. It does not directly measure Harbor & Downtown or the North Shore above Kletzsch. This read uses a current river level, measured water temperature, and the hourly weather outlook.","Start with 9 AM–1 PM. If conditions change, favor the window that best combines workable light with measured water temperature."
2024-09-10,beginning,26,Reserved,68.9,253,ideal,2,27,25,25,26,05-09,Today’s Steelhead activity outlook is reserved.,"Fish may respond selectively, with important environmental limitations. The strongest window is 5–9 AM: The river level and its recent change are favorable. The main limitation: Water temperature limits responsiveness. Early fall Steelhead are entering with energy reserves intact. This score describes feeding or aggressive responsiveness for fish already in the river, not fresh movement. This read combines Estabrook flow, measured water temperature, and local weather for the Urban Greenway near Estabrook Park. It does not directly measure Harbor & Downtown or the North Shore above Kletzsch. This read uses a current river level, measured water temperature, and the hourly weather outlook.","Start with 5–9 AM. If conditions change, favor the window that best combines workable light with measured water temperature."
2024-09-09,beginning,28,Reserved,67.28,262,ideal,1,28,27,27,28,05-09,Today’s Steelhead activity outlook is reserved.,"Fish may respond selectively, with important environmental limitations. The strongest window is 5–9 AM: The river level and its recent change are favorable. The main limitation: Water temperature limits responsiveness. Early fall Steelhead are entering with energy reserves intact. This score describes feeding or aggressive responsiveness for fish already in the river, not fresh movement. This read combines Estabrook flow, measured water temperature, and local weather for the Urban Greenway near Estabrook Park. It does not directly measure Harbor & Downtown or the North Shore above Kletzsch. This read uses a current river level, measured water temperature, and the hourly weather outlook.","Start with 5–9 AM. If conditions change, favor the window that best combines workable light with measured water temperature."
2024-09-07,beginning,29,Reserved,66.92,279,ideal,2,29,27,27,29,05-09,Today’s Steelhead activity outlook is reserved.,"Fish may respond selectively, with important environmental limitations. The strongest window is 5–9 AM: The river level and its recent change are favorable. The main limitation: Water temperature limits responsiveness. Early fall Steelhead are entering with energy reserves intact. This score describes feeding or aggressive responsiveness for fish already in the river, not fresh movement. This read combines Estabrook flow, measured water temperature, and local weather for the Urban Greenway near Estabrook Park. It does not directly measure Harbor & Downtown or the North Shore above Kletzsch. This read uses a current river level, measured water temperature, and the hourly weather outlook.","Start with 5–9 AM. If conditions change, favor the window that best combines workable light with measured water temperature."
2025-09-10,beginning,58,Moderate,65.84,193,low,7,61,55,54,58,05-09,Today’s Steelhead activity outlook is moderate.,"Some useful factors are present, but the response window is mixed. The strongest window is 5–9 AM: Clouds or lower light make this window more favorable. The main limitation: Water temperature limits responsiveness. Early fall Steelhead are entering with energy reserves intact. This score describes feeding or aggressive responsiveness for fish already in the river, not fresh movement. This read combines Estabrook flow, measured water temperature, and local weather for the Urban Greenway near Estabrook Park. It does not directly measure Harbor & Downtown or the North Shore above Kletzsch. This read uses a current river level, measured water temperature, and the hourly weather outlook.","Start with 5–9 AM. If conditions change, favor the window that best combines workable light with measured water temperature."
2025-09-09,beginning,64,Active,64.94,200,low,4,62,66,62,63,09-13,Today’s Steelhead activity outlook is active.,"Conditions favor a meaningful reaction opportunity. The strongest window is 9 AM–1 PM: Clouds or lower light make this window more favorable. The main limitation: Water temperature limits responsiveness. Early fall Steelhead are entering with energy reserves intact. This score describes feeding or aggressive responsiveness for fish already in the river, not fresh movement. This read combines Estabrook flow, measured water temperature, and local weather for the Urban Greenway near Estabrook Park. It does not directly measure Harbor & Downtown or the North Shore above Kletzsch. This read uses a current river level, measured water temperature, and the hourly weather outlook.","Start with 9 AM–1 PM. If conditions change, favor the window that best combines workable light with measured water temperature."
2025-09-06,beginning,73,Active,62.24,233,low,6,72,69,75,73,13-17,Today’s Steelhead activity outlook is active.,"Conditions favor a meaningful reaction opportunity. The strongest window is 1–5 PM: Clouds or lower light make this window more favorable. The main limitation: Rain adds little extra cover. Early fall Steelhead are entering with energy reserves intact. This score describes feeding or aggressive responsiveness for fish already in the river, not fresh movement. This read combines Estabrook flow, measured water temperature, and local weather for the Urban Greenway near Estabrook Park. It does not directly measure Harbor & Downtown or the North Shore above Kletzsch. This read uses a current river level, measured water temperature, and the hourly weather outlook.","Start with 1–5 PM. If conditions change, favor the window that best combines workable light with measured water temperature."
2025-09-05,beginning,74,Active,63.86,249,ideal,2,74,72,73,74,05-09,Today’s Steelhead activity outlook is active.,"Conditions favor a meaningful reaction opportunity. The strongest window is 5–9 AM: The river level and its recent change are favorable. The main limitation: Water temperature limits responsiveness. Early fall Steelhead are entering with energy reserves intact. This score describes feeding or aggressive responsiveness for fish already in the river, not fresh movement. This read combines Estabrook flow, measured water temperature, and local weather for the Urban Greenway near Estabrook Park. It does not directly measure Harbor & Downtown or the North Shore above Kletzsch. This read uses a current river level, measured water temperature, and the hourly weather outlook.","Start with 5–9 AM. If conditions change, favor the window that best combines workable light with measured water temperature."
2025-10-04,building,15,Inactive,72.14,177,low,1,16,15,15,15,05-09,Today’s Steelhead activity outlook is inactive.,"Conditions provide little environmental support for an aggressive response. The strongest window is 5–9 AM: Clouds or lower light make this window more favorable. The main limitation: Water temperature limits responsiveness. Steelhead are becoming more established through the river. The score describes feeding or aggressive responsiveness, while movement and abundance remain separate reads. This read combines Estabrook flow, measured water temperature, and local weather for the Urban Greenway near Estabrook Park. It does not directly measure Harbor & Downtown or the North Shore above Kletzsch. This read uses a current river level, measured water temperature, and the hourly weather outlook.","Start with 5–9 AM. If conditions change, favor the window that best combines workable light with measured water temperature."
2024-09-21,building,16,Inactive,72.68,193,low,2,15,15,15,17,17-21,Today’s Steelhead activity outlook is inactive.,"Conditions provide little environmental support for an aggressive response. The strongest window is 5–9 PM: Clouds or lower light make this window more favorable. The main limitation: Water temperature limits responsiveness. Steelhead are becoming more established through the river. The score describes feeding or aggressive responsiveness, while movement and abundance remain separate reads. This read combines Estabrook flow, measured water temperature, and local weather for the Urban Greenway near Estabrook Park. It does not directly measure Harbor & Downtown or the North Shore above Kletzsch. This read uses a current river level, measured water temperature, and the hourly weather outlook.","Start with 5–9 PM. If conditions change, favor the window that best combines workable light with measured water temperature."
2025-09-30,building,16,Inactive,70.52,207,low,1,16,15,15,16,05-09,Today’s Steelhead activity outlook is inactive.,"Conditions provide little environmental support for an aggressive response. The strongest window is 5–9 AM: Clouds or lower light make this window more favorable. The main limitation: Water temperature limits responsiveness. Steelhead are becoming more established through the river. The score describes feeding or aggressive responsiveness, while movement and abundance remain separate reads. This read combines Estabrook flow, measured water temperature, and local weather for the Urban Greenway near Estabrook Park. It does not directly measure Harbor & Downtown or the North Shore above Kletzsch. This read uses a current river level, measured water temperature, and the hourly weather outlook.","Start with 5–9 AM. If conditions change, favor the window that best combines workable light with measured water temperature."
2025-10-05,building,16,Inactive,70.88,171,low,1,15,16,16,15,09-13,Today’s Steelhead activity outlook is inactive.,"Conditions provide little environmental support for an aggressive response. The strongest window is 9 AM–1 PM: Clouds or lower light make this window more favorable. The main limitation: Water temperature limits responsiveness. Steelhead are becoming more established through the river. The score describes feeding or aggressive responsiveness, while movement and abundance remain separate reads. This read combines Estabrook flow, measured water temperature, and local weather for the Urban Greenway near Estabrook Park. It does not directly measure Harbor & Downtown or the North Shore above Kletzsch. This read uses a current river level, measured water temperature, and the hourly weather outlook.","Start with 9 AM–1 PM. If conditions change, favor the window that best combines workable light with measured water temperature."
2025-09-17,building,17,Inactive,72.68,241,ideal,2,17,16,16,18,17-21,Today’s Steelhead activity outlook is inactive.,"Conditions provide little environmental support for an aggressive response. The strongest window is 5–9 PM: The river level and its recent change are favorable. The main limitation: Water temperature limits responsiveness. Steelhead are becoming more established through the river. The score describes feeding or aggressive responsiveness, while movement and abundance remain separate reads. This read combines Estabrook flow, measured water temperature, and local weather for the Urban Greenway near Estabrook Park. It does not directly measure Harbor & Downtown or the North Shore above Kletzsch. This read uses a current river level, measured water temperature, and the hourly weather outlook.","Start with 5–9 PM. If conditions change, favor the window that best combines workable light with measured water temperature."
2024-09-20,building,17,Inactive,72.86,223,low,1,17,16,16,17,05-09,Today’s Steelhead activity outlook is inactive.,"Conditions provide little environmental support for an aggressive response. The strongest window is 5–9 AM: The river level and its recent change are favorable. The main limitation: Water temperature limits responsiveness. Steelhead are becoming more established through the river. The score describes feeding or aggressive responsiveness, while movement and abundance remain separate reads. This read combines Estabrook flow, measured water temperature, and local weather for the Urban Greenway near Estabrook Park. It does not directly measure Harbor & Downtown or the North Shore above Kletzsch. This read uses a current river level, measured water temperature, and the hourly weather outlook.","Start with 5–9 AM. If conditions change, favor the window that best combines workable light with measured water temperature."
2025-09-20,building,17,Inactive,73.94,197,low,0,17,17,17,17,05-09,Today’s Steelhead activity outlook is inactive.,"Conditions provide little environmental support for an aggressive response. The strongest window is 5–9 AM: Clouds or lower light make this window more favorable. The main limitation: Water temperature limits responsiveness. Steelhead are becoming more established through the river. The score describes feeding or aggressive responsiveness, while movement and abundance remain separate reads. This read combines Estabrook flow, measured water temperature, and local weather for the Urban Greenway near Estabrook Park. It does not directly measure Harbor & Downtown or the North Shore above Kletzsch. This read uses a current river level, measured water temperature, and the hourly weather outlook.","Start with 5–9 AM. If conditions change, favor the window that best combines workable light with measured water temperature."
2025-09-22,building,18,Inactive,73.04,344,ideal,1,18,18,19,18,13-17,Today’s Steelhead activity outlook is inactive.,"Conditions provide little environmental support for an aggressive response. The strongest window is 1–5 PM: The river level and its recent change are favorable. The main limitation: Water temperature limits responsiveness. Steelhead are becoming more established through the river. The score describes feeding or aggressive responsiveness, while movement and abundance remain separate reads. This read combines Estabrook flow, measured water temperature, and local weather for the Urban Greenway near Estabrook Park. It does not directly measure Harbor & Downtown or the North Shore above Kletzsch. This read uses a current river level, measured water temperature, and the hourly weather outlook.","Start with 1–5 PM. If conditions change, favor the window that best combines workable light with measured water temperature."
2025-09-21,building,18,Inactive,73.22,235,low,0,18,18,18,18,05-09,Today’s Steelhead activity outlook is inactive.,"Conditions provide little environmental support for an aggressive response. The strongest window is 5–9 AM: Clouds or lower light make this window more favorable. The main limitation: Water temperature limits responsiveness. Steelhead are becoming more established through the river. The score describes feeding or aggressive responsiveness, while movement and abundance remain separate reads. This read combines Estabrook flow, measured water temperature, and local weather for the Urban Greenway near Estabrook Park. It does not directly measure Harbor & Downtown or the North Shore above Kletzsch. This read uses a current river level, measured water temperature, and the hourly weather outlook.","Start with 5–9 AM. If conditions change, favor the window that best combines workable light with measured water temperature."
2025-10-02,building,24,Reserved,69.62,189,low,3,25,22,22,24,05-09,Today’s Steelhead activity outlook is reserved.,"Fish may respond selectively, with important environmental limitations. The strongest window is 5–9 AM: Clouds or lower light make this window more favorable. The main limitation: Water temperature limits responsiveness. Steelhead are becoming more established through the river. The score describes feeding or aggressive responsiveness, while movement and abundance remain separate reads. This read combines Estabrook flow, measured water temperature, and local weather for the Urban Greenway near Estabrook Park. It does not directly measure Harbor & Downtown or the North Shore above Kletzsch. This read uses a current river level, measured water temperature, and the hourly weather outlook.","Start with 5–9 AM. If conditions change, favor the window that best combines workable light with measured water temperature."
2025-10-06,building,25,Reserved,69.26,167,very_low,2,23,25,25,25,09-13,Today’s Steelhead activity outlook is reserved.,"Fish may respond selectively, with important environmental limitations. The strongest window is 9 AM–1 PM: Clouds or lower light make this window more favorable. The main limitation: Water temperature limits responsiveness. Steelhead are becoming more established through the river. The score describes feeding or aggressive responsiveness, while movement and abundance remain separate reads. This read combines Estabrook flow, measured water temperature, and local weather for the Urban Greenway near Estabrook Park. It does not directly measure Harbor & Downtown or the North Shore above Kletzsch. This read uses a current river level, measured water temperature, and the hourly weather outlook.","Start with 9 AM–1 PM. If conditions change, favor the window that best combines workable light with measured water temperature."
2025-09-28,building,27,Reserved,69.98,249,ideal,2,27,25,25,27,05-09,Today’s Steelhead activity outlook is reserved.,"Fish may respond selectively, with important environmental limitations. The strongest window is 5–9 AM: The river level and its recent change are favorable. The main limitation: Water temperature limits responsiveness. Steelhead are becoming more established through the river. The score describes feeding or aggressive responsiveness, while movement and abundance remain separate reads. This read combines Estabrook flow, measured water temperature, and local weather for the Urban Greenway near Estabrook Park. It does not directly measure Harbor & Downtown or the North Shore above Kletzsch. This read uses a current river level, measured water temperature, and the hourly weather outlook.","Start with 5–9 AM. If conditions change, favor the window that best combines workable light with measured water temperature."
2024-09-30,building,28,Reserved,68.9,258,ideal,3,29,27,26,28,05-09,Today’s Steelhead activity outlook is reserved.,"Fish may respond selectively, with important environmental limitations. The strongest window is 5–9 AM: The river level and its recent change are favorable. The main limitation: Water temperature limits responsiveness. Steelhead are becoming more established through the river. The score describes feeding or aggressive responsiveness, while movement and abundance remain separate reads. This read combines Estabrook flow, measured water temperature, and local weather for the Urban Greenway near Estabrook Park. It does not directly measure Harbor & Downtown or the North Shore above Kletzsch. This read uses a current river level, measured water temperature, and the hourly weather outlook.","Start with 5–9 AM. If conditions change, favor the window that best combines workable light with measured water temperature."
2025-09-25,building,28,Reserved,69.08,307,ideal,1,29,28,28,28,05-09,Today’s Steelhead activity outlook is reserved.,"Fish may respond selectively, with important environmental limitations. The strongest window is 5–9 AM: The river level and its recent change are favorable. The main limitation: Water temperature limits responsiveness. Steelhead are becoming more established through the river. The score describes feeding or aggressive responsiveness, while movement and abundance remain separate reads. This read combines Estabrook flow, measured water temperature, and local weather for the Urban Greenway near Estabrook Park. It does not directly measure Harbor & Downtown or the North Shore above Kletzsch. This read uses a current river level, measured water temperature, and the hourly weather outlook.","Start with 5–9 AM. If conditions change, favor the window that best combines workable light with measured water temperature."
2024-09-26,building,29,Reserved,67.46,359,ideal,2,29,27,27,29,05-09,Today’s Steelhead activity outlook is reserved.,"Fish may respond selectively, with important environmental limitations. The strongest window is 5–9 AM: The river level and its recent change are favorable. The main limitation: Water temperature limits responsiveness. Steelhead are becoming more established through the river. The score describes feeding or aggressive responsiveness, while movement and abundance remain separate reads. This read combines Estabrook flow, measured water temperature, and local weather for the Urban Greenway near Estabrook Park. It does not directly measure Harbor & Downtown or the North Shore above Kletzsch. This read uses a current river level, measured water temperature, and the hourly weather outlook.","Start with 5–9 AM. If conditions change, favor the window that best combines workable light with measured water temperature."
2024-09-28,building,30,Reserved,67.46,295,ideal,4,32,28,28,30,05-09,Today’s Steelhead activity outlook is reserved.,"Fish may respond selectively, with important environmental limitations. The strongest window is 5–9 AM: The river level and its recent change are favorable. The main limitation: Water temperature limits responsiveness. Steelhead are becoming more established through the river. The score describes feeding or aggressive responsiveness, while movement and abundance remain separate reads. This read combines Estabrook flow, measured water temperature, and local weather for the Urban Greenway near Estabrook Park. It does not directly measure Harbor & Downtown or the North Shore above Kletzsch. This read uses a current river level, measured water temperature, and the hourly weather outlook.","Start with 5–9 AM. If conditions change, favor the window that best combines workable light with measured water temperature."
2024-10-02,building,31,Reserved,66.2,247,ideal,2,31,29,29,31,05-09,Today’s Steelhead activity outlook is reserved.,"Fish may respond selectively, with important environmental limitations. The strongest window is 5–9 AM: The river level and its recent change are favorable. The main limitation: Water temperature limits responsiveness. Steelhead are becoming more established through the river. The score describes feeding or aggressive responsiveness, while movement and abundance remain separate reads. This read combines Estabrook flow, measured water temperature, and local weather for the Urban Greenway near Estabrook Park. It does not directly measure Harbor & Downtown or the North Shore above Kletzsch. This read uses a current river level, measured water temperature, and the hourly weather outlook.","Start with 5–9 AM. If conditions change, favor the window that best combines workable light with measured water temperature."
2024-09-24,building,33,Reserved,68,470,ideal,1,32,33,32,33,09-13,Today’s Steelhead activity outlook is reserved.,"Fish may respond selectively, with important environmental limitations. The strongest window is 9 AM–1 PM: The river level and its recent change are favorable. The main limitation: Water temperature limits responsiveness. Steelhead are becoming more established through the river. The score describes feeding or aggressive responsiveness, while movement and abundance remain separate reads. This read combines Estabrook flow, measured water temperature, and local weather for the Urban Greenway near Estabrook Park. It does not directly measure Harbor & Downtown or the North Shore above Kletzsch. This read uses a current river level, measured water temperature, and the hourly weather outlook.","Start with 9 AM–1 PM. If conditions change, favor the window that best combines workable light with measured water temperature."
2024-10-05,building,62,Active,64.76,187,low,6,63,61,57,62,05-09,Today’s Steelhead activity outlook is active.,"Conditions favor a meaningful reaction opportunity. The strongest window is 5–9 AM: Clouds or lower light make this window more favorable. The main limitation: Water temperature limits responsiveness. Steelhead are becoming more established through the river. The score describes feeding or aggressive responsiveness, while movement and abundance remain separate reads. This read combines Estabrook flow, measured water temperature, and local weather for the Urban Greenway near Estabrook Park. It does not directly measure Harbor & Downtown or the North Shore above Kletzsch. This read uses a current river level, measured water temperature, and the hourly weather outlook.","Start with 5–9 AM. If conditions change, favor the window that best combines workable light with measured water temperature."
2024-10-03,building,67,Active,65.3,223,low,7,68,67,61,67,05-09,Today’s Steelhead activity outlook is active.,"Conditions favor a meaningful reaction opportunity. The strongest window is 5–9 AM: The river level and its recent change are favorable. The main limitation: Water temperature limits responsiveness. Steelhead are becoming more established through the river. The score describes feeding or aggressive responsiveness, while movement and abundance remain separate reads. This read combines Estabrook flow, measured water temperature, and local weather for the Urban Greenway near Estabrook Park. It does not directly measure Harbor & Downtown or the North Shore above Kletzsch. This read uses a current river level, measured water temperature, and the hourly weather outlook.","Start with 5–9 AM. If conditions change, favor the window that best combines workable light with measured water temperature."
2025-10-08,peak,59,Moderate,63.68,161,very_low,6,61,56,55,60,05-09,Today’s Steelhead activity outlook is moderate.,"Some useful factors are present, but the response window is mixed. The strongest window is 5–9 AM: Clouds or lower light make this window more favorable. The main limitation: The river level or its recent change is less favorable. Broad fall presence can make Steelhead easier to locate, but this score measures feeding or aggressive responsiveness rather than how many fish are present. This read combines Estabrook flow, measured water temperature, and local weather for the Urban Greenway near Estabrook Park. It does not directly measure Harbor & Downtown or the North Shore above Kletzsch. This read uses a current river level, measured water temperature, and the hourly weather outlook.","Start with 5–9 AM. If conditions change, favor the window that best combines workable light with measured water temperature."
2025-10-09,peak,65,Active,60.8,159,very_low,5,66,61,61,66,05-09,Today’s Steelhead activity outlook is active.,"Conditions favor a meaningful reaction opportunity. The strongest window is 5–9 AM: The measured water temperature remains usable. The main limitation: The river level or its recent change is less favorable. Broad fall presence can make Steelhead easier to locate, but this score measures feeding or aggressive responsiveness rather than how many fish are present. This read combines Estabrook flow, measured water temperature, and local weather for the Urban Greenway near Estabrook Park. It does not directly measure Harbor & Downtown or the North Shore above Kletzsch. This read uses a current river level, measured water temperature, and the hourly weather outlook.","Start with 5–9 AM. If conditions change, favor the window that best combines workable light with measured water temperature."
2024-10-08,peak,66,Active,61.88,170,low,6,67,62,61,67,05-09,Today’s Steelhead activity outlook is active.,"Conditions favor a meaningful reaction opportunity. The strongest window is 5–9 AM: Clouds or lower light make this window more favorable. The main limitation: The river level or its recent change is less favorable. Broad fall presence can make Steelhead easier to locate, but this score measures feeding or aggressive responsiveness rather than how many fish are present. This read combines Estabrook flow, measured water temperature, and local weather for the Urban Greenway near Estabrook Park. It does not directly measure Harbor & Downtown or the North Shore above Kletzsch. This read uses a current river level, measured water temperature, and the hourly weather outlook.","Start with 5–9 AM. If conditions change, favor the window that best combines workable light with measured water temperature."
2024-10-23,peak,70,Active,58.28,149,very_low,10,74,67,64,68,05-09,Today’s Steelhead activity outlook is active.,"Conditions favor a meaningful reaction opportunity. The strongest window is 5–9 AM: The measured water temperature is favorable for Steelhead. The main limitation: The river level or its recent change is less favorable. Broad fall presence can make Steelhead easier to locate, but this score measures feeding or aggressive responsiveness rather than how many fish are present. This read combines Estabrook flow, measured water temperature, and local weather for the Urban Greenway near Estabrook Park. It does not directly measure Harbor & Downtown or the North Shore above Kletzsch. This read uses a current river level, measured water temperature, and the hourly weather outlook.","Start with 5–9 AM. If conditions change, favor the window that best combines workable light with measured water temperature."
2024-10-21,peak,70,Active,58.64,156,very_low,9,69,64,73,69,13-17,Today’s Steelhead activity outlook is active.,"Conditions favor a meaningful reaction opportunity. The strongest window is 1–5 PM: The measured water temperature is favorable for Steelhead. The main limitation: The river level or its recent change is less favorable. Broad fall presence can make Steelhead easier to locate, but this score measures feeding or aggressive responsiveness rather than how many fish are present. This read combines Estabrook flow, measured water temperature, and local weather for the Urban Greenway near Estabrook Park. It does not directly measure Harbor & Downtown or the North Shore above Kletzsch. This read uses a current river level, measured water temperature, and the hourly weather outlook.","Start with 1–5 PM. If conditions change, favor the window that best combines workable light with measured water temperature."
2025-10-10,peak,70,Active,59.54,157,very_low,4,71,71,67,69,05-09,Today’s Steelhead activity outlook is active.,"Conditions favor a meaningful reaction opportunity. The strongest window is 5–9 AM: The measured water temperature remains usable. The main limitation: The river level or its recent change is less favorable. Broad fall presence can make Steelhead easier to locate, but this score measures feeding or aggressive responsiveness rather than how many fish are present. This read combines Estabrook flow, measured water temperature, and local weather for the Urban Greenway near Estabrook Park. It does not directly measure Harbor & Downtown or the North Shore above Kletzsch. This read uses a current river level, measured water temperature, and the hourly weather outlook.","Start with 5–9 AM. If conditions change, favor the window that best combines workable light with measured water temperature."
2025-10-14,peak,71,Active,59.9,156,very_low,8,70,66,66,74,17-21,Today’s Steelhead activity outlook is active.,"Conditions favor a meaningful reaction opportunity. The strongest window is 5–9 PM: Clouds or lower light make this window more favorable. The main limitation: The river level or its recent change is less favorable. Broad fall presence can make Steelhead easier to locate, but this score measures feeding or aggressive responsiveness rather than how many fish are present. This read combines Estabrook flow, measured water temperature, and local weather for the Urban Greenway near Estabrook Park. It does not directly measure Harbor & Downtown or the North Shore above Kletzsch. This read uses a current river level, measured water temperature, and the hourly weather outlook.","Start with 5–9 PM. If conditions change, favor the window that best combines workable light with measured water temperature."
2025-10-13,peak,71,Active,60.26,155,very_low,6,71,73,71,67,09-13,Today’s Steelhead activity outlook is active.,"Conditions favor a meaningful reaction opportunity. The strongest window is 9 AM–1 PM: Clouds or lower light make this window more favorable. The main limitation: The river level or its recent change is less favorable. Broad fall presence can make Steelhead easier to locate, but this score measures feeding or aggressive responsiveness rather than how many fish are present. This read combines Estabrook flow, measured water temperature, and local weather for the Urban Greenway near Estabrook Park. It does not directly measure Harbor & Downtown or the North Shore above Kletzsch. This read uses a current river level, measured water temperature, and the hourly weather outlook.","Start with 9 AM–1 PM. If conditions change, favor the window that best combines workable light with measured water temperature."
2024-10-25,peak,72,Active,57.02,155,very_low,7,74,67,72,71,05-09,Today’s Steelhead activity outlook is active.,"Conditions favor a meaningful reaction opportunity. The strongest window is 5–9 AM: The measured water temperature is favorable for Steelhead. The main limitation: The river level or its recent change is less favorable. Broad fall presence can make Steelhead easier to locate, but this score measures feeding or aggressive responsiveness rather than how many fish are present. This read combines Estabrook flow, measured water temperature, and local weather for the Urban Greenway near Estabrook Park. It does not directly measure Harbor & Downtown or the North Shore above Kletzsch. This read uses a current river level, measured water temperature, and the hourly weather outlook.","Start with 5–9 AM. If conditions change, favor the window that best combines workable light with measured water temperature."
2024-10-22,peak,72,Active,58.82,152,very_low,5,73,73,73,68,05-09,Today’s Steelhead activity outlook is active.,"Conditions favor a meaningful reaction opportunity. The strongest window is 5–9 AM: Clouds or lower light make this window more favorable. The main limitation: The river level or its recent change is less favorable. Broad fall presence can make Steelhead easier to locate, but this score measures feeding or aggressive responsiveness rather than how many fish are present. This read combines Estabrook flow, measured water temperature, and local weather for the Urban Greenway near Estabrook Park. It does not directly measure Harbor & Downtown or the North Shore above Kletzsch. This read uses a current river level, measured water temperature, and the hourly weather outlook.","Start with 5–9 AM. If conditions change, favor the window that best combines workable light with measured water temperature."
2024-10-18,peak,76,Active,55.22,166,very_low,5,77,72,72,77,05-09,Today’s Steelhead activity outlook is active.,"Conditions favor a meaningful reaction opportunity. The strongest window is 5–9 AM: The measured water temperature is favorable for Steelhead. The main limitation: The river level or its recent change is less favorable. Broad fall presence can make Steelhead easier to locate, but this score measures feeding or aggressive responsiveness rather than how many fish are present. This read combines Estabrook flow, measured water temperature, and local weather for the Urban Greenway near Estabrook Park. It does not directly measure Harbor & Downtown or the North Shore above Kletzsch. This read uses a current river level, measured water temperature, and the hourly weather outlook.","Start with 5–9 AM. If conditions change, favor the window that best combines workable light with measured water temperature."
2025-10-18,peak,77,Active,63.68,263,ideal,8,80,73,72,78,05-09,Today’s Steelhead activity outlook is active.,"Conditions favor a meaningful reaction opportunity. The strongest window is 5–9 AM: The river level and its recent change are favorable. The main limitation: Water temperature limits responsiveness. Broad fall presence can make Steelhead easier to locate, but this score measures feeding or aggressive responsiveness rather than how many fish are present. This read combines Estabrook flow, measured water temperature, and local weather for the Urban Greenway near Estabrook Park. It does not directly measure Harbor & Downtown or the North Shore above Kletzsch. This read uses a current river level, measured water temperature, and the hourly weather outlook.","Start with 5–9 AM. If conditions change, favor the window that best combines workable light with measured water temperature."
2024-10-16,peak,80,Highly active,55.76,183,low,4,81,80,77,81,05-09,Today’s Steelhead activity outlook is highly active.,"Conditions strongly favor a response from Steelhead that are present and capable of reacting. The strongest window is 5–9 AM: The measured water temperature is favorable for Steelhead. The main limitation: Rain adds little extra cover. Broad fall presence can make Steelhead easier to locate, but this score measures feeding or aggressive responsiveness rather than how many fish are present. This read combines Estabrook flow, measured water temperature, and local weather for the Urban Greenway near Estabrook Park. It does not directly measure Harbor & Downtown or the North Shore above Kletzsch. This read uses a current river level, measured water temperature, and the hourly weather outlook.","Start with 5–9 AM. If conditions change, favor the window that best combines workable light with measured water temperature."
2024-10-15,peak,82,Highly active,57.02,203,low,8,85,77,79,81,05-09,Today’s Steelhead activity outlook is highly active.,"Conditions strongly favor a response from Steelhead that are present and capable of reacting. The strongest window is 5–9 AM: The measured water temperature is favorable for Steelhead. The main limitation: Rain adds little extra cover. Broad fall presence can make Steelhead easier to locate, but this score measures feeding or aggressive responsiveness rather than how many fish are present. This read combines Estabrook flow, measured water temperature, and local weather for the Urban Greenway near Estabrook Park. It does not directly measure Harbor & Downtown or the North Shore above Kletzsch. This read uses a current river level, measured water temperature, and the hourly weather outlook.","Start with 5–9 AM. If conditions change, favor the window that best combines workable light with measured water temperature."
2025-10-15,peak,83,Highly active,59.54,229,low,3,84,83,83,81,05-09,Today’s Steelhead activity outlook is highly active.,"Conditions strongly favor a response from Steelhead that are present and capable of reacting. The strongest window is 5–9 AM: Clouds or lower light make this window more favorable. The main limitation: Rain adds little extra cover. Broad fall presence can make Steelhead easier to locate, but this score measures feeding or aggressive responsiveness rather than how many fish are present. This read combines Estabrook flow, measured water temperature, and local weather for the Urban Greenway near Estabrook Park. It does not directly measure Harbor & Downtown or the North Shore above Kletzsch. This read uses a current river level, measured water temperature, and the hourly weather outlook.","Start with 5–9 AM. If conditions change, favor the window that best combines workable light with measured water temperature."
2025-10-20,peak,87,Highly active,57.02,394,ideal,8,88,83,82,90,17-21,Today’s Steelhead activity outlook is highly active.,"Conditions strongly favor a response from Steelhead that are present and capable of reacting. The strongest window is 5–9 PM: The measured water temperature is favorable for Steelhead. The main limitation: Rain adds little extra cover. Broad fall presence can make Steelhead easier to locate, but this score measures feeding or aggressive responsiveness rather than how many fish are present. This read combines Estabrook flow, measured water temperature, and local weather for the Urban Greenway near Estabrook Park. It does not directly measure Harbor & Downtown or the North Shore above Kletzsch. This read uses a current river level, measured water temperature, and the hourly weather outlook.","Start with 5–9 PM. If conditions change, favor the window that best combines workable light with measured water temperature."
2025-10-19,peak,90,Highly active,60.08,500,ideal,7,90,91,89,84,09-13,Today’s Steelhead activity outlook is highly active.,"Conditions strongly favor a response from Steelhead that are present and capable of reacting. The strongest window is 9 AM–1 PM: The river level and its recent change are favorable. The main limitation: Rain adds little extra cover. Broad fall presence can make Steelhead easier to locate, but this score measures feeding or aggressive responsiveness rather than how many fish are present. This read combines Estabrook flow, measured water temperature, and local weather for the Urban Greenway near Estabrook Park. It does not directly measure Harbor & Downtown or the North Shore above Kletzsch. This read uses a current river level, measured water temperature, and the hourly weather outlook.","Start with 9 AM–1 PM. If conditions change, favor the window that best combines workable light with measured water temperature."
2025-10-23,peak,96,Highly active,50.36,320,ideal,1,96,95,96,96,05-09,Today’s Steelhead activity outlook is highly active.,"Conditions strongly favor a response from Steelhead that are present and capable of reacting. The strongest window is 5–9 AM: The measured water temperature is favorable for Steelhead. The main limitation: Rain adds little extra cover. Broad fall presence can make Steelhead easier to locate, but this score measures feeding or aggressive responsiveness rather than how many fish are present. This read combines Estabrook flow, measured water temperature, and local weather for the Urban Greenway near Estabrook Park. It does not directly measure Harbor & Downtown or the North Shore above Kletzsch. This read uses a current river level, measured water temperature, and the hourly weather outlook.","Start with 5–9 AM. If conditions change, favor the window that best combines workable light with measured water temperature."
2025-10-21,peak,96,Highly active,54.68,413,ideal,0,96,96,96,96,05-09,Today’s Steelhead activity outlook is highly active.,"Conditions strongly favor a response from Steelhead that are present and capable of reacting. The strongest window is 5–9 AM: The measured water temperature is favorable for Steelhead. The main limitation: Rain adds little extra cover. Broad fall presence can make Steelhead easier to locate, but this score measures feeding or aggressive responsiveness rather than how many fish are present. This read combines Estabrook flow, measured water temperature, and local weather for the Urban Greenway near Estabrook Park. It does not directly measure Harbor & Downtown or the North Shore above Kletzsch. This read uses a current river level, measured water temperature, and the hourly weather outlook.","Start with 5–9 AM. If conditions change, favor the window that best combines workable light with measured water temperature."
2025-10-25,peak,96,Highly active,47.66,287,ideal,0,96,96,96,96,05-09,Today’s Steelhead activity outlook is highly active.,"Conditions strongly favor a response from Steelhead that are present and capable of reacting. The strongest window is 5–9 AM: The measured water temperature is favorable for Steelhead. The main limitation: Rain adds little extra cover. Broad fall presence can make Steelhead easier to locate, but this score measures feeding or aggressive responsiveness rather than how many fish are present. This read combines Estabrook flow, measured water temperature, and local weather for the Urban Greenway near Estabrook Park. It does not directly measure Harbor & Downtown or the North Shore above Kletzsch. This read uses a current river level, measured water temperature, and the hourly weather outlook.","Start with 5–9 AM. If conditions change, favor the window that best combines workable light with measured water temperature."
2025-11-10,tapering,58,Moderate,37.76,224,low,5,60,55,58,58,05-09,Today’s Steelhead activity outlook is moderate.,"Some useful factors are present, but the response window is mixed. The strongest window is 5–9 AM: Clouds or lower light make this window more favorable. The main limitation: Water temperature limits responsiveness. As late fall progresses, Steelhead often become more selective and less willing to move far for a presentation. The fish remain alive and are transitioning toward winter holding; actual responsiveness still depends strongly on water temperature and river conditions. This read combines Estabrook flow, measured water temperature, and local weather for the Urban Greenway near Estabrook Park. It does not directly measure Harbor & Downtown or the North Shore above Kletzsch. This read uses a current river level, measured water temperature, and the hourly weather outlook.","Compare the four time windows, but expect a shorter response in cold water and keep the result separate from the winter holding outlook."
2024-10-31,tapering,63,Active,60.08,176,low,8,65,65,57,60,05-09,Today’s Steelhead activity outlook is active.,"Conditions favor a meaningful reaction opportunity. The strongest window is 5–9 AM: Clouds or lower light make this window more favorable. The main limitation: The river level or its recent change is less favorable. As late fall progresses, Steelhead often become more selective and less willing to move far for a presentation. The fish remain alive and are transitioning toward winter holding; actual responsiveness still depends strongly on water temperature and river conditions. This read combines Estabrook flow, measured water temperature, and local weather for the Urban Greenway near Estabrook Park. It does not directly measure Harbor & Downtown or the North Shore above Kletzsch. This read uses a current river level, measured water temperature, and the hourly weather outlook.","Compare the four time windows, but expect a shorter response in cold water and keep the result separate from the winter holding outlook."
2025-11-19,tapering,67,Active,40.64,222,low,5,65,68,63,67,09-13,Today’s Steelhead activity outlook is active.,"Conditions favor a meaningful reaction opportunity. The strongest window is 9 AM–1 PM: Clouds or lower light make this window more favorable. The main limitation: Rain adds little extra cover. As late fall progresses, Steelhead often become more selective and less willing to move far for a presentation. The fish remain alive and are transitioning toward winter holding; actual responsiveness still depends strongly on water temperature and river conditions. This read combines Estabrook flow, measured water temperature, and local weather for the Urban Greenway near Estabrook Park. It does not directly measure Harbor & Downtown or the North Shore above Kletzsch. This read uses a current river level, measured water temperature, and the hourly weather outlook.","Compare the four time windows, but expect a shorter response in cold water and keep the result separate from the winter holding outlook."
2025-11-14,tapering,70,Active,43.34,218,low,7,71,66,65,72,17-21,Today’s Steelhead activity outlook is active.,"Conditions favor a meaningful reaction opportunity. The strongest window is 5–9 PM: The measured water temperature is favorable for Steelhead. The main limitation: Rain adds little extra cover. As late fall progresses, Steelhead often become more selective and less willing to move far for a presentation. The fish remain alive and are transitioning toward winter holding; actual responsiveness still depends strongly on water temperature and river conditions. This read combines Estabrook flow, measured water temperature, and local weather for the Urban Greenway near Estabrook Park. It does not directly measure Harbor & Downtown or the North Shore above Kletzsch. This read uses a current river level, measured water temperature, and the hourly weather outlook.","Compare the four time windows, but expect a shorter response in cold water and keep the result separate from the winter holding outlook."
2025-11-09,tapering,75,Active,41.36,230,low,4,75,72,75,76,17-21,Today’s Steelhead activity outlook is active.,"Conditions favor a meaningful reaction opportunity. The strongest window is 5–9 PM: Clouds or lower light make this window more favorable. The main limitation: Rain adds little extra cover. As late fall progresses, Steelhead often become more selective and less willing to move far for a presentation. The fish remain alive and are transitioning toward winter holding; actual responsiveness still depends strongly on water temperature and river conditions. This read combines Estabrook flow, measured water temperature, and local weather for the Urban Greenway near Estabrook Park. It does not directly measure Harbor & Downtown or the North Shore above Kletzsch. This read uses a current river level, measured water temperature, and the hourly weather outlook.","Compare the four time windows, but expect a shorter response in cold water and keep the result separate from the winter holding outlook."
2025-11-05,tapering,80,Highly active,48.38,220,low,8,83,78,75,80,05-09,Today’s Steelhead activity outlook is highly active.,"Conditions strongly favor a response from Steelhead that are present and capable of reacting. The strongest window is 5–9 AM: The measured water temperature is favorable for Steelhead. The main limitation: Rain adds little extra cover. As late fall progresses, Steelhead often become more selective and less willing to move far for a presentation. The fish remain alive and are transitioning toward winter holding; actual responsiveness still depends strongly on water temperature and river conditions. This read combines Estabrook flow, measured water temperature, and local weather for the Urban Greenway near Estabrook Park. It does not directly measure Harbor & Downtown or the North Shore above Kletzsch. This read uses a current river level, measured water temperature, and the hourly weather outlook.","Compare the four time windows, but expect a shorter response in cold water and keep the result separate from the winter holding outlook."
2025-11-06,tapering,83,Highly active,45.86,220,low,5,79,84,84,84,09-13,Today’s Steelhead activity outlook is highly active.,"Conditions strongly favor a response from Steelhead that are present and capable of reacting. The strongest window is 9 AM–1 PM: The measured water temperature is favorable for Steelhead. The main limitation: Rain adds little extra cover. As late fall progresses, Steelhead often become more selective and less willing to move far for a presentation. The fish remain alive and are transitioning toward winter holding; actual responsiveness still depends strongly on water temperature and river conditions. This read combines Estabrook flow, measured water temperature, and local weather for the Urban Greenway near Estabrook Park. It does not directly measure Harbor & Downtown or the North Shore above Kletzsch. This read uses a current river level, measured water temperature, and the hourly weather outlook.","Compare the four time windows, but expect a shorter response in cold water and keep the result separate from the winter holding outlook."
2024-11-11,tapering,85,Highly active,53.06,379,ideal,6,87,83,81,86,05-09,Today’s Steelhead activity outlook is highly active.,"Conditions strongly favor a response from Steelhead that are present and capable of reacting. The strongest window is 5–9 AM: The measured water temperature is favorable for Steelhead. The main limitation: Rain adds little extra cover. As late fall progresses, Steelhead often become more selective and less willing to move far for a presentation. The fish remain alive and are transitioning toward winter holding; actual responsiveness still depends strongly on water temperature and river conditions. This read combines Estabrook flow, measured water temperature, and local weather for the Urban Greenway near Estabrook Park. It does not directly measure Harbor & Downtown or the North Shore above Kletzsch. This read uses a current river level, measured water temperature, and the hourly weather outlook.","Compare the four time windows, but expect a shorter response in cold water and keep the result separate from the winter holding outlook."
2025-10-30,tapering,85,Highly active,50.18,240,ideal,5,86,81,81,86,05-09,Today’s Steelhead activity outlook is highly active.,"Conditions strongly favor a response from Steelhead that are present and capable of reacting. The strongest window is 5–9 AM: The measured water temperature is favorable for Steelhead. The main limitation: Rain adds little extra cover. As late fall progresses, Steelhead often become more selective and less willing to move far for a presentation. The fish remain alive and are transitioning toward winter holding; actual responsiveness still depends strongly on water temperature and river conditions. This read combines Estabrook flow, measured water temperature, and local weather for the Urban Greenway near Estabrook Park. It does not directly measure Harbor & Downtown or the North Shore above Kletzsch. This read uses a current river level, measured water temperature, and the hourly weather outlook.","Compare the four time windows, but expect a shorter response in cold water and keep the result separate from the winter holding outlook."
2025-11-07,tapering,87,Highly active,48.74,238,ideal,11,86,81,83,92,17-21,Today’s Steelhead activity outlook is highly active.,"Conditions strongly favor a response from Steelhead that are present and capable of reacting. The strongest window is 5–9 PM: The measured water temperature is favorable for Steelhead. The main limitation: Rain adds little extra cover. As late fall progresses, Steelhead often become more selective and less willing to move far for a presentation. The fish remain alive and are transitioning toward winter holding; actual responsiveness still depends strongly on water temperature and river conditions. This read combines Estabrook flow, measured water temperature, and local weather for the Urban Greenway near Estabrook Park. It does not directly measure Harbor & Downtown or the North Shore above Kletzsch. This read uses a current river level, measured water temperature, and the hourly weather outlook.","Compare the four time windows, but expect a shorter response in cold water and keep the result separate from the winter holding outlook."
2025-10-28,tapering,89,Highly active,50.36,251,ideal,6,88,85,86,91,17-21,Today’s Steelhead activity outlook is highly active.,"Conditions strongly favor a response from Steelhead that are present and capable of reacting. The strongest window is 5–9 PM: The measured water temperature is favorable for Steelhead. The main limitation: Rain adds little extra cover. As late fall progresses, Steelhead often become more selective and less willing to move far for a presentation. The fish remain alive and are transitioning toward winter holding; actual responsiveness still depends strongly on water temperature and river conditions. This read combines Estabrook flow, measured water temperature, and local weather for the Urban Greenway near Estabrook Park. It does not directly measure Harbor & Downtown or the North Shore above Kletzsch. This read uses a current river level, measured water temperature, and the hourly weather outlook.","Compare the four time windows, but expect a shorter response in cold water and keep the result separate from the winter holding outlook."
2024-11-19,tapering,90,Highly active,50.54,625,high_fishable,7,92,90,86,85,05-09,Today’s Steelhead activity outlook is highly active.,"Conditions strongly favor a response from Steelhead that are present and capable of reacting. The strongest window is 5–9 AM: The measured water temperature is favorable for Steelhead. The main limitation: Rain adds little extra cover. As late fall progresses, Steelhead often become more selective and less willing to move far for a presentation. The fish remain alive and are transitioning toward winter holding; actual responsiveness still depends strongly on water temperature and river conditions. This read combines Estabrook flow, measured water temperature, and local weather for the Urban Greenway near Estabrook Park. It does not directly measure Harbor & Downtown or the North Shore above Kletzsch. This read uses a current river level, measured water temperature, and the hourly weather outlook.","Compare the four time windows, but expect a shorter response in cold water and keep the result separate from the winter holding outlook."
2024-11-18,tapering,93,Highly active,49.64,464,ideal,4,91,93,95,92,13-17,Today’s Steelhead activity outlook is highly active.,"Conditions strongly favor a response from Steelhead that are present and capable of reacting. The strongest window is 1–5 PM: The measured water temperature is favorable for Steelhead. The main limitation: Rain adds little extra cover. As late fall progresses, Steelhead often become more selective and less willing to move far for a presentation. The fish remain alive and are transitioning toward winter holding; actual responsiveness still depends strongly on water temperature and river conditions. This read combines Estabrook flow, measured water temperature, and local weather for the Urban Greenway near Estabrook Park. It does not directly measure Harbor & Downtown or the North Shore above Kletzsch. This read uses a current river level, measured water temperature, and the hourly weather outlook.","Compare the four time windows, but expect a shorter response in cold water and keep the result separate from the winter holding outlook."
2024-11-13,tapering,94,Highly active,51.08,376,ideal,4,91,95,94,91,09-13,Today’s Steelhead activity outlook is highly active.,"Conditions strongly favor a response from Steelhead that are present and capable of reacting. The strongest window is 9 AM–1 PM: The measured water temperature is favorable for Steelhead. The main limitation: Rain adds little extra cover. As late fall progresses, Steelhead often become more selective and less willing to move far for a presentation. The fish remain alive and are transitioning toward winter holding; actual responsiveness still depends strongly on water temperature and river conditions. This read combines Estabrook flow, measured water temperature, and local weather for the Urban Greenway near Estabrook Park. It does not directly measure Harbor & Downtown or the North Shore above Kletzsch. This read uses a current river level, measured water temperature, and the hourly weather outlook.","Compare the four time windows, but expect a shorter response in cold water and keep the result separate from the winter holding outlook."
2024-11-09,tapering,95,Highly active,53.42,383,ideal,2,95,95,95,93,05-09,Today’s Steelhead activity outlook is highly active.,"Conditions strongly favor a response from Steelhead that are present and capable of reacting. The strongest window is 5–9 AM: The measured water temperature is favorable for Steelhead. The main limitation: Rain adds little extra cover. As late fall progresses, Steelhead often become more selective and less willing to move far for a presentation. The fish remain alive and are transitioning toward winter holding; actual responsiveness still depends strongly on water temperature and river conditions. This read combines Estabrook flow, measured water temperature, and local weather for the Urban Greenway near Estabrook Park. It does not directly measure Harbor & Downtown or the North Shore above Kletzsch. This read uses a current river level, measured water temperature, and the hourly weather outlook.","Compare the four time windows, but expect a shorter response in cold water and keep the result separate from the winter holding outlook."
2024-12-12,ending,45,Moderate,36.5,182,low,4,46,42,44,46,05-09,Today’s Steelhead activity outlook is moderate.,"Some useful factors are present, but the response window is mixed. The strongest window is 5–9 AM: Clouds or lower light make this window more favorable. The main limitation: Water temperature limits responsiveness. These Steelhead remain alive in the river as they transition into winter holding. Their responsiveness follows measured water temperature and current conditions rather than a terminal biological decline. This read combines Estabrook flow, measured water temperature, and local weather for the Urban Greenway near Estabrook Park. It does not directly measure Harbor & Downtown or the North Shore above Kletzsch. This read uses a current river level, measured water temperature, and the hourly weather outlook.","Compare the four time windows, but expect a shorter response in cold water and keep the result separate from the winter holding outlook."
2024-12-13,ending,62,Active,36.32,246,ideal,8,58,56,64,64,13-17,Today’s Steelhead activity outlook is active.,"Conditions favor a meaningful reaction opportunity. The strongest window is 1–5 PM: The river level and its recent change are favorable. The main limitation: Water temperature limits responsiveness. These Steelhead remain alive in the river as they transition into winter holding. Their responsiveness follows measured water temperature and current conditions rather than a terminal biological decline. This read combines Estabrook flow, measured water temperature, and local weather for the Urban Greenway near Estabrook Park. It does not directly measure Harbor & Downtown or the North Shore above Kletzsch. This read uses a current river level, measured water temperature, and the hourly weather outlook.","Compare the four time windows, but expect a shorter response in cold water and keep the result separate from the winter holding outlook."
2024-12-06,ending,65,Active,37.4,288,ideal,5,62,65,64,67,17-21,Today’s Steelhead activity outlook is active.,"Conditions favor a meaningful reaction opportunity. The strongest window is 5–9 PM: The river level and its recent change are favorable. The main limitation: Water temperature limits responsiveness. These Steelhead remain alive in the river as they transition into winter holding. Their responsiveness follows measured water temperature and current conditions rather than a terminal biological decline. This read combines Estabrook flow, measured water temperature, and local weather for the Urban Greenway near Estabrook Park. It does not directly measure Harbor & Downtown or the North Shore above Kletzsch. This read uses a current river level, measured water temperature, and the hourly weather outlook.","Compare the four time windows, but expect a shorter response in cold water and keep the result separate from the winter holding outlook."
2024-12-02,ending,67,Active,38.48,338,ideal,7,67,69,62,67,09-13,Today’s Steelhead activity outlook is active.,"Conditions favor a meaningful reaction opportunity. The strongest window is 9 AM–1 PM: The river level and its recent change are favorable. The main limitation: Water temperature limits responsiveness. These Steelhead remain alive in the river as they transition into winter holding. Their responsiveness follows measured water temperature and current conditions rather than a terminal biological decline. This read combines Estabrook flow, measured water temperature, and local weather for the Urban Greenway near Estabrook Park. It does not directly measure Harbor & Downtown or the North Shore above Kletzsch. This read uses a current river level, measured water temperature, and the hourly weather outlook.","Compare the four time windows, but expect a shorter response in cold water and keep the result separate from the winter holding outlook."
2025-11-24,ending,68,Active,40.46,206,low,3,65,68,68,68,09-13,Today’s Steelhead activity outlook is active.,"Conditions favor a meaningful reaction opportunity. The strongest window is 9 AM–1 PM: Clouds or lower light make this window more favorable. The main limitation: Rain adds little extra cover. These Steelhead remain alive in the river as they transition into winter holding. Their responsiveness follows measured water temperature and current conditions rather than a terminal biological decline. This read combines Estabrook flow, measured water temperature, and local weather for the Urban Greenway near Estabrook Park. It does not directly measure Harbor & Downtown or the North Shore above Kletzsch. This read uses a current river level, measured water temperature, and the hourly weather outlook.","Compare the four time windows, but expect a shorter response in cold water and keep the result separate from the winter holding outlook."
2025-11-25,ending,76,Active,42.98,208,low,1,77,76,76,76,05-09,Today’s Steelhead activity outlook is active.,"Conditions favor a meaningful reaction opportunity. The strongest window is 5–9 AM: The measured water temperature is favorable for Steelhead. The main limitation: Rain adds little extra cover. These Steelhead remain alive in the river as they transition into winter holding. Their responsiveness follows measured water temperature and current conditions rather than a terminal biological decline. This read combines Estabrook flow, measured water temperature, and local weather for the Urban Greenway near Estabrook Park. It does not directly measure Harbor & Downtown or the North Shore above Kletzsch. This read uses a current river level, measured water temperature, and the hourly weather outlook.","Compare the four time windows, but expect a shorter response in cold water and keep the result separate from the winter holding outlook."
2024-11-24,ending,87,Highly active,46.76,853,high_fishable,0,87,87,87,87,05-09,Today’s Steelhead activity outlook is highly active.,"Conditions strongly favor a response from Steelhead that are present and capable of reacting. The strongest window is 5–9 AM: The measured water temperature is favorable for Steelhead. The main limitation: Rain adds little extra cover. These Steelhead remain alive in the river as they transition into winter holding. Their responsiveness follows measured water temperature and current conditions rather than a terminal biological decline. This read combines Estabrook flow, measured water temperature, and local weather for the Urban Greenway near Estabrook Park. It does not directly measure Harbor & Downtown or the North Shore above Kletzsch. This read uses a current river level, measured water temperature, and the hourly weather outlook.","Compare the four time windows, but expect a shorter response in cold water and keep the result separate from the winter holding outlook."
2024-11-21,ending,91,Highly active,48.74,823,high_fishable,4,92,89,91,88,05-09,Today’s Steelhead activity outlook is highly active.,"Conditions strongly favor a response from Steelhead that are present and capable of reacting. The strongest window is 5–9 AM: The measured water temperature is favorable for Steelhead. The main limitation: Rain adds little extra cover. These Steelhead remain alive in the river as they transition into winter holding. Their responsiveness follows measured water temperature and current conditions rather than a terminal biological decline. This read combines Estabrook flow, measured water temperature, and local weather for the Urban Greenway near Estabrook Park. It does not directly measure Harbor & Downtown or the North Shore above Kletzsch. This read uses a current river level, measured water temperature, and the hourly weather outlook.","Compare the four time windows, but expect a shorter response in cold water and keep the result separate from the winter holding outlook."
2024-12-21,post_run,49,Moderate,35.6,188,low,5,45,49,50,49,13-17,Today’s Steelhead activity outlook is moderate.,"Some useful factors are present, but the response window is mixed. The strongest window is 1–5 PM: Clouds or lower light make this window more favorable. The main limitation: Water temperature limits responsiveness. Steelhead remain alive in winter holding after the fall-entry period. Use the dedicated winter read when available; this score only describes current responsiveness. This read combines Estabrook flow, measured water temperature, and local weather for the Urban Greenway near Estabrook Park. It does not directly measure Harbor & Downtown or the North Shore above Kletzsch. This read uses a current river level, measured water temperature, and the hourly weather outlook.","Compare the four time windows, but expect a shorter response in cold water and keep the result separate from the winter holding outlook."
2024-12-30,post_run,54,Moderate,35.6,925,high_fishable,11,53,47,50,58,17-21,Today’s Steelhead activity outlook is moderate.,"Some useful factors are present, but the response window is mixed. The strongest window is 5–9 PM: Clouds or lower light make this window more favorable. The main limitation: Water temperature limits responsiveness. Steelhead remain alive in winter holding after the fall-entry period. Use the dedicated winter read when available; this score only describes current responsiveness. This read combines Estabrook flow, measured water temperature, and local weather for the Urban Greenway near Estabrook Park. It does not directly measure Harbor & Downtown or the North Shore above Kletzsch. This read uses a current river level, measured water temperature, and the hourly weather outlook.","Compare the four time windows, but expect a shorter response in cold water and keep the result separate from the winter holding outlook."
2024-12-29,post_run,58,Moderate,35.42,813,high_fishable,1,58,58,58,59,17-21,Today’s Steelhead activity outlook is moderate.,"Some useful factors are present, but the response window is mixed. The strongest window is 5–9 PM: Clouds or lower light make this window more favorable. The main limitation: Water temperature limits responsiveness. Steelhead remain alive in winter holding after the fall-entry period. Use the dedicated winter read when available; this score only describes current responsiveness. This read combines Estabrook flow, measured water temperature, and local weather for the Urban Greenway near Estabrook Park. It does not directly measure Harbor & Downtown or the North Shore above Kletzsch. This read uses a current river level, measured water temperature, and the hourly weather outlook.","Compare the four time windows, but expect a shorter response in cold water and keep the result separate from the winter holding outlook."
2024-12-18,post_run,61,Active,35.78,344,ideal,7,59,59,57,64,17-21,Today’s Steelhead activity outlook is active.,"Conditions favor a meaningful reaction opportunity. The strongest window is 5–9 PM: The river level and its recent change are favorable. The main limitation: Water temperature limits responsiveness. Steelhead remain alive in winter holding after the fall-entry period. Use the dedicated winter read when available; this score only describes current responsiveness. This read combines Estabrook flow, measured water temperature, and local weather for the Urban Greenway near Estabrook Park. It does not directly measure Harbor & Downtown or the North Shore above Kletzsch. This read uses a current river level, measured water temperature, and the hourly weather outlook.","Compare the four time windows, but expect a shorter response in cold water and keep the result separate from the winter holding outlook."
2024-12-19,post_run,62,Active,35.6,293,ideal,2,60,62,62,61,09-13,Today’s Steelhead activity outlook is active.,"Conditions favor a meaningful reaction opportunity. The strongest window is 9 AM–1 PM: Clouds or lower light make this window more favorable. The main limitation: Water temperature limits responsiveness. Steelhead remain alive in winter holding after the fall-entry period. Use the dedicated winter read when available; this score only describes current responsiveness. This read combines Estabrook flow, measured water temperature, and local weather for the Urban Greenway near Estabrook Park. It does not directly measure Harbor & Downtown or the North Shore above Kletzsch. This read uses a current river level, measured water temperature, and the hourly weather outlook.","Compare the four time windows, but expect a shorter response in cold water and keep the result separate from the winter holding outlook."
2024-12-17,post_run,64,Active,35.96,348,ideal,1,64,64,63,64,05-09,Today’s Steelhead activity outlook is active.,"Conditions favor a meaningful reaction opportunity. The strongest window is 5–9 AM: The river level and its recent change are favorable. The main limitation: Water temperature limits responsiveness. Steelhead remain alive in winter holding after the fall-entry period. Use the dedicated winter read when available; this score only describes current responsiveness. This read combines Estabrook flow, measured water temperature, and local weather for the Urban Greenway near Estabrook Park. It does not directly measure Harbor & Downtown or the North Shore above Kletzsch. This read uses a current river level, measured water temperature, and the hourly weather outlook.","Compare the four time windows, but expect a shorter response in cold water and keep the result separate from the winter holding outlook."
2024-12-16,post_run,64,Active,35.96,315,ideal,0,64,64,64,64,05-09,Today’s Steelhead activity outlook is active.,"Conditions favor a meaningful reaction opportunity. The strongest window is 5–9 AM: The river level and its recent change are favorable. The main limitation: Water temperature limits responsiveness. Steelhead remain alive in winter holding after the fall-entry period. Use the dedicated winter read when available; this score only describes current responsiveness. This read combines Estabrook flow, measured water temperature, and local weather for the Urban Greenway near Estabrook Park. It does not directly measure Harbor & Downtown or the North Shore above Kletzsch. This read uses a current river level, measured water temperature, and the hourly weather outlook.","Compare the four time windows, but expect a shorter response in cold water and keep the result separate from the winter holding outlook."
