date,stage,daily_score,daily_label,temp_f,flow_cfs,flow_band,spread,05_09,09_13,13_17,17_21,cloud_05_09,cloud_09_13,cloud_13_17,cloud_17_21,best_block,headline,detail,tip
"2021-08-25","pre_run","27","Reserved","65.8","580","ideal","6","28","23","22","28","90","34","20","93","05-09","Today’s Coho activity outlook is reserved.","Fish may respond selectively, with important environmental limitations. The strongest window is 5–9 AM: Clouds or lower light make this window more favorable. The main limitation: Water temperature limits responsiveness. Dependable river presence has not begun. The score applies only to a sparse early Coho that may already have entered. This read uses a current river level, measured water temperature, and the hourly weather outlook.","Start with 5–9 AM. If the sky changes from the forecast, favor the darkest practical window."
"2021-08-30","pre_run","19","Inactive","69.4","929","high_fishable","1","19","18","18","19","0","4","6","14","05-09","Today’s Coho activity outlook is inactive.","Conditions provide little environmental support for an aggressive response. The strongest window is 5–9 AM: Clouds or lower light make this window more favorable. The main limitation: Water temperature limits responsiveness. Dependable river presence has not begun. The score applies only to a sparse early Coho that may already have entered. This read uses a current river level, measured water temperature, and the hourly weather outlook.","Start with 5–9 AM. If the sky changes from the forecast, favor the darkest practical window."
"2021-09-01","beginning","24","Reserved","64.8","904","high_fishable","2","24","22","22","24","0","2","10","7","05-09","Today’s Coho activity outlook is reserved.","Fish may respond selectively, with important environmental limitations. The strongest window is 5–9 AM: Clouds or lower light make this window more favorable. The main limitation: Water temperature limits responsiveness. Early lake-fresh Coho can remain reactive when measured water temperatures are suitable; this score applies only to fish already in the river. This read uses a current river level, measured water temperature, and the hourly weather outlook.","Start with 5–9 AM. If the sky changes from the forecast, favor the darkest practical window."
"2021-09-05","beginning","74","Active","60.1","611","ideal","14","77","65","64","78","2","10","18","29","17-21","Today’s Coho activity outlook is active.","Conditions favor a meaningful reaction opportunity. The strongest window is 5–9 PM: Clouds or lower light make this window more favorable. The main limitation: Rain adds little extra cover. Early lake-fresh Coho can remain reactive when measured water temperatures are suitable; this score applies only to fish already in the river. This read uses a current river level, measured water temperature, and the hourly weather outlook.","Start with 5–9 PM. If the sky changes from the forecast, favor the darkest practical window."
"2021-09-06","beginning","76","Active","60.8","597","ideal","18","75","65","68","83","15","32","52","77","17-21","Today’s Coho activity outlook is active.","Conditions favor a meaningful reaction opportunity. The strongest window is 5–9 PM: Clouds or lower light make this window more favorable. The main limitation: Rain adds little extra cover. Early lake-fresh Coho can remain reactive when measured water temperatures are suitable; this score applies only to fish already in the river. This read uses a current river level, measured water temperature, and the hourly weather outlook.","Start with 5–9 PM. If the sky changes from the forecast, favor the darkest practical window."
"2021-09-10","beginning","78","Active","58.6","612","ideal","14","78","69","74","83","22","37","58","68","17-21","Today’s Coho activity outlook is active.","Conditions favor a meaningful reaction opportunity. The strongest window is 5–9 PM: Clouds or lower light make this window more favorable. The main limitation: Rain adds little extra cover. Early lake-fresh Coho can remain reactive when measured water temperatures are suitable; this score applies only to fish already in the river. This read uses a current river level, measured water temperature, and the hourly weather outlook.","Start with 5–9 PM. If the sky changes from the forecast, favor the darkest practical window."
"2021-09-13","beginning","90","Highly active","59.5","593","ideal","3","87","89","90","90","87","93","93","100","13-17","Today’s Coho activity outlook is highly active.","Conditions strongly favor a response from Coho that are present and capable of reacting. The strongest window is 1–5 PM: Clouds or lower light make this window more favorable. The main limitation: Rain adds little extra cover. Early lake-fresh Coho can remain reactive when measured water temperatures are suitable; this score applies only to fish already in the river. This read uses a current river level, measured water temperature, and the hourly weather outlook.","Start with 1–5 PM. If the sky changes from the forecast, favor the darkest practical window."
"2021-09-25","building","81","Highly active","55.8","591","ideal","24","91","70","67","78","100","40","34","31","05-09","Today’s Coho activity outlook is highly active.","Conditions strongly favor a response from Coho that are present and capable of reacting. The strongest window is 5–9 AM: Clouds or lower light make this window more favorable. The main limitation: Rain adds little extra cover. More Coho are entering and settling into the river; measured water temperature matters, but this score describes reaction conditions rather than movement or abundance. This read uses a current river level, measured water temperature, and the hourly weather outlook.","Start with 5–9 AM. If the sky changes from the forecast, favor the darkest practical window."
"2021-09-28","building","72","Active","56.7","583","ideal","14","76","63","62","75","0","0","5","0","05-09","Today’s Coho activity outlook is active.","Conditions favor a meaningful reaction opportunity. The strongest window is 5–9 AM: Clouds or lower light make this window more favorable. The main limitation: Rain adds little extra cover. More Coho are entering and settling into the river; measured water temperature matters, but this score describes reaction conditions rather than movement or abundance. This read uses a current river level, measured water temperature, and the hourly weather outlook.","Start with 5–9 AM. If the sky changes from the forecast, favor the darkest practical window."
"2021-10-01","building","73","Active","55.6","571","ideal","14","76","63","62","76","0","1","0","19","05-09","Today’s Coho activity outlook is active.","Conditions favor a meaningful reaction opportunity. The strongest window is 5–9 AM: Clouds or lower light make this window more favorable. The main limitation: Rain adds little extra cover. More Coho are entering and settling into the river; measured water temperature matters, but this score describes reaction conditions rather than movement or abundance. This read uses a current river level, measured water temperature, and the hourly weather outlook.","Start with 5–9 AM. If the sky changes from the forecast, favor the darkest practical window."
"2021-10-13","peak","90","Highly active","60.1","627","ideal","13","91","93","80","90","100","100","76","100","09-13","Today’s Coho activity outlook is highly active.","Conditions strongly favor a response from Coho that are present and capable of reacting. The strongest window is 9 AM–1 PM: Clouds or lower light make this window more favorable. The main limitation: Rain adds little extra cover. Broad seasonal presence can make fish easier to locate, but this score measures the responsiveness of Coho already present rather than their abundance. This read uses a current river level, measured water temperature, and the hourly weather outlook.","Start with 9 AM–1 PM. If the sky changes from the forecast, favor the darkest practical window."
"2021-10-14","peak","89","Highly active","59.9","636","ideal","17","93","92","80","76","100","100","75","2","05-09","Today’s Coho activity outlook is highly active.","Conditions strongly favor a response from Coho that are present and capable of reacting. The strongest window is 5–9 AM: Clouds or lower light make this window more favorable. The main limitation: Rain adds little extra cover. Broad seasonal presence can make fish easier to locate, but this score measures the responsiveness of Coho already present rather than their abundance. This read uses a current river level, measured water temperature, and the hourly weather outlook.","Start with 5–9 AM. If the sky changes from the forecast, favor the darkest practical window."
"2021-10-15","peak","88","Highly active","56.7","637","ideal","20","78","75","89","95","13","58","96","100","17-21","Today’s Coho activity outlook is highly active.","Conditions strongly favor a response from Coho that are present and capable of reacting. The strongest window is 5–9 PM: Clouds or lower light make this window more favorable. The main limitation: Rain adds little extra cover. Broad seasonal presence can make fish easier to locate, but this score measures the responsiveness of Coho already present rather than their abundance. This read uses a current river level, measured water temperature, and the hourly weather outlook.","Start with 5–9 PM. If the sky changes from the forecast, favor the darkest practical window."
"2021-10-16","peak","87","Highly active","54","633","ideal","21","79","70","91","90","25","38","98","94","13-17","Today’s Coho activity outlook is highly active.","Conditions strongly favor a response from Coho that are present and capable of reacting. The strongest window is 1–5 PM: Clouds or lower light make this window more favorable. The main limitation: Rain adds little extra cover. Broad seasonal presence can make fish easier to locate, but this score measures the responsiveness of Coho already present rather than their abundance. This read uses a current river level, measured water temperature, and the hourly weather outlook.","Start with 1–5 PM. If the sky changes from the forecast, favor the darkest practical window."
"2021-11-04","peak","79","Active","43.3","611","ideal","22","77","64","86","77","34","27","95","43","13-17","Today’s Coho activity outlook is active.","Conditions favor a meaningful reaction opportunity. The strongest window is 1–5 PM: Clouds or lower light make this window more favorable. The main limitation: Rain adds little extra cover. Broad seasonal presence can make fish easier to locate, but this score measures the responsiveness of Coho already present rather than their abundance. This read uses a current river level, measured water temperature, and the hourly weather outlook.","Start with 1–5 PM. If the sky changes from the forecast, favor the darkest practical window."
"2021-11-05","peak","84","Highly active","43.2","609","ideal","16","80","72","85","88","57","59","93","100","17-21","Today’s Coho activity outlook is highly active.","Conditions strongly favor a response from Coho that are present and capable of reacting. The strongest window is 5–9 PM: Clouds or lower light make this window more favorable. The main limitation: Rain adds little extra cover. Broad seasonal presence can make fish easier to locate, but this score measures the responsiveness of Coho already present rather than their abundance. This read uses a current river level, measured water temperature, and the hourly weather outlook.","Start with 5–9 PM. If the sky changes from the forecast, favor the darkest practical window."
"2021-11-06","tapering","76","Active","43.9","607","ideal","29","88","65","59","73","100","36","1","2","05-09","Today’s Coho activity outlook is active.","Conditions favor a meaningful reaction opportunity. The strongest window is 5–9 AM: Clouds or lower light make this window more favorable. The main limitation: Rain adds little extra cover. This score represents a Coho of unknown condition at this point in the season. A newly arrived or fresher fish may be more active than this score, while a spawning or deteriorating fish may be less responsive. This read uses a current river level, measured water temperature, and the hourly weather outlook.","Compare the four time windows, but treat every difference as conditional on finding a living Coho still capable of responding."
"2021-11-10","tapering","84","Highly active","45.5","605","ideal","13","73","86","86","86","24","100","100","100","09-13","Today’s Coho activity outlook is highly active.","Conditions strongly favor a response from Coho that are present and capable of reacting. The strongest window is 9 AM–1 PM: Clouds or lower light make this window more favorable. The main limitation: Rain adds little extra cover. This score represents a Coho of unknown condition at this point in the season. A newly arrived or fresher fish may be more active than this score, while a spawning or deteriorating fish may be less responsive. This read uses a current river level, measured water temperature, and the hourly weather outlook.","Compare the four time windows, but treat every difference as conditional on finding a living Coho still capable of responding."
"2021-11-20","tapering","70","Active","41.7","641","ideal","3","70","70","70","67","100","100","100","89","05-09","Today’s Coho activity outlook is active.","Conditions favor a meaningful reaction opportunity. The strongest window is 5–9 AM: Clouds or lower light make this window more favorable. The main limitation: Rain adds little extra cover. This score represents a Coho of unknown condition at this point in the season. A newly arrived or fresher fish may be more active than this score, while a spawning or deteriorating fish may be less responsive. This read uses a current river level, measured water temperature, and the hourly weather outlook.","Compare the four time windows, but treat every difference as conditional on finding a living Coho still capable of responding."
"2021-12-05","post_run","35","Reserved","39","644","ideal","1","35","35","35","34","100","100","100","100","05-09","Today’s Coho activity outlook is reserved.","Fish may respond selectively, with important environmental limitations. The strongest window is 5–9 AM: Clouds or lower light make this window more favorable. The main limitation: Water temperature limits responsiveness. This score represents a remaining Coho of unknown condition late in the season. A newly arrived or fresher fish may be more active than this score, while a spent or deteriorating fish may respond less or not at all. This read uses a current river level, measured water temperature, and the hourly weather outlook.","No late-season window should be treated as broadly favorable; use the block scores only for a living Coho that is still capable of reacting."
"2021-12-06","post_run","34","Reserved","37","643","ideal","1","33","34","34","33","100","99","100","99","09-13","Today’s Coho activity outlook is reserved.","Fish may respond selectively, with important environmental limitations. The strongest window is 9 AM–1 PM: Clouds or lower light make this window more favorable. The main limitation: Water temperature limits responsiveness. This score represents a remaining Coho of unknown condition late in the season. A newly arrived or fresher fish may be more active than this score, while a spent or deteriorating fish may respond less or not at all. This read uses a current river level, measured water temperature, and the hourly weather outlook.","No late-season window should be treated as broadly favorable; use the block scores only for a living Coho that is still capable of reacting."
"2021-12-11","post_run","33","Reserved","38.8","696","ideal","6","34","34","34","28","87","100","100","20","05-09","Today’s Coho activity outlook is reserved.","Fish may respond selectively, with important environmental limitations. The strongest window is 5–9 AM: Clouds or lower light make this window more favorable. The main limitation: Water temperature limits responsiveness. This score represents a remaining Coho of unknown condition late in the season. A newly arrived or fresher fish may be more active than this score, while a spent or deteriorating fish may respond less or not at all. This read uses a current river level, measured water temperature, and the hourly weather outlook.","No late-season window should be treated as broadly favorable; use the block scores only for a living Coho that is still capable of reacting."
"2021-12-13","post_run","23","Reserved","36.9","1030","very_high","6","24","18","19","24","1","2","22","2","05-09","Today’s Coho activity outlook is reserved.","Fish may respond selectively, with important environmental limitations. The strongest window is 5–9 AM: Clouds or lower light make this window more favorable. The main limitation: Water temperature limits responsiveness. This score represents a remaining Coho of unknown condition late in the season. A newly arrived or fresher fish may be more active than this score, while a spent or deteriorating fish may respond less or not at all. This read uses a current river level, measured water temperature, and the hourly weather outlook.","No late-season window should be treated as broadly favorable; use the block scores only for a living Coho that is still capable of reacting."
"2021-12-14","post_run","30","Reserved","37.2","1070","very_high","3","27","30","30","30","71","100","100","100","09-13","Today’s Coho activity outlook is reserved.","Fish may respond selectively, with important environmental limitations. The strongest window is 9 AM–1 PM: Clouds or lower light make this window more favorable. The main limitation: Water temperature limits responsiveness. This score represents a remaining Coho of unknown condition late in the season. A newly arrived or fresher fish may be more active than this score, while a spent or deteriorating fish may respond less or not at all. This read uses a current river level, measured water temperature, and the hourly weather outlook.","No late-season window should be treated as broadly favorable; use the block scores only for a living Coho that is still capable of reacting."
"2021-12-22","post_run","32","Reserved","36.9","780","high_fishable","3","32","32","31","29","100","100","98","71","05-09","Today’s Coho activity outlook is reserved.","Fish may respond selectively, with important environmental limitations. The strongest window is 5–9 AM: Clouds or lower light make this window more favorable. The main limitation: Water temperature limits responsiveness. This score represents a remaining Coho of unknown condition late in the season. A newly arrived or fresher fish may be more active than this score, while a spent or deteriorating fish may respond less or not at all. This read uses a current river level, measured water temperature, and the hourly weather outlook.","No late-season window should be treated as broadly favorable; use the block scores only for a living Coho that is still capable of reacting."
"2022-08-26","pre_run","63","Active","62.9","482","low","21","70","56","49","64","55","32","1","0","05-09","Today’s Coho activity outlook is active.","Conditions favor a meaningful reaction opportunity. The strongest window is 5–9 AM: Clouds or lower light make this window more favorable. The main limitation: Water temperature limits responsiveness. Dependable river presence has not begun. The score applies only to a sparse early Coho that may already have entered. This read uses a current river level, measured water temperature, and the hourly weather outlook.","Start with 5–9 AM. If the sky changes from the forecast, favor the darkest practical window."
"2022-08-28","pre_run","79","Active","63.1","495","low","10","79","79","72","82","100","100","83","100","17-21","Today’s Coho activity outlook is active.","Conditions favor a meaningful reaction opportunity. The strongest window is 5–9 PM: Clouds or lower light make this window more favorable. The main limitation: Water temperature limits responsiveness. Dependable river presence has not begun. The score applies only to a sparse early Coho that may already have entered. This read uses a current river level, measured water temperature, and the hourly weather outlook.","Start with 5–9 PM. If the sky changes from the forecast, favor the darkest practical window."
"2022-08-29","pre_run","78","Active","63.9","520","normal_fishable","9","79","80","73","71","100","100","85","63","09-13","Today’s Coho activity outlook is active.","Conditions favor a meaningful reaction opportunity. The strongest window is 9 AM–1 PM: Clouds or lower light make this window more favorable. The main limitation: Water temperature limits responsiveness. Dependable river presence has not begun. The score applies only to a sparse early Coho that may already have entered. This read uses a current river level, measured water temperature, and the hourly weather outlook.","Start with 9 AM–1 PM. If the sky changes from the forecast, favor the darkest practical window."
"2022-08-30","pre_run","71","Active","63.3","550","ideal","22","67","59","81","66","7","38","99","9","13-17","Today’s Coho activity outlook is active.","Conditions favor a meaningful reaction opportunity. The strongest window is 1–5 PM: Clouds or lower light make this window more favorable. The main limitation: Water temperature limits responsiveness. Dependable river presence has not begun. The score applies only to a sparse early Coho that may already have entered. This read uses a current river level, measured water temperature, and the hourly weather outlook.","Start with 1–5 PM. If the sky changes from the forecast, favor the darkest practical window."
"2022-08-31","pre_run","66","Active","62.6","627","ideal","15","70","57","55","69","0","2","14","11","05-09","Today’s Coho activity outlook is active.","Conditions favor a meaningful reaction opportunity. The strongest window is 5–9 AM: Clouds or lower light make this window more favorable. The main limitation: Rain adds little extra cover. Dependable river presence has not begun. The score applies only to a sparse early Coho that may already have entered. This read uses a current river level, measured water temperature, and the hourly weather outlook.","Start with 5–9 AM. If the sky changes from the forecast, favor the darkest practical window."
"2022-09-20","beginning","83","Highly active","61","487","low","14","80","89","80","75","75","100","88","46","09-13","Today’s Coho activity outlook is highly active.","Conditions strongly favor a response from Coho that are present and capable of reacting. The strongest window is 9 AM–1 PM: Clouds or lower light make this window more favorable. The main limitation: The river level or its recent change is less favorable. Early lake-fresh Coho can remain reactive when measured water temperatures are suitable; this score applies only to fish already in the river. This read uses a current river level, measured water temperature, and the hourly weather outlook.","Start with 9 AM–1 PM. If the sky changes from the forecast, favor the darkest practical window."
"2022-09-26","building","93","Highly active","53.8","533","ideal","2","93","93","91","92","100","100","100","100","05-09","Today’s Coho activity outlook is highly active.","Conditions strongly favor a response from Coho that are present and capable of reacting. The strongest window is 5–9 AM: Clouds or lower light make this window more favorable. The main limitation: Rain adds little extra cover. More Coho are entering and settling into the river; measured water temperature matters, but this score describes reaction conditions rather than movement or abundance. This read uses a current river level, measured water temperature, and the hourly weather outlook.","Start with 5–9 AM. If the sky changes from the forecast, favor the darkest practical window."
"2022-09-27","building","86","Highly active","53.4","619","ideal","18","79","74","85","92","40","57","88","100","17-21","Today’s Coho activity outlook is highly active.","Conditions strongly favor a response from Coho that are present and capable of reacting. The strongest window is 5–9 PM: Clouds or lower light make this window more favorable. The main limitation: Rain adds little extra cover. More Coho are entering and settling into the river; measured water temperature matters, but this score describes reaction conditions rather than movement or abundance. This read uses a current river level, measured water temperature, and the hourly weather outlook.","Start with 5–9 PM. If the sky changes from the forecast, favor the darkest practical window."
"2022-09-28","building","88","Highly active","52.9","639","ideal","7","84","87","91","86","65","88","100","79","13-17","Today’s Coho activity outlook is highly active.","Conditions strongly favor a response from Coho that are present and capable of reacting. The strongest window is 1–5 PM: Clouds or lower light make this window more favorable. The main limitation: Rain adds little extra cover. More Coho are entering and settling into the river; measured water temperature matters, but this score describes reaction conditions rather than movement or abundance. This read uses a current river level, measured water temperature, and the hourly weather outlook.","Start with 1–5 PM. If the sky changes from the forecast, favor the darkest practical window."
"2022-09-29","building","84","Highly active","51.1","623","ideal","23","86","68","76","91","75","29","64","98","17-21","Today’s Coho activity outlook is highly active.","Conditions strongly favor a response from Coho that are present and capable of reacting. The strongest window is 5–9 PM: Clouds or lower light make this window more favorable. The main limitation: Rain adds little extra cover. More Coho are entering and settling into the river; measured water temperature matters, but this score describes reaction conditions rather than movement or abundance. This read uses a current river level, measured water temperature, and the hourly weather outlook.","Start with 5–9 PM. If the sky changes from the forecast, favor the darkest practical window."
"2022-10-07","building","86","Highly active","50.9","507","normal_fishable","7","81","82","88","88","63","86","99","99","13-17","Today’s Coho activity outlook is highly active.","Conditions strongly favor a response from Coho that are present and capable of reacting. The strongest window is 1–5 PM: Clouds or lower light make this window more favorable. The main limitation: Rain adds little extra cover. More Coho are entering and settling into the river; measured water temperature matters, but this score describes reaction conditions rather than movement or abundance. This read uses a current river level, measured water temperature, and the hourly weather outlook.","Start with 1–5 PM. If the sky changes from the forecast, favor the darkest practical window."
"2022-10-21","peak","74","Active","45.1","907","high_fishable","28","86","62","58","71","96","24","0","2","05-09","Today’s Coho activity outlook is active.","Conditions favor a meaningful reaction opportunity. The strongest window is 5–9 AM: Clouds or lower light make this window more favorable. The main limitation: Rain adds little extra cover. Broad seasonal presence can make fish easier to locate, but this score measures the responsiveness of Coho already present rather than their abundance. This read uses a current river level, measured water temperature, and the hourly weather outlook.","Start with 5–9 AM. If the sky changes from the forecast, favor the darkest practical window."
"2022-10-25","peak","90","Highly active","54.4","741","ideal","3","88","89","91","90","94","100","100","100","13-17","Today’s Coho activity outlook is highly active.","Conditions strongly favor a response from Coho that are present and capable of reacting. The strongest window is 1–5 PM: Clouds or lower light make this window more favorable. The main limitation: Rain adds little extra cover. Broad seasonal presence can make fish easier to locate, but this score measures the responsiveness of Coho already present rather than their abundance. This read uses a current river level, measured water temperature, and the hourly weather outlook.","Start with 1–5 PM. If the sky changes from the forecast, favor the darkest practical window."
"2022-10-28","peak","81","Highly active","47.1","799","high_fishable","22","87","65","82","75","90","22","83","0","05-09","Today’s Coho activity outlook is highly active.","Conditions strongly favor a response from Coho that are present and capable of reacting. The strongest window is 5–9 AM: Clouds or lower light make this window more favorable. The main limitation: Rain adds little extra cover. Broad seasonal presence can make fish easier to locate, but this score measures the responsiveness of Coho already present rather than their abundance. This read uses a current river level, measured water temperature, and the hourly weather outlook.","Start with 5–9 AM. If the sky changes from the forecast, favor the darkest practical window."
"2022-11-04","peak","91","Highly active","49.8","654","ideal","1","91","92","91","91","100","100","100","100","09-13","Today’s Coho activity outlook is highly active.","Conditions strongly favor a response from Coho that are present and capable of reacting. The strongest window is 9 AM–1 PM: Clouds or lower light make this window more favorable. The main limitation: Rain adds little extra cover. Broad seasonal presence can make fish easier to locate, but this score measures the responsiveness of Coho already present rather than their abundance. This read uses a current river level, measured water temperature, and the hourly weather outlook.","Start with 9 AM–1 PM. If the sky changes from the forecast, favor the darkest practical window."
"2022-11-05","peak","89","Highly active","52.2","828","high_fishable","6","84","88","90","90","100","100","100","100","13-17","Today’s Coho activity outlook is highly active.","Conditions strongly favor a response from Coho that are present and capable of reacting. The strongest window is 1–5 PM: Clouds or lower light make this window more favorable. The main limitation: The river level or its recent change is less favorable. Broad seasonal presence can make fish easier to locate, but this score measures the responsiveness of Coho already present rather than their abundance. This read uses a current river level, measured water temperature, and the hourly weather outlook.","Start with 1–5 PM. If the sky changes from the forecast, favor the darkest practical window."
"2022-11-07","tapering","67","Active","48.7","968","high_fishable","15","71","58","56","70","0","0","0","5","05-09","Today’s Coho activity outlook is active.","Conditions favor a meaningful reaction opportunity. The strongest window is 5–9 AM: Clouds or lower light make this window more favorable. The main limitation: Rain adds little extra cover. This score represents a Coho of unknown condition at this point in the season. A newly arrived or fresher fish may be more active than this score, while a spawning or deteriorating fish may be less responsive. This read uses a current river level, measured water temperature, and the hourly weather outlook.","Compare the four time windows, but treat every difference as conditional on finding a living Coho still capable of responding."
"2022-11-09","tapering","79","Active","45.5","951","high_fishable","13","81","82","71","69","95","99","67","31","09-13","Today’s Coho activity outlook is active.","Conditions favor a meaningful reaction opportunity. The strongest window is 9 AM–1 PM: Clouds or lower light make this window more favorable. The main limitation: Rain adds little extra cover. This score represents a Coho of unknown condition at this point in the season. A newly arrived or fresher fish may be more active than this score, while a spawning or deteriorating fish may be less responsive. This read uses a current river level, measured water temperature, and the hourly weather outlook.","Compare the four time windows, but treat every difference as conditional on finding a living Coho still capable of responding."
"2022-11-19","tapering","65","Active","37","711","ideal","9","65","67","66","58","100","100","99","70","09-13","Today’s Coho activity outlook is active.","Conditions favor a meaningful reaction opportunity. The strongest window is 9 AM–1 PM: Clouds or lower light make this window more favorable. The main limitation: Water temperature limits responsiveness. This score represents a Coho of unknown condition at this point in the season. A newly arrived or fresher fish may be more active than this score, while a spawning or deteriorating fish may be less responsive. This read uses a current river level, measured water temperature, and the hourly weather outlook.","Compare the four time windows, but treat every difference as conditional on finding a living Coho still capable of responding."
"2022-11-23","ending","40","Moderate","37.6","690","ideal","11","42","40","31","41","0","57","0","0","05-09","Today’s Coho activity outlook is moderate.","Some useful factors are present, but the response window is mixed. The strongest window is 5–9 AM: Clouds or lower light make this window more favorable. The main limitation: Water temperature limits responsiveness. This score represents a remaining Coho of unknown condition late in the season. A newly arrived or fresher fish may be more active than this score, while a spent or deteriorating fish may respond less or not at all. This read uses a current river level, measured water temperature, and the hourly weather outlook.","No late-season window should be treated as broadly favorable; use the block scores only for a living Coho that is still capable of reacting."
"2022-11-30","ending","35","Reserved","41.7","767","high_fishable","0","35","35","35","35","97","100","100","100","05-09","Today’s Coho activity outlook is reserved.","Fish may respond selectively, with important environmental limitations. The strongest window is 5–9 AM: Clouds or lower light make this window more favorable. The main limitation: Rain adds little extra cover. This score represents a remaining Coho of unknown condition late in the season. A newly arrived or fresher fish may be more active than this score, while a spent or deteriorating fish may respond less or not at all. This read uses a current river level, measured water temperature, and the hourly weather outlook.","No late-season window should be treated as broadly favorable; use the block scores only for a living Coho that is still capable of reacting."
"2023-08-31","pre_run","68","Active","59","448","low","16","72","59","56","71","0","0","0","0","05-09","Today’s Coho activity outlook is active.","Conditions favor a meaningful reaction opportunity. The strongest window is 5–9 AM: Clouds or lower light make this window more favorable. The main limitation: Rain adds little extra cover. Dependable river presence has not begun. The score applies only to a sparse early Coho that may already have entered. This read uses a current river level, measured water temperature, and the hourly weather outlook.","Start with 5–9 AM. If the sky changes from the forecast, favor the darkest practical window."
"2023-09-04","beginning","61","Active","62.8","425","low","16","65","51","49","63","15","1","0","0","05-09","Today’s Coho activity outlook is active.","Conditions favor a meaningful reaction opportunity. The strongest window is 5–9 AM: Clouds or lower light make this window more favorable. The main limitation: Rain adds little extra cover. Early lake-fresh Coho can remain reactive when measured water temperatures are suitable; this score applies only to fish already in the river. This read uses a current river level, measured water temperature, and the hourly weather outlook.","Start with 5–9 AM. If the sky changes from the forecast, favor the darkest practical window."
"2023-09-14","beginning","71","Active","56.2","497","low","13","74","61","69","73","1","8","52","14","05-09","Today’s Coho activity outlook is active.","Conditions favor a meaningful reaction opportunity. The strongest window is 5–9 AM: Clouds or lower light make this window more favorable. The main limitation: Rain adds little extra cover. Early lake-fresh Coho can remain reactive when measured water temperatures are suitable; this score applies only to fish already in the river. This read uses a current river level, measured water temperature, and the hourly weather outlook.","Start with 5–9 AM. If the sky changes from the forecast, favor the darkest practical window."
"2023-09-16","beginning","86","Highly active","56.7","461","low","0","86","86","86","86","100","99","99","99","05-09","Today’s Coho activity outlook is highly active.","Conditions strongly favor a response from Coho that are present and capable of reacting. The strongest window is 5–9 AM: Clouds or lower light make this window more favorable. The main limitation: Rain adds little extra cover. Early lake-fresh Coho can remain reactive when measured water temperatures are suitable; this score applies only to fish already in the river. This read uses a current river level, measured water temperature, and the hourly weather outlook.","Start with 5–9 AM. If the sky changes from the forecast, favor the darkest practical window."
"2023-09-26","building","84","Highly active","59.2","422","low","2","85","83","83","84","100","98","98","100","05-09","Today’s Coho activity outlook is highly active.","Conditions strongly favor a response from Coho that are present and capable of reacting. The strongest window is 5–9 AM: Clouds or lower light make this window more favorable. The main limitation: Rain adds little extra cover. More Coho are entering and settling into the river; measured water temperature matters, but this score describes reaction conditions rather than movement or abundance. This read uses a current river level, measured water temperature, and the hourly weather outlook.","Start with 5–9 AM. If the sky changes from the forecast, favor the darkest practical window."
"2023-10-29","peak","93","Highly active","51.3","641","ideal","3","92","92","92","95","98","100","100","100","17-21","Today’s Coho activity outlook is highly active.","Conditions strongly favor a response from Coho that are present and capable of reacting. The strongest window is 5–9 PM: Clouds or lower light make this window more favorable. The main limitation: Rain adds little extra cover. Broad seasonal presence can make fish easier to locate, but this score measures the responsiveness of Coho already present rather than their abundance. This read uses a current river level, measured water temperature, and the hourly weather outlook.","Start with 5–9 PM. If the sky changes from the forecast, favor the darkest practical window."
"2023-11-07","tapering","85","Highly active","47.5","508","normal_fishable","6","86","86","84","80","100","100","96","71","05-09","Today’s Coho activity outlook is highly active.","Conditions strongly favor a response from Coho that are present and capable of reacting. The strongest window is 5–9 AM: Clouds or lower light make this window more favorable. The main limitation: Rain adds little extra cover. This score represents a Coho of unknown condition at this point in the season. A newly arrived or fresher fish may be more active than this score, while a spawning or deteriorating fish may be less responsive. This read uses a current river level, measured water temperature, and the hourly weather outlook.","Compare the four time windows, but treat every difference as conditional on finding a living Coho still capable of responding."
"2023-11-08","tapering","89","Highly active","45.5","535","ideal","4","89","86","90","90","100","100","100","100","13-17","Today’s Coho activity outlook is highly active.","Conditions strongly favor a response from Coho that are present and capable of reacting. The strongest window is 1–5 PM: Clouds or lower light make this window more favorable. The main limitation: Rain adds little extra cover. This score represents a Coho of unknown condition at this point in the season. A newly arrived or fresher fish may be more active than this score, while a spawning or deteriorating fish may be less responsive. This read uses a current river level, measured water temperature, and the hourly weather outlook.","Compare the four time windows, but treat every difference as conditional on finding a living Coho still capable of responding."
"2023-11-18","tapering","58","Moderate","43.3","524","normal_fishable","15","61","56","46","60","19","50","7","0","05-09","Today’s Coho activity outlook is moderate.","Some useful factors are present, but the response window is mixed. The strongest window is 5–9 AM: Clouds or lower light make this window more favorable. The main limitation: Rain adds little extra cover. This score represents a Coho of unknown condition at this point in the season. A newly arrived or fresher fish may be more active than this score, while a spawning or deteriorating fish may be less responsive. This read uses a current river level, measured water temperature, and the hourly weather outlook.","Compare the four time windows, but treat every difference as conditional on finding a living Coho still capable of responding."
"2023-11-19","tapering","52","Moderate","41.5","517","normal_fishable","13","56","43","43","55","0","7","16","0","05-09","Today’s Coho activity outlook is moderate.","Some useful factors are present, but the response window is mixed. The strongest window is 5–9 AM: Clouds or lower light make this window more favorable. The main limitation: Rain adds little extra cover. This score represents a Coho of unknown condition at this point in the season. A newly arrived or fresher fish may be more active than this score, while a spawning or deteriorating fish may be less responsive. This read uses a current river level, measured water temperature, and the hourly weather outlook.","Compare the four time windows, but treat every difference as conditional on finding a living Coho still capable of responding."
"2023-11-25","ending","49","Moderate","37.6","583","ideal","0","49","49","49","49","100","100","100","100","05-09","Today’s Coho activity outlook is moderate.","Some useful factors are present, but the response window is mixed. The strongest window is 5–9 AM: Clouds or lower light make this window more favorable. The main limitation: Water temperature limits responsiveness. This score represents a remaining Coho of unknown condition late in the season. A newly arrived or fresher fish may be more active than this score, while a spent or deteriorating fish may respond less or not at all. This read uses a current river level, measured water temperature, and the hourly weather outlook.","No late-season window should be treated as broadly favorable; use the block scores only for a living Coho that is still capable of reacting."
"2023-11-30","ending","26","Reserved","36.3","519","normal_fishable","2","26","26","24","25","22","67","53","3","05-09","Today’s Coho activity outlook is reserved.","Fish may respond selectively, with important environmental limitations. The strongest window is 5–9 AM: Clouds or lower light make this window more favorable. The main limitation: Water temperature limits responsiveness. This score represents a remaining Coho of unknown condition late in the season. A newly arrived or fresher fish may be more active than this score, while a spent or deteriorating fish may respond less or not at all. This read uses a current river level, measured water temperature, and the hourly weather outlook.","No late-season window should be treated as broadly favorable; use the block scores only for a living Coho that is still capable of reacting."
"2023-12-28","post_run","39","Reserved","45.1","582","ideal","1","39","39","39","38","100","100","100","100","05-09","Today’s Coho activity outlook is reserved.","Fish may respond selectively, with important environmental limitations. The strongest window is 5–9 AM: Clouds or lower light make this window more favorable. The main limitation: Rain adds little extra cover. This score represents a remaining Coho of unknown condition late in the season. A newly arrived or fresher fish may be more active than this score, while a spent or deteriorating fish may respond less or not at all. This read uses a current river level, measured water temperature, and the hourly weather outlook.","No late-season window should be treated as broadly favorable; use the block scores only for a living Coho that is still capable of reacting."
"2024-08-27","pre_run","26","Reserved","66.2","465","low","5","28","26","25","23","100","100","83","6","05-09","Today’s Coho activity outlook is reserved.","Fish may respond selectively, with important environmental limitations. The strongest window is 5–9 AM: Clouds or lower light make this window more favorable. The main limitation: Water temperature limits responsiveness. Dependable river presence has not begun. The score applies only to a sparse early Coho that may already have entered. This read uses a current river level, measured water temperature, and the hourly weather outlook.","Start with 5–9 AM. If the sky changes from the forecast, favor the darkest practical window."
"2024-08-28","pre_run","27","Reserved","65.8","488","low","5","28","27","23","24","100","95","46","4","05-09","Today’s Coho activity outlook is reserved.","Fish may respond selectively, with important environmental limitations. The strongest window is 5–9 AM: Clouds or lower light make this window more favorable. The main limitation: Water temperature limits responsiveness. Dependable river presence has not begun. The score applies only to a sparse early Coho that may already have entered. This read uses a current river level, measured water temperature, and the hourly weather outlook.","Start with 5–9 AM. If the sky changes from the forecast, favor the darkest practical window."
"2024-08-29","pre_run","25","Reserved","65.5","488","low","3","24","23","26","24","24","45","89","14","13-17","Today’s Coho activity outlook is reserved.","Fish may respond selectively, with important environmental limitations. The strongest window is 1–5 PM: Clouds or lower light make this window more favorable. The main limitation: Water temperature limits responsiveness. Dependable river presence has not begun. The score applies only to a sparse early Coho that may already have entered. This read uses a current river level, measured water temperature, and the hourly weather outlook.","Start with 1–5 PM. If the sky changes from the forecast, favor the darkest practical window."
"2024-08-30","pre_run","29","Reserved","64.4","486","low","2","30","29","29","28","100","96","99","94","05-09","Today’s Coho activity outlook is reserved.","Fish may respond selectively, with important environmental limitations. The strongest window is 5–9 AM: Clouds or lower light make this window more favorable. The main limitation: Water temperature limits responsiveness. Dependable river presence has not begun. The score applies only to a sparse early Coho that may already have entered. This read uses a current river level, measured water temperature, and the hourly weather outlook.","Start with 5–9 AM. If the sky changes from the forecast, favor the darkest practical window."
"2024-08-31","pre_run","24","Reserved","64.1","474","low","2","24","22","22","24","0","0","0","0","05-09","Today’s Coho activity outlook is reserved.","Fish may respond selectively, with important environmental limitations. The strongest window is 5–9 AM: Clouds or lower light make this window more favorable. The main limitation: Water temperature limits responsiveness. Dependable river presence has not begun. The score applies only to a sparse early Coho that may already have entered. This read uses a current river level, measured water temperature, and the hourly weather outlook.","Start with 5–9 AM. If the sky changes from the forecast, favor the darkest practical window."
"2024-09-02","beginning","66","Active","61.3","461","low","16","70","57","54","69","9","0","0","0","05-09","Today’s Coho activity outlook is active.","Conditions favor a meaningful reaction opportunity. The strongest window is 5–9 AM: Clouds or lower light make this window more favorable. The main limitation: Rain adds little extra cover. Early lake-fresh Coho can remain reactive when measured water temperatures are suitable; this score applies only to fish already in the river. This read uses a current river level, measured water temperature, and the hourly weather outlook.","Start with 5–9 AM. If the sky changes from the forecast, favor the darkest practical window."
"2024-09-04","beginning","68","Active","59.5","447","low","16","72","59","56","71","0","0","0","0","05-09","Today’s Coho activity outlook is active.","Conditions favor a meaningful reaction opportunity. The strongest window is 5–9 AM: Clouds or lower light make this window more favorable. The main limitation: Rain adds little extra cover. Early lake-fresh Coho can remain reactive when measured water temperatures are suitable; this score applies only to fish already in the river. This read uses a current river level, measured water temperature, and the hourly weather outlook.","Start with 5–9 AM. If the sky changes from the forecast, favor the darkest practical window."
"2024-09-20","beginning","72","Active","60.8","401","low","8","74","66","74","67","63","53","78","8","05-09","Today’s Coho activity outlook is active.","Conditions favor a meaningful reaction opportunity. The strongest window is 5–9 AM: Clouds or lower light make this window more favorable. The main limitation: The river level or its recent change is less favorable. Early lake-fresh Coho can remain reactive when measured water temperatures are suitable; this score applies only to fish already in the river. This read uses a current river level, measured water temperature, and the hourly weather outlook.","Start with 5–9 AM. If the sky changes from the forecast, favor the darkest practical window."
"2024-09-23","building","75","Active","59","435","low","25","73","61","61","86","15","20","29","97","17-21","Today’s Coho activity outlook is active.","Conditions favor a meaningful reaction opportunity. The strongest window is 5–9 PM: Clouds or lower light make this window more favorable. The main limitation: Rain adds little extra cover. More Coho are entering and settling into the river; measured water temperature matters, but this score describes reaction conditions rather than movement or abundance. This read uses a current river level, measured water temperature, and the hourly weather outlook.","Start with 5–9 PM. If the sky changes from the forecast, favor the darkest practical window."
"2024-09-24","building","90","Highly active","57.9","474","low","7","85","88","92","89","93","99","100","100","13-17","Today’s Coho activity outlook is highly active.","Conditions strongly favor a response from Coho that are present and capable of reacting. The strongest window is 1–5 PM: Clouds or lower light make this window more favorable. The main limitation: The river level or its recent change is less favorable. More Coho are entering and settling into the river; measured water temperature matters, but this score describes reaction conditions rather than movement or abundance. This read uses a current river level, measured water temperature, and the hourly weather outlook.","Start with 1–5 PM. If the sky changes from the forecast, favor the darkest practical window."
"2024-09-25","building","78","Active","57.6","583","ideal","28","89","67","61","75","97","30","3","0","05-09","Today’s Coho activity outlook is active.","Conditions favor a meaningful reaction opportunity. The strongest window is 5–9 AM: Clouds or lower light make this window more favorable. The main limitation: Rain adds little extra cover. More Coho are entering and settling into the river; measured water temperature matters, but this score describes reaction conditions rather than movement or abundance. This read uses a current river level, measured water temperature, and the hourly weather outlook.","Start with 5–9 AM. If the sky changes from the forecast, favor the darkest practical window."
"2024-09-29","building","71","Active","59.4","720","ideal","15","75","62","60","74","1","0","0","1","05-09","Today’s Coho activity outlook is active.","Conditions favor a meaningful reaction opportunity. The strongest window is 5–9 AM: Clouds or lower light make this window more favorable. The main limitation: Rain adds little extra cover. More Coho are entering and settling into the river; measured water temperature matters, but this score describes reaction conditions rather than movement or abundance. This read uses a current river level, measured water temperature, and the hourly weather outlook.","Start with 5–9 AM. If the sky changes from the forecast, favor the darkest practical window."
"2024-10-01","building","82","Highly active","59","590","ideal","21","84","86","65","80","53","87","27","48","09-13","Today’s Coho activity outlook is highly active.","Conditions strongly favor a response from Coho that are present and capable of reacting. The strongest window is 9 AM–1 PM: Clouds or lower light make this window more favorable. The main limitation: Rain adds little extra cover. More Coho are entering and settling into the river; measured water temperature matters, but this score describes reaction conditions rather than movement or abundance. This read uses a current river level, measured water temperature, and the hourly weather outlook.","Start with 9 AM–1 PM. If the sky changes from the forecast, favor the darkest practical window."
"2024-10-12","peak","80","Highly active","51.3","468","low","17","78","69","77","86","57","54","78","100","17-21","Today’s Coho activity outlook is highly active.","Conditions strongly favor a response from Coho that are present and capable of reacting. The strongest window is 5–9 PM: Clouds or lower light make this window more favorable. The main limitation: Rain adds little extra cover. Broad seasonal presence can make fish easier to locate, but this score measures the responsiveness of Coho already present rather than their abundance. This read uses a current river level, measured water temperature, and the hourly weather outlook.","Start with 5–9 PM. If the sky changes from the forecast, favor the darkest practical window."
"2024-11-02","peak","77","Active","48.6","491","low","27","74","61","71","88","0","5","58","100","17-21","Today’s Coho activity outlook is active.","Conditions favor a meaningful reaction opportunity. The strongest window is 5–9 PM: Clouds or lower light make this window more favorable. The main limitation: Rain adds little extra cover. Broad seasonal presence can make fish easier to locate, but this score measures the responsiveness of Coho already present rather than their abundance. This read uses a current river level, measured water temperature, and the hourly weather outlook.","Start with 5–9 PM. If the sky changes from the forecast, favor the darkest practical window."
"2024-11-08","tapering","71","Active","49.8","718","ideal","14","74","63","60","73","0","15","2","0","05-09","Today’s Coho activity outlook is active.","Conditions favor a meaningful reaction opportunity. The strongest window is 5–9 AM: Clouds or lower light make this window more favorable. The main limitation: Rain adds little extra cover. This score represents a Coho of unknown condition at this point in the season. A newly arrived or fresher fish may be more active than this score, while a spawning or deteriorating fish may be less responsive. This read uses a current river level, measured water temperature, and the hourly weather outlook.","Compare the four time windows, but treat every difference as conditional on finding a living Coho still capable of responding."
"2024-11-17","tapering","80","Highly active","47.5","619","ideal","5","82","78","77","79","100","99","96","100","05-09","Today’s Coho activity outlook is highly active.","Conditions strongly favor a response from Coho that are present and capable of reacting. The strongest window is 5–9 AM: Clouds or lower light make this window more favorable. The main limitation: Rain adds little extra cover. This score represents a Coho of unknown condition at this point in the season. A newly arrived or fresher fish may be more active than this score, while a spawning or deteriorating fish may be less responsive. This read uses a current river level, measured water temperature, and the hourly weather outlook.","Compare the four time windows, but treat every difference as conditional on finding a living Coho still capable of responding."
"2024-11-19","tapering","77","Active","47.3","600","ideal","10","76","80","76","70","87","100","93","71","09-13","Today’s Coho activity outlook is active.","Conditions favor a meaningful reaction opportunity. The strongest window is 9 AM–1 PM: Clouds or lower light make this window more favorable. The main limitation: Rain adds little extra cover. This score represents a Coho of unknown condition at this point in the season. A newly arrived or fresher fish may be more active than this score, while a spawning or deteriorating fish may be less responsive. This read uses a current river level, measured water temperature, and the hourly weather outlook.","Compare the four time windows, but treat every difference as conditional on finding a living Coho still capable of responding."
"2024-11-21","ending","72","Active","45.9","609","ideal","12","67","75","73","63","64","100","99","46","09-13","Today’s Coho activity outlook is active.","Conditions favor a meaningful reaction opportunity. The strongest window is 9 AM–1 PM: Clouds or lower light make this window more favorable. The main limitation: Rain adds little extra cover. This score represents a remaining Coho of unknown condition late in the season. A newly arrived or fresher fish may be more active than this score, while a spent or deteriorating fish may respond less or not at all. This read uses a current river level, measured water temperature, and the hourly weather outlook.","No late-season window should be treated as broadly favorable; use the block scores only for a living Coho that is still capable of reacting."
"2024-11-25","ending","59","Moderate","45.2","598","ideal","2","57","59","57","59","100","100","99","100","09-13","Today’s Coho activity outlook is moderate.","Some useful factors are present, but the response window is mixed. The strongest window is 9 AM–1 PM: Clouds or lower light make this window more favorable. The main limitation: Rain adds little extra cover. This score represents a remaining Coho of unknown condition late in the season. A newly arrived or fresher fish may be more active than this score, while a spent or deteriorating fish may respond less or not at all. This read uses a current river level, measured water temperature, and the hourly weather outlook.","No late-season window should be treated as broadly favorable; use the block scores only for a living Coho that is still capable of reacting."
"2024-11-27","ending","44","Moderate","41.7","591","ideal","8","38","39","46","45","18","68","100","94","13-17","Today’s Coho activity outlook is moderate.","Some useful factors are present, but the response window is mixed. The strongest window is 1–5 PM: Clouds or lower light make this window more favorable. The main limitation: Rain adds little extra cover. This score represents a remaining Coho of unknown condition late in the season. A newly arrived or fresher fish may be more active than this score, while a spent or deteriorating fish may respond less or not at all. This read uses a current river level, measured water temperature, and the hourly weather outlook.","No late-season window should be treated as broadly favorable; use the block scores only for a living Coho that is still capable of reacting."
"2025-08-26","pre_run","67","Active","59.9","402","low","15","71","59","56","70","18","13","13","1","05-09","Today’s Coho activity outlook is active.","Conditions favor a meaningful reaction opportunity. The strongest window is 5–9 AM: Clouds or lower light make this window more favorable. The main limitation: The river level or its recent change is less favorable. Dependable river presence has not begun. The score applies only to a sparse early Coho that may already have entered. This read uses a current river level, measured water temperature, and the hourly weather outlook.","Start with 5–9 AM. If the sky changes from the forecast, favor the darkest practical window."
"2025-08-30","pre_run","64","Active","58.5","376","very_low","16","68","55","52","67","0","0","0","3","05-09","Today’s Coho activity outlook is active.","Conditions favor a meaningful reaction opportunity. The strongest window is 5–9 AM: Clouds or lower light make this window more favorable. The main limitation: The river level or its recent change is less favorable. Dependable river presence has not begun. The score applies only to a sparse early Coho that may already have entered. This read uses a current river level, measured water temperature, and the hourly weather outlook.","Start with 5–9 AM. If the sky changes from the forecast, favor the darkest practical window."
"2025-09-03","beginning","81","Highly active","59.9","375","very_low","6","76","81","79","82","72","100","100","96","17-21","Today’s Coho activity outlook is highly active.","Conditions strongly favor a response from Coho that are present and capable of reacting. The strongest window is 5–9 PM: Clouds or lower light make this window more favorable. The main limitation: The river level or its recent change is less favorable. Early lake-fresh Coho can remain reactive when measured water temperatures are suitable; this score applies only to fish already in the river. This read uses a current river level, measured water temperature, and the hourly weather outlook.","Start with 5–9 PM. If the sky changes from the forecast, favor the darkest practical window."
"2025-09-13","beginning","71","Active","59.3","364","very_low","30","83","61","53","67","100","42","9","4","05-09","Today’s Coho activity outlook is active.","Conditions favor a meaningful reaction opportunity. The strongest window is 5–9 AM: Clouds or lower light make this window more favorable. The main limitation: The river level or its recent change is less favorable. Early lake-fresh Coho can remain reactive when measured water temperatures are suitable; this score applies only to fish already in the river. This read uses a current river level, measured water temperature, and the hourly weather outlook.","Start with 5–9 AM. If the sky changes from the forecast, favor the darkest practical window."
"2025-09-18","beginning","64","Active","61.1","349","very_low","15","67","52","56","67","30","0","33","41","05-09","Today’s Coho activity outlook is active.","Conditions favor a meaningful reaction opportunity. The strongest window is 5–9 AM: Clouds or lower light make this window more favorable. The main limitation: The river level or its recent change is less favorable. Early lake-fresh Coho can remain reactive when measured water temperatures are suitable; this score applies only to fish already in the river. This read uses a current river level, measured water temperature, and the hourly weather outlook.","Start with 5–9 AM. If the sky changes from the forecast, favor the darkest practical window."
"2025-09-30","building","69","Active","57.6","360","very_low","21","76","65","55","68","71","55","19","28","05-09","Today’s Coho activity outlook is active.","Conditions favor a meaningful reaction opportunity. The strongest window is 5–9 AM: Clouds or lower light make this window more favorable. The main limitation: The river level or its recent change is less favorable. More Coho are entering and settling into the river; measured water temperature matters, but this score describes reaction conditions rather than movement or abundance. This read uses a current river level, measured water temperature, and the hourly weather outlook.","Start with 5–9 AM. If the sky changes from the forecast, favor the darkest practical window."
"2025-10-03","building","65","Active","56.4","349","very_low","13","68","55","56","68","3","8","25","26","05-09","Today’s Coho activity outlook is active.","Conditions favor a meaningful reaction opportunity. The strongest window is 5–9 AM: Clouds or lower light make this window more favorable. The main limitation: The river level or its recent change is less favorable. More Coho are entering and settling into the river; measured water temperature matters, but this score describes reaction conditions rather than movement or abundance. This read uses a current river level, measured water temperature, and the hourly weather outlook.","Start with 5–9 AM. If the sky changes from the forecast, favor the darkest practical window."
"2025-10-04","building","63","Active","57.6","347","very_low","14","67","54","53","66","0","1","1","1","05-09","Today’s Coho activity outlook is active.","Conditions favor a meaningful reaction opportunity. The strongest window is 5–9 AM: Clouds or lower light make this window more favorable. The main limitation: The river level or its recent change is less favorable. More Coho are entering and settling into the river; measured water temperature matters, but this score describes reaction conditions rather than movement or abundance. This read uses a current river level, measured water temperature, and the hourly weather outlook.","Start with 5–9 AM. If the sky changes from the forecast, favor the darkest practical window."
"2025-10-05","building","74","Active","59.3","344","very_low","23","67","57","75","80","0","23","87","96","17-21","Today’s Coho activity outlook is active.","Conditions favor a meaningful reaction opportunity. The strongest window is 5–9 PM: Clouds or lower light make this window more favorable. The main limitation: The river level or its recent change is less favorable. More Coho are entering and settling into the river; measured water temperature matters, but this score describes reaction conditions rather than movement or abundance. This read uses a current river level, measured water temperature, and the hourly weather outlook.","Start with 5–9 PM. If the sky changes from the forecast, favor the darkest practical window."
"2025-10-06","building","73","Active","59.5","344","very_low","18","70","61","71","79","37","42","78","90","17-21","Today’s Coho activity outlook is active.","Conditions favor a meaningful reaction opportunity. The strongest window is 5–9 PM: Clouds or lower light make this window more favorable. The main limitation: The river level or its recent change is less favorable. More Coho are entering and settling into the river; measured water temperature matters, but this score describes reaction conditions rather than movement or abundance. This read uses a current river level, measured water temperature, and the hourly weather outlook.","Start with 5–9 PM. If the sky changes from the forecast, favor the darkest practical window."
"2025-10-07","building","76","Active","59","366","very_low","29","83","79","54","68","100","92","7","1","05-09","Today’s Coho activity outlook is active.","Conditions favor a meaningful reaction opportunity. The strongest window is 5–9 AM: Clouds or lower light make this window more favorable. The main limitation: The river level or its recent change is less favorable. More Coho are entering and settling into the river; measured water temperature matters, but this score describes reaction conditions rather than movement or abundance. This read uses a current river level, measured water temperature, and the hourly weather outlook.","Start with 5–9 AM. If the sky changes from the forecast, favor the darkest practical window."
"2025-10-14","peak","73","Active","52.8","366","very_low","27","74","55","57","82","60","1","30","100","17-21","Today’s Coho activity outlook is active.","Conditions favor a meaningful reaction opportunity. The strongest window is 5–9 PM: Clouds or lower light make this window more favorable. The main limitation: The river level or its recent change is less favorable. Broad seasonal presence can make fish easier to locate, but this score measures the responsiveness of Coho already present rather than their abundance. This read uses a current river level, measured water temperature, and the hourly weather outlook.","Start with 5–9 PM. If the sky changes from the forecast, favor the darkest practical window."
"2025-10-15","peak","70","Active","53.6","370","very_low","28","82","56","54","67","100","17","10","0","05-09","Today’s Coho activity outlook is active.","Conditions favor a meaningful reaction opportunity. The strongest window is 5–9 AM: Clouds or lower light make this window more favorable. The main limitation: The river level or its recent change is less favorable. Broad seasonal presence can make fish easier to locate, but this score measures the responsiveness of Coho already present rather than their abundance. This read uses a current river level, measured water temperature, and the hourly weather outlook.","Start with 5–9 AM. If the sky changes from the forecast, favor the darkest practical window."
"2025-10-16","peak","67","Active","52.2","370","very_low","19","68","55","54","73","0","0","0","60","17-21","Today’s Coho activity outlook is active.","Conditions favor a meaningful reaction opportunity. The strongest window is 5–9 PM: Clouds or lower light make this window more favorable. The main limitation: The river level or its recent change is less favorable. Broad seasonal presence can make fish easier to locate, but this score measures the responsiveness of Coho already present rather than their abundance. This read uses a current river level, measured water temperature, and the hourly weather outlook.","Start with 5–9 PM. If the sky changes from the forecast, favor the darkest practical window."
"2025-10-17","peak","82","Highly active","52.3","371","very_low","1","83","82","82","82","92","100","100","100","05-09","Today’s Coho activity outlook is highly active.","Conditions strongly favor a response from Coho that are present and capable of reacting. The strongest window is 5–9 AM: Clouds or lower light make this window more favorable. The main limitation: The river level or its recent change is less favorable. Broad seasonal presence can make fish easier to locate, but this score measures the responsiveness of Coho already present rather than their abundance. This read uses a current river level, measured water temperature, and the hourly weather outlook.","Start with 5–9 AM. If the sky changes from the forecast, favor the darkest practical window."
"2025-10-21","peak","85","Highly active","51.1","499","low","21","83","69","90","85","50","40","94","68","13-17","Today’s Coho activity outlook is highly active.","Conditions strongly favor a response from Coho that are present and capable of reacting. The strongest window is 1–5 PM: Clouds or lower light make this window more favorable. The main limitation: Rain adds little extra cover. Broad seasonal presence can make fish easier to locate, but this score measures the responsiveness of Coho already present rather than their abundance. This read uses a current river level, measured water temperature, and the hourly weather outlook.","Start with 1–5 PM. If the sky changes from the forecast, favor the darkest practical window."
"2025-10-27","peak","71","Active","45.3","506","normal_fishable","14","75","62","61","74","0","0","0","0","05-09","Today’s Coho activity outlook is active.","Conditions favor a meaningful reaction opportunity. The strongest window is 5–9 AM: Clouds or lower light make this window more favorable. The main limitation: Rain adds little extra cover. Broad seasonal presence can make fish easier to locate, but this score measures the responsiveness of Coho already present rather than their abundance. This read uses a current river level, measured water temperature, and the hourly weather outlook.","Start with 5–9 AM. If the sky changes from the forecast, favor the darkest practical window."
"2025-11-06","tapering","82","Highly active","44.8","438","low","14","71","74","84","85","3","73","98","100","17-21","Today’s Coho activity outlook is highly active.","Conditions strongly favor a response from Coho that are present and capable of reacting. The strongest window is 5–9 PM: Clouds or lower light make this window more favorable. The main limitation: Rain adds little extra cover. This score represents a Coho of unknown condition at this point in the season. A newly arrived or fresher fish may be more active than this score, while a spawning or deteriorating fish may be less responsive. This read uses a current river level, measured water temperature, and the hourly weather outlook.","Compare the four time windows, but treat every difference as conditional on finding a living Coho still capable of responding."
"2025-11-11","tapering","72","Active","40.1","441","low","0","72","72","72","72","100","100","100","100","05-09","Today’s Coho activity outlook is active.","Conditions favor a meaningful reaction opportunity. The strongest window is 5–9 AM: Clouds or lower light make this window more favorable. The main limitation: Rain adds little extra cover. This score represents a Coho of unknown condition at this point in the season. A newly arrived or fresher fish may be more active than this score, while a spawning or deteriorating fish may be less responsive. This read uses a current river level, measured water temperature, and the hourly weather outlook.","Compare the four time windows, but treat every difference as conditional on finding a living Coho still capable of responding."
"2025-11-22","ending","53","Moderate","40.6","424","low","12","44","45","56","56","1","69","100","100","13-17","Today’s Coho activity outlook is moderate.","Some useful factors are present, but the response window is mixed. The strongest window is 1–5 PM: Clouds or lower light make this window more favorable. The main limitation: Rain adds little extra cover. This score represents a remaining Coho of unknown condition late in the season. A newly arrived or fresher fish may be more active than this score, while a spent or deteriorating fish may respond less or not at all. This read uses a current river level, measured water temperature, and the hourly weather outlook.","No late-season window should be treated as broadly favorable; use the block scores only for a living Coho that is still capable of reacting."
