date,stage,daily_score,daily_label,temp_f,flow_cfs,flow_band,spread,block_1_id,block_1_score,block_1_cloud_pct,block_2_id,block_2_score,block_2_cloud_pct,block_3_id,block_3_score,block_3_cloud_pct,best_block,headline,detail,tip
2021-01-01,beginning,29,Reserved,32.54,3180,ideal,0,09-12,29,100,12-15,29,100,15-18,29,100,09-12,Today’s Winter Steelhead Activity is reserved.,"Stable measured water avoids a swing penalty. The strongest daylight window is 9 AM–12 PM. Clouds shape the time-window ranking, but cannot override cold-water or hydraulic caps. Rain receives no independent positive score. This read combines Fulton Street flow, North Park measured water temperature, and Grand Rapids weather for the downtown Grand Rapids mainstem. It does not directly measure Grand Haven, the full Lower river, or reaches upstream of North Park.","Start with 9 AM–12 PM in legal, depth-stable holding water. Verify ice, access, and safety directly; this is responsiveness for fish already present, not a new run or catch probability."
2022-01-03,beginning,29,Reserved,33.44,5050,high_fishable,0,09-12,29,67,12-15,29,74,15-18,29,63,09-12,Today’s Winter Steelhead Activity is reserved.,"Cooling water reduces expected response. The strongest daylight window is 9 AM–12 PM. Clouds shape the time-window ranking, but cannot override cold-water or hydraulic caps. Rain receives no independent positive score. This read combines Fulton Street flow, North Park measured water temperature, and Grand Rapids weather for the downtown Grand Rapids mainstem. It does not directly measure Grand Haven, the full Lower river, or reaches upstream of North Park.","Start with 9 AM–12 PM in legal, depth-stable holding water. Verify ice, access, and safety directly; this is responsiveness for fish already present, not a new run or catch probability."
2022-01-05,beginning,29,Reserved,32.18,4630,high_fishable,0,09-12,29,100,12-15,29,100,15-18,29,100,09-12,Today’s Winter Steelhead Activity is reserved.,"Stable measured water avoids a swing penalty. The strongest daylight window is 9 AM–12 PM. Clouds shape the time-window ranking, but cannot override cold-water or hydraulic caps. Rain receives no independent positive score. This read combines Fulton Street flow, North Park measured water temperature, and Grand Rapids weather for the downtown Grand Rapids mainstem. It does not directly measure Grand Haven, the full Lower river, or reaches upstream of North Park.","Start with 9 AM–12 PM in legal, depth-stable holding water. Verify ice, access, and safety directly; this is responsiveness for fish already present, not a new run or catch probability."
2022-01-06,beginning,29,Reserved,31.82,4700,high_fishable,0,09-12,29,100,12-15,29,100,15-18,29,100,09-12,Today’s Winter Steelhead Activity is reserved.,"Stable measured water avoids a swing penalty. The strongest daylight window is 9 AM–12 PM. Clouds shape the time-window ranking, but cannot override cold-water or hydraulic caps. Rain receives no independent positive score. This read combines Fulton Street flow, North Park measured water temperature, and Grand Rapids weather for the downtown Grand Rapids mainstem. It does not directly measure Grand Haven, the full Lower river, or reaches upstream of North Park.","Start with 9 AM–12 PM in legal, depth-stable holding water. Verify ice, access, and safety directly; this is responsiveness for fish already present, not a new run or catch probability."
2025-01-04,beginning,29,Reserved,33.44,4380,high_fishable,0,09-12,29,100,12-15,29,100,15-18,29,100,09-12,Today’s Winter Steelhead Activity is reserved.,"The large measured-water swing is penalized. The strongest daylight window is 9 AM–12 PM. Clouds shape the time-window ranking, but cannot override cold-water or hydraulic caps. Rain receives no independent positive score. This read combines Fulton Street flow, North Park measured water temperature, and Grand Rapids weather for the downtown Grand Rapids mainstem. It does not directly measure Grand Haven, the full Lower river, or reaches upstream of North Park.","Start with 9 AM–12 PM in legal, depth-stable holding water. Verify ice, access, and safety directly; this is responsiveness for fish already present, not a new run or catch probability."
2025-01-06,beginning,29,Reserved,31.82,3140,ideal,0,09-12,29,57,12-15,29,26,15-18,29,1,09-12,Today’s Winter Steelhead Activity is reserved.,"Cooling water reduces expected response. The strongest daylight window is 9 AM–12 PM. Clouds shape the time-window ranking, but cannot override cold-water or hydraulic caps. Rain receives no independent positive score. This read combines Fulton Street flow, North Park measured water temperature, and Grand Rapids weather for the downtown Grand Rapids mainstem. It does not directly measure Grand Haven, the full Lower river, or reaches upstream of North Park.","Start with 9 AM–12 PM in legal, depth-stable holding water. Verify ice, access, and safety directly; this is responsiveness for fish already present, not a new run or catch probability."
2022-01-02,beginning,49,Moderate,34.16,4960,high_fishable,1,09-12,49,68,12-15,48,32,15-18,49,51,09-12,Today’s Winter Steelhead Activity is moderate.,"Stable measured water avoids a swing penalty. The strongest daylight window is 9 AM–12 PM. Clouds shape the time-window ranking, but cannot override cold-water or hydraulic caps. Rain receives no independent positive score. This read combines Fulton Street flow, North Park measured water temperature, and Grand Rapids weather for the downtown Grand Rapids mainstem. It does not directly measure Grand Haven, the full Lower river, or reaches upstream of North Park.","Start with 9 AM–12 PM in legal, depth-stable holding water. Verify ice, access, and safety directly; this is responsiveness for fish already present, not a new run or catch probability."
2021-01-04,beginning,49,Moderate,34.16,3330,ideal,0,09-12,49,100,12-15,49,100,15-18,49,88,09-12,Today’s Winter Steelhead Activity is moderate.,"Stable measured water avoids a swing penalty. The strongest daylight window is 9 AM–12 PM. Clouds shape the time-window ranking, but cannot override cold-water or hydraulic caps. Rain receives no independent positive score. This read combines Fulton Street flow, North Park measured water temperature, and Grand Rapids weather for the downtown Grand Rapids mainstem. It does not directly measure Grand Haven, the full Lower river, or reaches upstream of North Park.","Start with 9 AM–12 PM in legal, depth-stable holding water. Verify ice, access, and safety directly; this is responsiveness for fish already present, not a new run or catch probability."
2021-01-05,beginning,49,Moderate,34.52,3360,ideal,0,09-12,49,100,12-15,49,100,15-18,49,98,09-12,Today’s Winter Steelhead Activity is moderate.,"Stable measured water avoids a swing penalty. The strongest daylight window is 9 AM–12 PM. Clouds shape the time-window ranking, but cannot override cold-water or hydraulic caps. Rain receives no independent positive score. This read combines Fulton Street flow, North Park measured water temperature, and Grand Rapids weather for the downtown Grand Rapids mainstem. It does not directly measure Grand Haven, the full Lower river, or reaches upstream of North Park.","Start with 9 AM–12 PM in legal, depth-stable holding water. Verify ice, access, and safety directly; this is responsiveness for fish already present, not a new run or catch probability."
2025-01-03,beginning,56,Moderate,35.6,4660,high_fishable,1,09-12,55,94,12-15,56,100,15-18,56,100,12-15,Today’s Winter Steelhead Activity is moderate.,"Cooling water reduces expected response. The strongest daylight window is 12 PM–3 PM. Clouds shape the time-window ranking, but cannot override cold-water or hydraulic caps. Rain receives no independent positive score. This read combines Fulton Street flow, North Park measured water temperature, and Grand Rapids weather for the downtown Grand Rapids mainstem. It does not directly measure Grand Haven, the full Lower river, or reaches upstream of North Park.","Start with 12 PM–3 PM in legal, depth-stable holding water. Verify ice, access, and safety directly; this is responsiveness for fish already present, not a new run or catch probability."
2022-01-01,beginning,61,Active,35.6,4760,high_fishable,0,09-12,61,100,12-15,61,100,15-18,61,100,09-12,Today’s Winter Steelhead Activity is active.,"Stable measured water avoids a swing penalty. The strongest daylight window is 9 AM–12 PM. Clouds shape the time-window ranking, but cannot override cold-water or hydraulic caps. Rain receives no independent positive score. This read combines Fulton Street flow, North Park measured water temperature, and Grand Rapids weather for the downtown Grand Rapids mainstem. It does not directly measure Grand Haven, the full Lower river, or reaches upstream of North Park.","Start with 9 AM–12 PM in legal, depth-stable holding water. Verify ice, access, and safety directly; this is responsiveness for fish already present, not a new run or catch probability."
2021-01-07,beginning,63,Active,35.6,3250,ideal,3,09-12,63,86,12-15,60,54,15-18,63,91,09-12,Today’s Winter Steelhead Activity is active.,"Stable measured water avoids a swing penalty. The strongest daylight window is 9 AM–12 PM. Clouds shape the time-window ranking, but cannot override cold-water or hydraulic caps. Rain receives no independent positive score. This read combines Fulton Street flow, North Park measured water temperature, and Grand Rapids weather for the downtown Grand Rapids mainstem. It does not directly measure Grand Haven, the full Lower river, or reaches upstream of North Park.","Start with 9 AM–12 PM in legal, depth-stable holding water. Verify ice, access, and safety directly; this is responsiveness for fish already present, not a new run or catch probability."
2024-01-04,beginning,65,Active,37.4,4160,high_fishable,2,09-12,64,79,12-15,66,100,15-18,65,97,12-15,Today’s Winter Steelhead Activity is active.,"Cooling water reduces expected response. The strongest daylight window is 12 PM–3 PM. Clouds shape the time-window ranking, but cannot override cold-water or hydraulic caps. Rain receives no independent positive score. This read combines Fulton Street flow, North Park measured water temperature, and Grand Rapids weather for the downtown Grand Rapids mainstem. It does not directly measure Grand Haven, the full Lower river, or reaches upstream of North Park.","Start with 12 PM–3 PM in legal, depth-stable holding water. Verify ice, access, and safety directly; this is responsiveness for fish already present, not a new run or catch probability."
2024-01-07,beginning,67,Active,36.5,3710,ideal,2,09-12,68,100,12-15,67,95,15-18,66,72,09-12,Today’s Winter Steelhead Activity is active.,"Stable measured water avoids a swing penalty. The strongest daylight window is 9 AM–12 PM. Clouds shape the time-window ranking, but cannot override cold-water or hydraulic caps. Rain receives no independent positive score. This read combines Fulton Street flow, North Park measured water temperature, and Grand Rapids weather for the downtown Grand Rapids mainstem. It does not directly measure Grand Haven, the full Lower river, or reaches upstream of North Park.","Start with 9 AM–12 PM in legal, depth-stable holding water. Verify ice, access, and safety directly; this is responsiveness for fish already present, not a new run or catch probability."
2025-01-02,beginning,69,Active,37.22,4860,high_fishable,0,09-12,69,100,12-15,69,100,15-18,69,100,09-12,Today’s Winter Steelhead Activity is active.,"Stable measured water avoids a swing penalty. The strongest daylight window is 9 AM–12 PM. Clouds shape the time-window ranking, but cannot override cold-water or hydraulic caps. Rain receives no independent positive score. This read combines Fulton Street flow, North Park measured water temperature, and Grand Rapids weather for the downtown Grand Rapids mainstem. It does not directly measure Grand Haven, the full Lower river, or reaches upstream of North Park.","Start with 9 AM–12 PM in legal, depth-stable holding water. Verify ice, access, and safety directly; this is responsiveness for fish already present, not a new run or catch probability."
2024-01-02,beginning,72,Active,39.74,4430,high_fishable,1,09-12,72,91,12-15,72,90,15-18,73,100,15-18,Today’s Winter Steelhead Activity is active.,"Cooling water reduces expected response. The strongest daylight window is 3 PM–6 PM. Clouds shape the time-window ranking, but cannot override cold-water or hydraulic caps. Rain receives no independent positive score. This read combines Fulton Street flow, North Park measured water temperature, and Grand Rapids weather for the downtown Grand Rapids mainstem. It does not directly measure Grand Haven, the full Lower river, or reaches upstream of North Park.","Start with 3 PM–6 PM in legal, depth-stable holding water. Verify ice, access, and safety directly; this is responsiveness for fish already present, not a new run or catch probability."
2023-01-06,beginning,73,Active,37.58,4000,ideal,0,09-12,73,100,12-15,73,99,15-18,73,100,09-12,Today’s Winter Steelhead Activity is active.,"Stable measured water avoids a swing penalty. The strongest daylight window is 9 AM–12 PM. Clouds shape the time-window ranking, but cannot override cold-water or hydraulic caps. Rain receives no independent positive score. This read combines Fulton Street flow, North Park measured water temperature, and Grand Rapids weather for the downtown Grand Rapids mainstem. It does not directly measure Grand Haven, the full Lower river, or reaches upstream of North Park.","Start with 9 AM–12 PM in legal, depth-stable holding water. Verify ice, access, and safety directly; this is responsiveness for fish already present, not a new run or catch probability."
2023-01-07,beginning,73,Active,37.58,3920,ideal,0,09-12,73,89,12-15,73,95,15-18,73,95,09-12,Today’s Winter Steelhead Activity is active.,"Stable measured water avoids a swing penalty. The strongest daylight window is 9 AM–12 PM. Clouds shape the time-window ranking, but cannot override cold-water or hydraulic caps. Rain receives no independent positive score. This read combines Fulton Street flow, North Park measured water temperature, and Grand Rapids weather for the downtown Grand Rapids mainstem. It does not directly measure Grand Haven, the full Lower river, or reaches upstream of North Park.","Start with 9 AM–12 PM in legal, depth-stable holding water. Verify ice, access, and safety directly; this is responsiveness for fish already present, not a new run or catch probability."
2024-01-01,beginning,76,Active,41.18,4460,high_fishable,1,09-12,75,84,12-15,76,100,15-18,76,100,12-15,Today’s Winter Steelhead Activity is active.,"Cooling water reduces expected response. The strongest daylight window is 12 PM–3 PM. Clouds shape the time-window ranking, but cannot override cold-water or hydraulic caps. Rain receives no independent positive score. This read combines Fulton Street flow, North Park measured water temperature, and Grand Rapids weather for the downtown Grand Rapids mainstem. It does not directly measure Grand Haven, the full Lower river, or reaches upstream of North Park.","Start with 12 PM–3 PM in legal, depth-stable holding water. Verify ice, access, and safety directly; this is responsiveness for fish already present, not a new run or catch probability."
2023-01-05,beginning,79,Active,37.94,4010,high_fishable,0,09-12,79,100,12-15,79,100,15-18,79,100,09-12,Today’s Winter Steelhead Activity is active.,"A gradual measured-water warm-up is favorable. The strongest daylight window is 9 AM–12 PM. Clouds shape the time-window ranking, but cannot override cold-water or hydraulic caps. Rain receives no independent positive score. This read combines Fulton Street flow, North Park measured water temperature, and Grand Rapids weather for the downtown Grand Rapids mainstem. It does not directly measure Grand Haven, the full Lower river, or reaches upstream of North Park.","Start with 9 AM–12 PM in legal, depth-stable holding water. Verify ice, access, and safety directly; this is responsiveness for fish already present, not a new run or catch probability."
2023-02-11,building,19,Inactive,34.34,7180,blown_out,0,08-11,19,0,11-15,19,0,15-19,19,0,08-11,Today’s Winter Steelhead Activity is inactive.,"Stable measured water avoids a swing penalty. The strongest daylight window is 8 AM–11 AM. Clouds shape the time-window ranking, but cannot override cold-water or hydraulic caps. Rain receives no independent positive score. This read combines Fulton Street flow, North Park measured water temperature, and Grand Rapids weather for the downtown Grand Rapids mainstem. It does not directly measure Grand Haven, the full Lower river, or reaches upstream of North Park.","Start with 8 AM–11 AM in legal, depth-stable holding water. Verify ice, access, and safety directly; this is responsiveness for fish already present, not a new run or catch probability."
2024-01-28,building,19,Inactive,32.9,11300,blown_out,0,09-12,19,99,12-15,19,100,15-18,19,100,09-12,Today’s Winter Steelhead Activity is inactive.,"Stable measured water avoids a swing penalty. The strongest daylight window is 9 AM–12 PM. Clouds shape the time-window ranking, but cannot override cold-water or hydraulic caps. Rain receives no independent positive score. This read combines Fulton Street flow, North Park measured water temperature, and Grand Rapids weather for the downtown Grand Rapids mainstem. It does not directly measure Grand Haven, the full Lower river, or reaches upstream of North Park.","Start with 9 AM–12 PM in legal, depth-stable holding water. Verify ice, access, and safety directly; this is responsiveness for fish already present, not a new run or catch probability."
2024-02-01,building,19,Inactive,34.88,16400,blown_out,0,08-11,19,89,11-14,19,87,14-18,19,45,08-11,Today’s Winter Steelhead Activity is inactive.,"Stable measured water avoids a swing penalty. The strongest daylight window is 8 AM–11 AM. Clouds shape the time-window ranking, but cannot override cold-water or hydraulic caps. Rain receives no independent positive score. This read combines Fulton Street flow, North Park measured water temperature, and Grand Rapids weather for the downtown Grand Rapids mainstem. It does not directly measure Grand Haven, the full Lower river, or reaches upstream of North Park.","Start with 8 AM–11 AM in legal, depth-stable holding water. Verify ice, access, and safety directly; this is responsiveness for fish already present, not a new run or catch probability."
2024-02-06,building,19,Inactive,35.96,10300,blown_out,0,08-11,19,98,11-15,19,24,15-19,19,71,08-11,Today’s Winter Steelhead Activity is inactive.,"Stable measured water avoids a swing penalty. The strongest daylight window is 8 AM–11 AM. Clouds shape the time-window ranking, but cannot override cold-water or hydraulic caps. Rain receives no independent positive score. This read combines Fulton Street flow, North Park measured water temperature, and Grand Rapids weather for the downtown Grand Rapids mainstem. It does not directly measure Grand Haven, the full Lower river, or reaches upstream of North Park.","Start with 8 AM–11 AM in legal, depth-stable holding water. Verify ice, access, and safety directly; this is responsiveness for fish already present, not a new run or catch probability."
2024-02-11,building,19,Inactive,40.28,6610,blown_out,0,08-11,19,100,11-15,19,100,15-19,19,86,08-11,Today’s Winter Steelhead Activity is inactive.,"A gradual measured-water warm-up is favorable. The strongest daylight window is 8 AM–11 AM. Clouds shape the time-window ranking, but cannot override cold-water or hydraulic caps. Rain receives no independent positive score. This read combines Fulton Street flow, North Park measured water temperature, and Grand Rapids weather for the downtown Grand Rapids mainstem. It does not directly measure Grand Haven, the full Lower river, or reaches upstream of North Park.","Start with 8 AM–11 AM in legal, depth-stable holding water. Verify ice, access, and safety directly; this is responsiveness for fish already present, not a new run or catch probability."
2021-01-24,building,29,Reserved,32.36,2890,ideal,0,09-12,29,100,12-15,29,96,15-18,29,99,09-12,Today’s Winter Steelhead Activity is reserved.,"Stable measured water avoids a swing penalty. The strongest daylight window is 9 AM–12 PM. Clouds shape the time-window ranking, but cannot override cold-water or hydraulic caps. Rain receives no independent positive score. This read combines Fulton Street flow, North Park measured water temperature, and Grand Rapids weather for the downtown Grand Rapids mainstem. It does not directly measure Grand Haven, the full Lower river, or reaches upstream of North Park.","Start with 9 AM–12 PM in legal, depth-stable holding water. Verify ice, access, and safety directly; this is responsiveness for fish already present, not a new run or catch probability."
2021-01-29,building,29,Reserved,32.18,2640,ideal,0,09-12,29,71,12-15,29,5,15-18,29,0,09-12,Today’s Winter Steelhead Activity is reserved.,"Stable measured water avoids a swing penalty. The strongest daylight window is 9 AM–12 PM. Clouds shape the time-window ranking, but cannot override cold-water or hydraulic caps. Rain receives no independent positive score. This read combines Fulton Street flow, North Park measured water temperature, and Grand Rapids weather for the downtown Grand Rapids mainstem. It does not directly measure Grand Haven, the full Lower river, or reaches upstream of North Park.","Start with 9 AM–12 PM in legal, depth-stable holding water. Verify ice, access, and safety directly; this is responsiveness for fish already present, not a new run or catch probability."
2021-02-03,building,29,Reserved,32.18,2690,ideal,0,08-11,29,2,11-14,29,0,14-18,29,1,08-11,Today’s Winter Steelhead Activity is reserved.,"Stable measured water avoids a swing penalty. The strongest daylight window is 8 AM–11 AM. Clouds shape the time-window ranking, but cannot override cold-water or hydraulic caps. Rain receives no independent positive score. This read combines Fulton Street flow, North Park measured water temperature, and Grand Rapids weather for the downtown Grand Rapids mainstem. It does not directly measure Grand Haven, the full Lower river, or reaches upstream of North Park.","Start with 8 AM–11 AM in legal, depth-stable holding water. Verify ice, access, and safety directly; this is responsiveness for fish already present, not a new run or catch probability."
2021-02-08,building,29,Reserved,32,2270,ideal,0,08-11,29,100,11-15,29,100,15-19,29,100,08-11,Today’s Winter Steelhead Activity is reserved.,"Stable measured water avoids a swing penalty. The strongest daylight window is 8 AM–11 AM. Clouds shape the time-window ranking, but cannot override cold-water or hydraulic caps. Rain receives no independent positive score. This read combines Fulton Street flow, North Park measured water temperature, and Grand Rapids weather for the downtown Grand Rapids mainstem. It does not directly measure Grand Haven, the full Lower river, or reaches upstream of North Park.","Start with 8 AM–11 AM in legal, depth-stable holding water. Verify ice, access, and safety directly; this is responsiveness for fish already present, not a new run or catch probability."
2021-02-12,building,29,Reserved,32,2230,ideal,0,08-11,29,77,11-15,29,75,15-19,29,100,08-11,Today’s Winter Steelhead Activity is reserved.,"Stable measured water avoids a swing penalty. The strongest daylight window is 8 AM–11 AM. Clouds shape the time-window ranking, but cannot override cold-water or hydraulic caps. Rain receives no independent positive score. This read combines Fulton Street flow, North Park measured water temperature, and Grand Rapids weather for the downtown Grand Rapids mainstem. It does not directly measure Grand Haven, the full Lower river, or reaches upstream of North Park.","Start with 8 AM–11 AM in legal, depth-stable holding water. Verify ice, access, and safety directly; this is responsiveness for fish already present, not a new run or catch probability."
2022-01-10,building,29,Reserved,31.64,3750,ideal,0,09-12,29,100,12-15,29,100,15-18,29,100,09-12,Today’s Winter Steelhead Activity is reserved.,"Stable measured water avoids a swing penalty. The strongest daylight window is 9 AM–12 PM. Clouds shape the time-window ranking, but cannot override cold-water or hydraulic caps. Rain receives no independent positive score. This read combines Fulton Street flow, North Park measured water temperature, and Grand Rapids weather for the downtown Grand Rapids mainstem. It does not directly measure Grand Haven, the full Lower river, or reaches upstream of North Park.","Start with 9 AM–12 PM in legal, depth-stable holding water. Verify ice, access, and safety directly; this is responsiveness for fish already present, not a new run or catch probability."
2022-01-15,building,29,Reserved,31.82,4140,high_fishable,0,09-12,29,51,12-15,29,45,15-18,29,2,09-12,Today’s Winter Steelhead Activity is reserved.,"Stable measured water avoids a swing penalty. The strongest daylight window is 9 AM–12 PM. Clouds shape the time-window ranking, but cannot override cold-water or hydraulic caps. Rain receives no independent positive score. This read combines Fulton Street flow, North Park measured water temperature, and Grand Rapids weather for the downtown Grand Rapids mainstem. It does not directly measure Grand Haven, the full Lower river, or reaches upstream of North Park.","Start with 9 AM–12 PM in legal, depth-stable holding water. Verify ice, access, and safety directly; this is responsiveness for fish already present, not a new run or catch probability."
2022-01-19,building,29,Reserved,31.82,3330,ideal,0,09-12,29,91,12-15,29,100,15-18,29,100,09-12,Today’s Winter Steelhead Activity is reserved.,"Stable measured water avoids a swing penalty. The strongest daylight window is 9 AM–12 PM. Clouds shape the time-window ranking, but cannot override cold-water or hydraulic caps. Rain receives no independent positive score. This read combines Fulton Street flow, North Park measured water temperature, and Grand Rapids weather for the downtown Grand Rapids mainstem. It does not directly measure Grand Haven, the full Lower river, or reaches upstream of North Park.","Start with 9 AM–12 PM in legal, depth-stable holding water. Verify ice, access, and safety directly; this is responsiveness for fish already present, not a new run or catch probability."
2022-01-24,building,29,Reserved,32,2790,ideal,0,09-12,29,100,12-15,29,100,15-18,29,100,09-12,Today’s Winter Steelhead Activity is reserved.,"Stable measured water avoids a swing penalty. The strongest daylight window is 9 AM–12 PM. Clouds shape the time-window ranking, but cannot override cold-water or hydraulic caps. Rain receives no independent positive score. This read combines Fulton Street flow, North Park measured water temperature, and Grand Rapids weather for the downtown Grand Rapids mainstem. It does not directly measure Grand Haven, the full Lower river, or reaches upstream of North Park.","Start with 9 AM–12 PM in legal, depth-stable holding water. Verify ice, access, and safety directly; this is responsiveness for fish already present, not a new run or catch probability."
2022-01-29,building,29,Reserved,31.82,2710,ideal,0,09-12,29,79,12-15,29,98,15-18,29,100,09-12,Today’s Winter Steelhead Activity is reserved.,"Stable measured water avoids a swing penalty. The strongest daylight window is 9 AM–12 PM. Clouds shape the time-window ranking, but cannot override cold-water or hydraulic caps. Rain receives no independent positive score. This read combines Fulton Street flow, North Park measured water temperature, and Grand Rapids weather for the downtown Grand Rapids mainstem. It does not directly measure Grand Haven, the full Lower river, or reaches upstream of North Park.","Start with 9 AM–12 PM in legal, depth-stable holding water. Verify ice, access, and safety directly; this is responsiveness for fish already present, not a new run or catch probability."
2022-02-02,building,29,Reserved,32,2840,ideal,0,08-11,29,100,11-14,29,100,14-18,29,100,08-11,Today’s Winter Steelhead Activity is reserved.,"Stable measured water avoids a swing penalty. The strongest daylight window is 8 AM–11 AM. Clouds shape the time-window ranking, but cannot override cold-water or hydraulic caps. Rain receives no independent positive score. This read combines Fulton Street flow, North Park measured water temperature, and Grand Rapids weather for the downtown Grand Rapids mainstem. It does not directly measure Grand Haven, the full Lower river, or reaches upstream of North Park.","Start with 8 AM–11 AM in legal, depth-stable holding water. Verify ice, access, and safety directly; this is responsiveness for fish already present, not a new run or catch probability."
2022-02-07,building,29,Reserved,32,2880,ideal,0,08-11,29,100,11-15,29,96,15-19,29,99,08-11,Today’s Winter Steelhead Activity is reserved.,"Stable measured water avoids a swing penalty. The strongest daylight window is 8 AM–11 AM. Clouds shape the time-window ranking, but cannot override cold-water or hydraulic caps. Rain receives no independent positive score. This read combines Fulton Street flow, North Park measured water temperature, and Grand Rapids weather for the downtown Grand Rapids mainstem. It does not directly measure Grand Haven, the full Lower river, or reaches upstream of North Park.","Start with 8 AM–11 AM in legal, depth-stable holding water. Verify ice, access, and safety directly; this is responsiveness for fish already present, not a new run or catch probability."
2022-02-12,building,29,Reserved,31.82,2920,ideal,0,08-11,29,99,11-15,29,100,15-19,29,100,08-11,Today’s Winter Steelhead Activity is reserved.,"Stable measured water avoids a swing penalty. The strongest daylight window is 8 AM–11 AM. Clouds shape the time-window ranking, but cannot override cold-water or hydraulic caps. Rain receives no independent positive score. This read combines Fulton Street flow, North Park measured water temperature, and Grand Rapids weather for the downtown Grand Rapids mainstem. It does not directly measure Grand Haven, the full Lower river, or reaches upstream of North Park.","Start with 8 AM–11 AM in legal, depth-stable holding water. Verify ice, access, and safety directly; this is responsiveness for fish already present, not a new run or catch probability."
2023-01-30,building,29,Reserved,32.72,3050,ideal,0,08-11,29,83,11-14,29,100,14-18,29,100,08-11,Today’s Winter Steelhead Activity is reserved.,"Stable measured water avoids a swing penalty. The strongest daylight window is 8 AM–11 AM. Clouds shape the time-window ranking, but cannot override cold-water or hydraulic caps. Rain receives no independent positive score. This read combines Fulton Street flow, North Park measured water temperature, and Grand Rapids weather for the downtown Grand Rapids mainstem. It does not directly measure Grand Haven, the full Lower river, or reaches upstream of North Park.","Start with 8 AM–11 AM in legal, depth-stable holding water. Verify ice, access, and safety directly; this is responsiveness for fish already present, not a new run or catch probability."
2023-02-04,building,29,Reserved,32.54,2560,ideal,0,08-11,29,0,11-14,29,25,14-18,29,81,08-11,Today’s Winter Steelhead Activity is reserved.,"Stable measured water avoids a swing penalty. The strongest daylight window is 8 AM–11 AM. Clouds shape the time-window ranking, but cannot override cold-water or hydraulic caps. Rain receives no independent positive score. This read combines Fulton Street flow, North Park measured water temperature, and Grand Rapids weather for the downtown Grand Rapids mainstem. It does not directly measure Grand Haven, the full Lower river, or reaches upstream of North Park.","Start with 8 AM–11 AM in legal, depth-stable holding water. Verify ice, access, and safety directly; this is responsiveness for fish already present, not a new run or catch probability."
2024-01-14,building,29,Reserved,32.36,5530,high_fishable,0,09-12,29,100,12-15,29,100,15-18,29,100,09-12,Today’s Winter Steelhead Activity is reserved.,"Cooling water reduces expected response. The strongest daylight window is 9 AM–12 PM. Clouds shape the time-window ranking, but cannot override cold-water or hydraulic caps. Rain receives no independent positive score. This read combines Fulton Street flow, North Park measured water temperature, and Grand Rapids weather for the downtown Grand Rapids mainstem. It does not directly measure Grand Haven, the full Lower river, or reaches upstream of North Park.","Start with 9 AM–12 PM in legal, depth-stable holding water. Verify ice, access, and safety directly; this is responsiveness for fish already present, not a new run or catch probability."
2024-01-19,building,29,Reserved,32,3890,ideal,0,09-12,29,84,12-15,29,4,15-18,29,64,09-12,Today’s Winter Steelhead Activity is reserved.,"Stable measured water avoids a swing penalty. The strongest daylight window is 9 AM–12 PM. Clouds shape the time-window ranking, but cannot override cold-water or hydraulic caps. Rain receives no independent positive score. This read combines Fulton Street flow, North Park measured water temperature, and Grand Rapids weather for the downtown Grand Rapids mainstem. It does not directly measure Grand Haven, the full Lower river, or reaches upstream of North Park.","Start with 9 AM–12 PM in legal, depth-stable holding water. Verify ice, access, and safety directly; this is responsiveness for fish already present, not a new run or catch probability."
2024-01-23,building,29,Reserved,32.18,3870,ideal,0,09-12,29,100,12-15,29,100,15-18,29,100,09-12,Today’s Winter Steelhead Activity is reserved.,"Stable measured water avoids a swing penalty. The strongest daylight window is 9 AM–12 PM. Clouds shape the time-window ranking, but cannot override cold-water or hydraulic caps. Rain receives no independent positive score. This read combines Fulton Street flow, North Park measured water temperature, and Grand Rapids weather for the downtown Grand Rapids mainstem. It does not directly measure Grand Haven, the full Lower river, or reaches upstream of North Park.","Start with 9 AM–12 PM in legal, depth-stable holding water. Verify ice, access, and safety directly; this is responsiveness for fish already present, not a new run or catch probability."
2025-01-10,building,29,Reserved,31.82,2300,ideal,0,09-12,29,100,12-15,29,100,15-18,29,100,09-12,Today’s Winter Steelhead Activity is reserved.,"Stable measured water avoids a swing penalty. The strongest daylight window is 9 AM–12 PM. Clouds shape the time-window ranking, but cannot override cold-water or hydraulic caps. Rain receives no independent positive score. This read combines Fulton Street flow, North Park measured water temperature, and Grand Rapids weather for the downtown Grand Rapids mainstem. It does not directly measure Grand Haven, the full Lower river, or reaches upstream of North Park.","Start with 9 AM–12 PM in legal, depth-stable holding water. Verify ice, access, and safety directly; this is responsiveness for fish already present, not a new run or catch probability."
2025-01-15,building,29,Reserved,32,2110,ideal,0,09-12,29,100,12-15,29,100,15-18,29,100,09-12,Today’s Winter Steelhead Activity is reserved.,"Stable measured water avoids a swing penalty. The strongest daylight window is 9 AM–12 PM. Clouds shape the time-window ranking, but cannot override cold-water or hydraulic caps. Rain receives no independent positive score. This read combines Fulton Street flow, North Park measured water temperature, and Grand Rapids weather for the downtown Grand Rapids mainstem. It does not directly measure Grand Haven, the full Lower river, or reaches upstream of North Park.","Start with 9 AM–12 PM in legal, depth-stable holding water. Verify ice, access, and safety directly; this is responsiveness for fish already present, not a new run or catch probability."
2025-01-19,building,29,Reserved,32.18,2290,ideal,0,09-12,29,100,12-15,29,100,15-18,29,87,09-12,Today’s Winter Steelhead Activity is reserved.,"Stable measured water avoids a swing penalty. The strongest daylight window is 9 AM–12 PM. Clouds shape the time-window ranking, but cannot override cold-water or hydraulic caps. Rain receives no independent positive score. This read combines Fulton Street flow, North Park measured water temperature, and Grand Rapids weather for the downtown Grand Rapids mainstem. It does not directly measure Grand Haven, the full Lower river, or reaches upstream of North Park.","Start with 9 AM–12 PM in legal, depth-stable holding water. Verify ice, access, and safety directly; this is responsiveness for fish already present, not a new run or catch probability."
2025-01-24,building,29,Reserved,32.18,2040,ideal,0,09-12,29,100,12-15,29,100,15-18,29,100,09-12,Today’s Winter Steelhead Activity is reserved.,"Stable measured water avoids a swing penalty. The strongest daylight window is 9 AM–12 PM. Clouds shape the time-window ranking, but cannot override cold-water or hydraulic caps. Rain receives no independent positive score. This read combines Fulton Street flow, North Park measured water temperature, and Grand Rapids weather for the downtown Grand Rapids mainstem. It does not directly measure Grand Haven, the full Lower river, or reaches upstream of North Park.","Start with 9 AM–12 PM in legal, depth-stable holding water. Verify ice, access, and safety directly; this is responsiveness for fish already present, not a new run or catch probability."
2025-01-29,building,29,Reserved,32.72,2000,ideal,0,09-12,29,94,12-15,29,86,15-18,29,32,09-12,Today’s Winter Steelhead Activity is reserved.,"Stable measured water avoids a swing penalty. The strongest daylight window is 9 AM–12 PM. Clouds shape the time-window ranking, but cannot override cold-water or hydraulic caps. Rain receives no independent positive score. This read combines Fulton Street flow, North Park measured water temperature, and Grand Rapids weather for the downtown Grand Rapids mainstem. It does not directly measure Grand Haven, the full Lower river, or reaches upstream of North Park.","Start with 9 AM–12 PM in legal, depth-stable holding water. Verify ice, access, and safety directly; this is responsiveness for fish already present, not a new run or catch probability."
2025-02-02,building,29,Reserved,32.36,2100,ideal,0,08-11,29,100,11-14,29,100,14-18,29,100,08-11,Today’s Winter Steelhead Activity is reserved.,"Stable measured water avoids a swing penalty. The strongest daylight window is 8 AM–11 AM. Clouds shape the time-window ranking, but cannot override cold-water or hydraulic caps. Rain receives no independent positive score. This read combines Fulton Street flow, North Park measured water temperature, and Grand Rapids weather for the downtown Grand Rapids mainstem. It does not directly measure Grand Haven, the full Lower river, or reaches upstream of North Park.","Start with 8 AM–11 AM in legal, depth-stable holding water. Verify ice, access, and safety directly; this is responsiveness for fish already present, not a new run or catch probability."
2025-02-07,building,29,Reserved,32.36,2550,ideal,0,08-11,29,100,11-15,29,100,15-19,29,44,08-11,Today’s Winter Steelhead Activity is reserved.,"Stable measured water avoids a swing penalty. The strongest daylight window is 8 AM–11 AM. Clouds shape the time-window ranking, but cannot override cold-water or hydraulic caps. Rain receives no independent positive score. This read combines Fulton Street flow, North Park measured water temperature, and Grand Rapids weather for the downtown Grand Rapids mainstem. It does not directly measure Grand Haven, the full Lower river, or reaches upstream of North Park.","Start with 8 AM–11 AM in legal, depth-stable holding water. Verify ice, access, and safety directly; this is responsiveness for fish already present, not a new run or catch probability."
2025-02-12,building,29,Reserved,32.18,1990,ideal,0,08-11,29,100,11-15,29,100,15-19,29,100,08-11,Today’s Winter Steelhead Activity is reserved.,"Stable measured water avoids a swing penalty. The strongest daylight window is 8 AM–11 AM. Clouds shape the time-window ranking, but cannot override cold-water or hydraulic caps. Rain receives no independent positive score. This read combines Fulton Street flow, North Park measured water temperature, and Grand Rapids weather for the downtown Grand Rapids mainstem. It does not directly measure Grand Haven, the full Lower river, or reaches upstream of North Park.","Start with 8 AM–11 AM in legal, depth-stable holding water. Verify ice, access, and safety directly; this is responsiveness for fish already present, not a new run or catch probability."
2021-01-11,building,49,Moderate,33.8,2960,ideal,0,09-12,49,100,12-15,49,100,15-18,49,100,09-12,Today’s Winter Steelhead Activity is moderate.,"Stable measured water avoids a swing penalty. The strongest daylight window is 9 AM–12 PM. Clouds shape the time-window ranking, but cannot override cold-water or hydraulic caps. Rain receives no independent positive score. This read combines Fulton Street flow, North Park measured water temperature, and Grand Rapids weather for the downtown Grand Rapids mainstem. It does not directly measure Grand Haven, the full Lower river, or reaches upstream of North Park.","Start with 9 AM–12 PM in legal, depth-stable holding water. Verify ice, access, and safety directly; this is responsiveness for fish already present, not a new run or catch probability."
2021-01-22,building,49,Moderate,33.62,3370,ideal,0,09-12,49,100,12-15,49,100,15-18,49,100,09-12,Today’s Winter Steelhead Activity is moderate.,"Stable measured water avoids a swing penalty. The strongest daylight window is 9 AM–12 PM. Clouds shape the time-window ranking, but cannot override cold-water or hydraulic caps. Rain receives no independent positive score. This read combines Fulton Street flow, North Park measured water temperature, and Grand Rapids weather for the downtown Grand Rapids mainstem. It does not directly measure Grand Haven, the full Lower river, or reaches upstream of North Park.","Start with 9 AM–12 PM in legal, depth-stable holding water. Verify ice, access, and safety directly; this is responsiveness for fish already present, not a new run or catch probability."
2023-01-15,building,57,Moderate,35.24,2700,ideal,0,09-12,57,99,12-15,57,100,15-18,57,99,09-12,Today’s Winter Steelhead Activity is moderate.,"Cooling water reduces expected response. The strongest daylight window is 9 AM–12 PM. Clouds shape the time-window ranking, but cannot override cold-water or hydraulic caps. Rain receives no independent positive score. This read combines Fulton Street flow, North Park measured water temperature, and Grand Rapids weather for the downtown Grand Rapids mainstem. It does not directly measure Grand Haven, the full Lower river, or reaches upstream of North Park.","Start with 9 AM–12 PM in legal, depth-stable holding water. Verify ice, access, and safety directly; this is responsiveness for fish already present, not a new run or catch probability."
2021-01-19,building,63,Active,35.6,3640,ideal,0,09-12,63,95,12-15,63,97,15-18,63,100,09-12,Today’s Winter Steelhead Activity is active.,"Stable measured water avoids a swing penalty. The strongest daylight window is 9 AM–12 PM. Clouds shape the time-window ranking, but cannot override cold-water or hydraulic caps. Rain receives no independent positive score. This read combines Fulton Street flow, North Park measured water temperature, and Grand Rapids weather for the downtown Grand Rapids mainstem. It does not directly measure Grand Haven, the full Lower river, or reaches upstream of North Park.","Start with 9 AM–12 PM in legal, depth-stable holding water. Verify ice, access, and safety directly; this is responsiveness for fish already present, not a new run or catch probability."
2021-01-18,building,65,Active,35.96,3620,ideal,0,09-12,65,92,12-15,65,100,15-18,65,100,09-12,Today’s Winter Steelhead Activity is active.,"Stable measured water avoids a swing penalty. The strongest daylight window is 9 AM–12 PM. Clouds shape the time-window ranking, but cannot override cold-water or hydraulic caps. Rain receives no independent positive score. This read combines Fulton Street flow, North Park measured water temperature, and Grand Rapids weather for the downtown Grand Rapids mainstem. It does not directly measure Grand Haven, the full Lower river, or reaches upstream of North Park.","Start with 9 AM–12 PM in legal, depth-stable holding water. Verify ice, access, and safety directly; this is responsiveness for fish already present, not a new run or catch probability."
2023-01-13,building,68,Active,36.86,3010,ideal,2,09-12,69,68,12-15,67,65,15-18,68,61,09-12,Today’s Winter Steelhead Activity is active.,"Stable measured water avoids a swing penalty. The strongest daylight window is 9 AM–12 PM. Clouds shape the time-window ranking, but cannot override cold-water or hydraulic caps. Rain receives no independent positive score. This read combines Fulton Street flow, North Park measured water temperature, and Grand Rapids weather for the downtown Grand Rapids mainstem. It does not directly measure Grand Haven, the full Lower river, or reaches upstream of North Park.","Start with 9 AM–12 PM in legal, depth-stable holding water. Verify ice, access, and safety directly; this is responsiveness for fish already present, not a new run or catch probability."
2023-01-17,building,70,Active,36.68,2860,ideal,0,09-12,70,100,12-15,70,100,15-18,70,100,09-12,Today’s Winter Steelhead Activity is active.,"Stable measured water avoids a swing penalty. The strongest daylight window is 9 AM–12 PM. Clouds shape the time-window ranking, but cannot override cold-water or hydraulic caps. Rain receives no independent positive score. This read combines Fulton Street flow, North Park measured water temperature, and Grand Rapids weather for the downtown Grand Rapids mainstem. It does not directly measure Grand Haven, the full Lower river, or reaches upstream of North Park.","Start with 9 AM–12 PM in legal, depth-stable holding water. Verify ice, access, and safety directly; this is responsiveness for fish already present, not a new run or catch probability."
2023-01-08,building,72,Active,37.22,3770,ideal,0,09-12,72,99,12-15,72,100,15-18,72,100,09-12,Today’s Winter Steelhead Activity is active.,"Stable measured water avoids a swing penalty. The strongest daylight window is 9 AM–12 PM. Clouds shape the time-window ranking, but cannot override cold-water or hydraulic caps. Rain receives no independent positive score. This read combines Fulton Street flow, North Park measured water temperature, and Grand Rapids weather for the downtown Grand Rapids mainstem. It does not directly measure Grand Haven, the full Lower river, or reaches upstream of North Park.","Start with 9 AM–12 PM in legal, depth-stable holding water. Verify ice, access, and safety directly; this is responsiveness for fish already present, not a new run or catch probability."
2023-01-18,building,78,Active,37.4,2930,ideal,1,09-12,77,82,12-15,78,100,15-18,78,100,12-15,Today’s Winter Steelhead Activity is active.,"A gradual measured-water warm-up is favorable. The strongest daylight window is 12 PM–3 PM. Clouds shape the time-window ranking, but cannot override cold-water or hydraulic caps. Rain receives no independent positive score. This read combines Fulton Street flow, North Park measured water temperature, and Grand Rapids weather for the downtown Grand Rapids mainstem. It does not directly measure Grand Haven, the full Lower river, or reaches upstream of North Park.","Start with 12 PM–3 PM in legal, depth-stable holding water. Verify ice, access, and safety directly; this is responsiveness for fish already present, not a new run or catch probability."
2022-02-18,peak,19,Inactive,31.82,7890,blown_out,0,08-11,19,100,11-15,19,99,15-19,19,97,08-11,Today’s Winter Steelhead Activity is inactive.,"Stable measured water avoids a swing penalty. The strongest daylight window is 8 AM–11 AM. Clouds shape the time-window ranking, but cannot override cold-water or hydraulic caps. Rain receives no independent positive score. This read combines Fulton Street flow, North Park measured water temperature, and Grand Rapids weather for the downtown Grand Rapids mainstem. It does not directly measure Grand Haven, the full Lower river, or reaches upstream of North Park.","Start with 8 AM–11 AM in legal, depth-stable holding water. Verify ice, access, and safety directly; this is responsiveness for fish already present, not a new run or catch probability."
2022-02-21,peak,19,Inactive,31.82,11500,blown_out,0,08-11,19,100,11-15,19,100,15-19,19,100,08-11,Today’s Winter Steelhead Activity is inactive.,"Stable measured water avoids a swing penalty. The strongest daylight window is 8 AM–11 AM. Clouds shape the time-window ranking, but cannot override cold-water or hydraulic caps. Rain receives no independent positive score. This read combines Fulton Street flow, North Park measured water temperature, and Grand Rapids weather for the downtown Grand Rapids mainstem. It does not directly measure Grand Haven, the full Lower river, or reaches upstream of North Park.","Start with 8 AM–11 AM in legal, depth-stable holding water. Verify ice, access, and safety directly; this is responsiveness for fish already present, not a new run or catch probability."
2022-02-23,peak,19,Inactive,31.82,13300,blown_out,0,08-11,19,100,11-15,19,64,15-19,19,11,08-11,Today’s Winter Steelhead Activity is inactive.,"Stable measured water avoids a swing penalty. The strongest daylight window is 8 AM–11 AM. Clouds shape the time-window ranking, but cannot override cold-water or hydraulic caps. Rain receives no independent positive score. This read combines Fulton Street flow, North Park measured water temperature, and Grand Rapids weather for the downtown Grand Rapids mainstem. It does not directly measure Grand Haven, the full Lower river, or reaches upstream of North Park.","Start with 8 AM–11 AM in legal, depth-stable holding water. Verify ice, access, and safety directly; this is responsiveness for fish already present, not a new run or catch probability."
2021-02-16,peak,29,Reserved,32,2200,ideal,0,08-11,29,99,11-15,29,62,15-19,29,30,08-11,Today’s Winter Steelhead Activity is reserved.,"Stable measured water avoids a swing penalty. The strongest daylight window is 8 AM–11 AM. Clouds shape the time-window ranking, but cannot override cold-water or hydraulic caps. Rain receives no independent positive score. This read combines Fulton Street flow, North Park measured water temperature, and Grand Rapids weather for the downtown Grand Rapids mainstem. It does not directly measure Grand Haven, the full Lower river, or reaches upstream of North Park.","Start with 8 AM–11 AM in legal, depth-stable holding water. Verify ice, access, and safety directly; this is responsiveness for fish already present, not a new run or catch probability."
2021-02-18,peak,29,Reserved,32.18,2200,ideal,0,08-11,29,83,11-15,29,89,15-19,29,95,08-11,Today’s Winter Steelhead Activity is reserved.,"Stable measured water avoids a swing penalty. The strongest daylight window is 8 AM–11 AM. Clouds shape the time-window ranking, but cannot override cold-water or hydraulic caps. Rain receives no independent positive score. This read combines Fulton Street flow, North Park measured water temperature, and Grand Rapids weather for the downtown Grand Rapids mainstem. It does not directly measure Grand Haven, the full Lower river, or reaches upstream of North Park.","Start with 8 AM–11 AM in legal, depth-stable holding water. Verify ice, access, and safety directly; this is responsiveness for fish already present, not a new run or catch probability."
2021-02-21,peak,29,Reserved,32.18,2200,ideal,0,08-11,29,94,11-15,29,80,15-19,29,99,08-11,Today’s Winter Steelhead Activity is reserved.,"Stable measured water avoids a swing penalty. The strongest daylight window is 8 AM–11 AM. Clouds shape the time-window ranking, but cannot override cold-water or hydraulic caps. Rain receives no independent positive score. This read combines Fulton Street flow, North Park measured water temperature, and Grand Rapids weather for the downtown Grand Rapids mainstem. It does not directly measure Grand Haven, the full Lower river, or reaches upstream of North Park.","Start with 8 AM–11 AM in legal, depth-stable holding water. Verify ice, access, and safety directly; this is responsiveness for fish already present, not a new run or catch probability."
2021-02-23,peak,29,Reserved,32.36,2270,ideal,0,08-11,29,4,11-15,29,0,15-19,29,22,08-11,Today’s Winter Steelhead Activity is reserved.,"Stable measured water avoids a swing penalty. The strongest daylight window is 8 AM–11 AM. Clouds shape the time-window ranking, but cannot override cold-water or hydraulic caps. Rain receives no independent positive score. This read combines Fulton Street flow, North Park measured water temperature, and Grand Rapids weather for the downtown Grand Rapids mainstem. It does not directly measure Grand Haven, the full Lower river, or reaches upstream of North Park.","Start with 8 AM–11 AM in legal, depth-stable holding water. Verify ice, access, and safety directly; this is responsiveness for fish already present, not a new run or catch probability."
2022-02-16,peak,29,Reserved,32.36,2830,ideal,0,08-11,29,98,11-15,29,100,15-19,29,100,08-11,Today’s Winter Steelhead Activity is reserved.,"Stable measured water avoids a swing penalty. The strongest daylight window is 8 AM–11 AM. Clouds shape the time-window ranking, but cannot override cold-water or hydraulic caps. Rain receives no independent positive score. This read combines Fulton Street flow, North Park measured water temperature, and Grand Rapids weather for the downtown Grand Rapids mainstem. It does not directly measure Grand Haven, the full Lower river, or reaches upstream of North Park.","Start with 8 AM–11 AM in legal, depth-stable holding water. Verify ice, access, and safety directly; this is responsiveness for fish already present, not a new run or catch probability."
2025-02-16,peak,29,Reserved,32.18,1690,ideal,0,08-11,29,99,11-15,29,100,15-19,29,99,08-11,Today’s Winter Steelhead Activity is reserved.,"Stable measured water avoids a swing penalty. The strongest daylight window is 8 AM–11 AM. Clouds shape the time-window ranking, but cannot override cold-water or hydraulic caps. Rain receives no independent positive score. This read combines Fulton Street flow, North Park measured water temperature, and Grand Rapids weather for the downtown Grand Rapids mainstem. It does not directly measure Grand Haven, the full Lower river, or reaches upstream of North Park.","Start with 8 AM–11 AM in legal, depth-stable holding water. Verify ice, access, and safety directly; this is responsiveness for fish already present, not a new run or catch probability."
2025-02-18,peak,29,Reserved,32.18,1670,ideal,0,08-11,29,24,11-15,29,90,15-19,29,100,08-11,Today’s Winter Steelhead Activity is reserved.,"Stable measured water avoids a swing penalty. The strongest daylight window is 8 AM–11 AM. Clouds shape the time-window ranking, but cannot override cold-water or hydraulic caps. Rain receives no independent positive score. This read combines Fulton Street flow, North Park measured water temperature, and Grand Rapids weather for the downtown Grand Rapids mainstem. It does not directly measure Grand Haven, the full Lower river, or reaches upstream of North Park.","Start with 8 AM–11 AM in legal, depth-stable holding water. Verify ice, access, and safety directly; this is responsiveness for fish already present, not a new run or catch probability."
2025-02-21,peak,29,Reserved,32.36,1610,ideal,0,08-11,29,53,11-15,29,81,15-19,29,61,08-11,Today’s Winter Steelhead Activity is reserved.,"Stable measured water avoids a swing penalty. The strongest daylight window is 8 AM–11 AM. Clouds shape the time-window ranking, but cannot override cold-water or hydraulic caps. Rain receives no independent positive score. This read combines Fulton Street flow, North Park measured water temperature, and Grand Rapids weather for the downtown Grand Rapids mainstem. It does not directly measure Grand Haven, the full Lower river, or reaches upstream of North Park.","Start with 8 AM–11 AM in legal, depth-stable holding water. Verify ice, access, and safety directly; this is responsiveness for fish already present, not a new run or catch probability."
2025-02-23,peak,29,Reserved,32.36,1650,ideal,0,08-11,29,100,11-15,29,100,15-19,29,76,08-11,Today’s Winter Steelhead Activity is reserved.,"Stable measured water avoids a swing penalty. The strongest daylight window is 8 AM–11 AM. Clouds shape the time-window ranking, but cannot override cold-water or hydraulic caps. Rain receives no independent positive score. This read combines Fulton Street flow, North Park measured water temperature, and Grand Rapids weather for the downtown Grand Rapids mainstem. It does not directly measure Grand Haven, the full Lower river, or reaches upstream of North Park.","Start with 8 AM–11 AM in legal, depth-stable holding water. Verify ice, access, and safety directly; this is responsiveness for fish already present, not a new run or catch probability."
2024-02-18,peak,49,Moderate,34.88,4740,high_fishable,2,08-11,47,11,11-15,49,81,15-19,49,69,11-15,Today’s Winter Steelhead Activity is moderate.,"Cooling water reduces expected response. The strongest daylight window is 11 AM–3 PM. Clouds shape the time-window ranking, but cannot override cold-water or hydraulic caps. Rain receives no independent positive score. This read combines Fulton Street flow, North Park measured water temperature, and Grand Rapids weather for the downtown Grand Rapids mainstem. It does not directly measure Grand Haven, the full Lower river, or reaches upstream of North Park.","Start with 11 AM–3 PM in legal, depth-stable holding water. Verify ice, access, and safety directly; this is responsiveness for fish already present, not a new run or catch probability."
2023-02-18,peak,52,Moderate,35.6,4890,high_fishable,6,08-11,51,18,11-15,49,24,15-19,55,100,15-19,Today’s Winter Steelhead Activity is moderate.,"Cooling water reduces expected response. The strongest daylight window is 3 PM–7 PM. Clouds shape the time-window ranking, but cannot override cold-water or hydraulic caps. Rain receives no independent positive score. This read combines Fulton Street flow, North Park measured water temperature, and Grand Rapids weather for the downtown Grand Rapids mainstem. It does not directly measure Grand Haven, the full Lower river, or reaches upstream of North Park.","Start with 3 PM–7 PM in legal, depth-stable holding water. Verify ice, access, and safety directly; this is responsiveness for fish already present, not a new run or catch probability."
2024-02-20,peak,56,Moderate,35.42,4450,high_fishable,6,08-11,55,0,11-15,53,9,15-19,59,67,15-19,Today’s Winter Steelhead Activity is moderate.,"Stable measured water avoids a swing penalty. The strongest daylight window is 3 PM–7 PM. Clouds shape the time-window ranking, but cannot override cold-water or hydraulic caps. Rain receives no independent positive score. This read combines Fulton Street flow, North Park measured water temperature, and Grand Rapids weather for the downtown Grand Rapids mainstem. It does not directly measure Grand Haven, the full Lower river, or reaches upstream of North Park.","Start with 3 PM–7 PM in legal, depth-stable holding water. Verify ice, access, and safety directly; this is responsiveness for fish already present, not a new run or catch probability."
2023-02-19,peak,63,Active,36.5,4770,high_fishable,8,08-11,65,84,11-15,57,0,15-19,63,50,08-11,Today’s Winter Steelhead Activity is active.,"Stable measured water avoids a swing penalty. The strongest daylight window is 8 AM–11 AM. Clouds shape the time-window ranking, but cannot override cold-water or hydraulic caps. Rain receives no independent positive score. This read combines Fulton Street flow, North Park measured water temperature, and Grand Rapids weather for the downtown Grand Rapids mainstem. It does not directly measure Grand Haven, the full Lower river, or reaches upstream of North Park.","Start with 8 AM–11 AM in legal, depth-stable holding water. Verify ice, access, and safety directly; this is responsiveness for fish already present, not a new run or catch probability."
2023-02-21,peak,69,Active,37.22,4810,high_fishable,0,08-11,69,98,11-15,69,92,15-19,69,91,08-11,Today’s Winter Steelhead Activity is active.,"Stable measured water avoids a swing penalty. The strongest daylight window is 8 AM–11 AM. Clouds shape the time-window ranking, but cannot override cold-water or hydraulic caps. Rain receives no independent positive score. This read combines Fulton Street flow, North Park measured water temperature, and Grand Rapids weather for the downtown Grand Rapids mainstem. It does not directly measure Grand Haven, the full Lower river, or reaches upstream of North Park.","Start with 8 AM–11 AM in legal, depth-stable holding water. Verify ice, access, and safety directly; this is responsiveness for fish already present, not a new run or catch probability."
2024-02-15,peak,71,Active,37.94,5370,high_fishable,3,08-11,72,100,11-15,71,92,15-19,69,45,08-11,Today’s Winter Steelhead Activity is active.,"Stable measured water avoids a swing penalty. The strongest daylight window is 8 AM–11 AM. Clouds shape the time-window ranking, but cannot override cold-water or hydraulic caps. Rain receives no independent positive score. This read combines Fulton Street flow, North Park measured water temperature, and Grand Rapids weather for the downtown Grand Rapids mainstem. It does not directly measure Grand Haven, the full Lower river, or reaches upstream of North Park.","Start with 8 AM–11 AM in legal, depth-stable holding water. Verify ice, access, and safety directly; this is responsiveness for fish already present, not a new run or catch probability."
2023-02-16,peak,76,Active,37.94,5710,high_fishable,0,08-11,76,100,11-15,76,100,15-19,76,100,08-11,Today’s Winter Steelhead Activity is active.,"A gradual measured-water warm-up is favorable. The strongest daylight window is 8 AM–11 AM. Clouds shape the time-window ranking, but cannot override cold-water or hydraulic caps. Rain receives no independent positive score. This read combines Fulton Street flow, North Park measured water temperature, and Grand Rapids weather for the downtown Grand Rapids mainstem. It does not directly measure Grand Haven, the full Lower river, or reaches upstream of North Park.","Start with 8 AM–11 AM in legal, depth-stable holding water. Verify ice, access, and safety directly; this is responsiveness for fish already present, not a new run or catch probability."
2024-02-23,peak,82,Highly active,39.38,4280,high_fishable,2,08-11,80,63,11-15,82,98,15-19,82,100,11-15,Today’s Winter Steelhead Activity is highly active.,"A gradual measured-water warm-up is favorable. The strongest daylight window is 11 AM–3 PM. Clouds shape the time-window ranking, but cannot override cold-water or hydraulic caps. Rain receives no independent positive score. This read combines Fulton Street flow, North Park measured water temperature, and Grand Rapids weather for the downtown Grand Rapids mainstem. It does not directly measure Grand Haven, the full Lower river, or reaches upstream of North Park.","Start with 11 AM–3 PM in legal, depth-stable holding water. Verify ice, access, and safety directly; this is responsiveness for fish already present, not a new run or catch probability."
2022-02-25,tapering,19,Inactive,31.82,14400,blown_out,0,08-11,19,94,11-15,19,42,15-19,19,34,08-11,Today’s Winter Steelhead Activity is inactive.,"Stable measured water avoids a swing penalty. The strongest daylight window is 8 AM–11 AM. Clouds shape the time-window ranking, but cannot override cold-water or hydraulic caps. Rain receives no independent positive score. This read combines Fulton Street flow, North Park measured water temperature, and Grand Rapids weather for the downtown Grand Rapids mainstem. It does not directly measure Grand Haven, the full Lower river, or reaches upstream of North Park.","Start with 8 AM–11 AM in legal, depth-stable holding water. Verify ice, access, and safety directly; this is responsiveness for fish already present, not a new run or catch probability."
2022-02-26,tapering,19,Inactive,31.82,14100,blown_out,0,08-11,19,85,11-15,19,63,15-19,19,0,08-11,Today’s Winter Steelhead Activity is inactive.,"Stable measured water avoids a swing penalty. The strongest daylight window is 8 AM–11 AM. Clouds shape the time-window ranking, but cannot override cold-water or hydraulic caps. Rain receives no independent positive score. This read combines Fulton Street flow, North Park measured water temperature, and Grand Rapids weather for the downtown Grand Rapids mainstem. It does not directly measure Grand Haven, the full Lower river, or reaches upstream of North Park.","Start with 8 AM–11 AM in legal, depth-stable holding water. Verify ice, access, and safety directly; this is responsiveness for fish already present, not a new run or catch probability."
2021-02-25,tapering,29,Reserved,32.36,2820,ideal,0,08-11,29,30,11-15,29,22,15-19,29,6,08-11,Today’s Winter Steelhead Activity is reserved.,"Stable measured water avoids a swing penalty. The strongest daylight window is 8 AM–11 AM. Clouds shape the time-window ranking, but cannot override cold-water or hydraulic caps. Rain receives no independent positive score. This read combines Fulton Street flow, North Park measured water temperature, and Grand Rapids weather for the downtown Grand Rapids mainstem. It does not directly measure Grand Haven, the full Lower river, or reaches upstream of North Park.","Start with 8 AM–11 AM in legal, depth-stable holding water. Verify ice, access, and safety directly; this is responsiveness for fish already present, not a new run or catch probability."
2021-02-26,tapering,29,Reserved,32.54,3230,ideal,0,08-11,29,0,11-15,29,0,15-19,29,33,08-11,Today’s Winter Steelhead Activity is reserved.,"Stable measured water avoids a swing penalty. The strongest daylight window is 8 AM–11 AM. Clouds shape the time-window ranking, but cannot override cold-water or hydraulic caps. Rain receives no independent positive score. This read combines Fulton Street flow, North Park measured water temperature, and Grand Rapids weather for the downtown Grand Rapids mainstem. It does not directly measure Grand Haven, the full Lower river, or reaches upstream of North Park.","Start with 8 AM–11 AM in legal, depth-stable holding water. Verify ice, access, and safety directly; this is responsiveness for fish already present, not a new run or catch probability."
2025-02-25,tapering,29,Reserved,32.9,1980,ideal,0,08-11,29,0,11-15,29,1,15-19,29,6,08-11,Today’s Winter Steelhead Activity is reserved.,"Stable measured water avoids a swing penalty. The strongest daylight window is 8 AM–11 AM. Clouds shape the time-window ranking, but cannot override cold-water or hydraulic caps. Rain receives no independent positive score. This read combines Fulton Street flow, North Park measured water temperature, and Grand Rapids weather for the downtown Grand Rapids mainstem. It does not directly measure Grand Haven, the full Lower river, or reaches upstream of North Park.","Start with 8 AM–11 AM in legal, depth-stable holding water. Verify ice, access, and safety directly; this is responsiveness for fish already present, not a new run or catch probability."
2025-02-26,tapering,29,Reserved,32.36,2440,ideal,0,08-11,29,100,11-15,29,100,15-19,29,100,08-11,Today’s Winter Steelhead Activity is reserved.,"Stable measured water avoids a swing penalty. The strongest daylight window is 8 AM–11 AM. Clouds shape the time-window ranking, but cannot override cold-water or hydraulic caps. Rain receives no independent positive score. This read combines Fulton Street flow, North Park measured water temperature, and Grand Rapids weather for the downtown Grand Rapids mainstem. It does not directly measure Grand Haven, the full Lower river, or reaches upstream of North Park.","Start with 8 AM–11 AM in legal, depth-stable holding water. Verify ice, access, and safety directly; this is responsiveness for fish already present, not a new run or catch probability."
2023-02-25,tapering,49,Moderate,34.52,4560,high_fishable,0,08-11,49,100,11-15,49,100,15-19,49,100,08-11,Today’s Winter Steelhead Activity is moderate.,"Stable measured water avoids a swing penalty. The strongest daylight window is 8 AM–11 AM. Clouds shape the time-window ranking, but cannot override cold-water or hydraulic caps. Rain receives no independent positive score. This read combines Fulton Street flow, North Park measured water temperature, and Grand Rapids weather for the downtown Grand Rapids mainstem. It does not directly measure Grand Haven, the full Lower river, or reaches upstream of North Park.","Start with 8 AM–11 AM in legal, depth-stable holding water. Verify ice, access, and safety directly; this is responsiveness for fish already present, not a new run or catch probability."
2023-02-26,tapering,49,Moderate,34.7,4580,high_fishable,0,08-11,49,0,11-15,49,0,15-19,49,3,08-11,Today’s Winter Steelhead Activity is moderate.,"Stable measured water avoids a swing penalty. The strongest daylight window is 8 AM–11 AM. Clouds shape the time-window ranking, but cannot override cold-water or hydraulic caps. Rain receives no independent positive score. This read combines Fulton Street flow, North Park measured water temperature, and Grand Rapids weather for the downtown Grand Rapids mainstem. It does not directly measure Grand Haven, the full Lower river, or reaches upstream of North Park.","Start with 8 AM–11 AM in legal, depth-stable holding water. Verify ice, access, and safety directly; this is responsiveness for fish already present, not a new run or catch probability."
2024-02-25,tapering,77,Active,39.38,4080,high_fishable,1,08-11,78,93,11-15,77,82,15-19,77,86,08-11,Today’s Winter Steelhead Activity is active.,"Stable measured water avoids a swing penalty. The strongest daylight window is 8 AM–11 AM. Clouds shape the time-window ranking, but cannot override cold-water or hydraulic caps. Rain receives no independent positive score. This read combines Fulton Street flow, North Park measured water temperature, and Grand Rapids weather for the downtown Grand Rapids mainstem. It does not directly measure Grand Haven, the full Lower river, or reaches upstream of North Park.","Start with 8 AM–11 AM in legal, depth-stable holding water. Verify ice, access, and safety directly; this is responsiveness for fish already present, not a new run or catch probability."
2024-02-26,tapering,80,Highly active,40.28,3970,ideal,3,08-11,78,48,11-15,81,99,15-19,80,84,11-15,Today’s Winter Steelhead Activity is highly active.,"Stable measured water avoids a swing penalty. The strongest daylight window is 11 AM–3 PM. Clouds shape the time-window ranking, but cannot override cold-water or hydraulic caps. Rain receives no independent positive score. This read combines Fulton Street flow, North Park measured water temperature, and Grand Rapids weather for the downtown Grand Rapids mainstem. It does not directly measure Grand Haven, the full Lower river, or reaches upstream of North Park.","Start with 11 AM–3 PM in legal, depth-stable holding water. Verify ice, access, and safety directly; this is responsiveness for fish already present, not a new run or catch probability."
2022-02-27,ending,19,Inactive,31.82,13100,blown_out,0,08-11,19,42,11-15,19,35,15-19,19,32,08-11,Today’s Winter Steelhead Activity is inactive.,"Stable measured water avoids a swing penalty. The strongest daylight window is 8 AM–11 AM. Clouds shape the time-window ranking, but cannot override cold-water or hydraulic caps. Rain receives no independent positive score. This read combines Fulton Street flow, North Park measured water temperature, and Grand Rapids weather for the downtown Grand Rapids mainstem. It does not directly measure Grand Haven, the full Lower river, or reaches upstream of North Park.","Start with 8 AM–11 AM in legal, depth-stable holding water. Verify ice, access, and safety directly; this is responsiveness for fish already present, not a new run or catch probability."
2022-02-28,ending,19,Inactive,31.82,12400,blown_out,0,08-11,19,99,11-15,19,97,15-19,19,89,08-11,Today’s Winter Steelhead Activity is inactive.,"Stable measured water avoids a swing penalty. The strongest daylight window is 8 AM–11 AM. Clouds shape the time-window ranking, but cannot override cold-water or hydraulic caps. Rain receives no independent positive score. This read combines Fulton Street flow, North Park measured water temperature, and Grand Rapids weather for the downtown Grand Rapids mainstem. It does not directly measure Grand Haven, the full Lower river, or reaches upstream of North Park.","Start with 8 AM–11 AM in legal, depth-stable holding water. Verify ice, access, and safety directly; this is responsiveness for fish already present, not a new run or catch probability."
2023-02-28,ending,19,Inactive,35.96,7230,blown_out,0,08-11,19,100,11-15,19,82,15-19,19,100,08-11,Today’s Winter Steelhead Activity is inactive.,"Stable measured water avoids a swing penalty. The strongest daylight window is 8 AM–11 AM. Clouds shape the time-window ranking, but cannot override cold-water or hydraulic caps. Rain receives no independent positive score. This read combines Fulton Street flow, North Park measured water temperature, and Grand Rapids weather for the downtown Grand Rapids mainstem. It does not directly measure Grand Haven, the full Lower river, or reaches upstream of North Park.","Start with 8 AM–11 AM in legal, depth-stable holding water. Verify ice, access, and safety directly; this is responsiveness for fish already present, not a new run or catch probability."
2021-02-27,ending,29,Reserved,32.54,3730,ideal,0,08-11,29,27,11-15,29,1,15-19,29,30,08-11,Today’s Winter Steelhead Activity is reserved.,"Stable measured water avoids a swing penalty. The strongest daylight window is 8 AM–11 AM. Clouds shape the time-window ranking, but cannot override cold-water or hydraulic caps. Rain receives no independent positive score. This read combines Fulton Street flow, North Park measured water temperature, and Grand Rapids weather for the downtown Grand Rapids mainstem. It does not directly measure Grand Haven, the full Lower river, or reaches upstream of North Park.","Start with 8 AM–11 AM in legal, depth-stable holding water. Verify ice, access, and safety directly; this is responsiveness for fish already present, not a new run or catch probability."
2021-02-28,ending,29,Reserved,32.36,4300,high_fishable,0,08-11,29,100,11-15,29,100,15-19,29,93,08-11,Today’s Winter Steelhead Activity is reserved.,"Stable measured water avoids a swing penalty. The strongest daylight window is 8 AM–11 AM. Clouds shape the time-window ranking, but cannot override cold-water or hydraulic caps. Rain receives no independent positive score. This read combines Fulton Street flow, North Park measured water temperature, and Grand Rapids weather for the downtown Grand Rapids mainstem. It does not directly measure Grand Haven, the full Lower river, or reaches upstream of North Park.","Start with 8 AM–11 AM in legal, depth-stable holding water. Verify ice, access, and safety directly; this is responsiveness for fish already present, not a new run or catch probability."
2025-02-27,ending,29,Reserved,32.54,3160,ideal,0,08-11,29,79,11-15,29,96,15-19,29,79,08-11,Today’s Winter Steelhead Activity is reserved.,"Stable measured water avoids a swing penalty. The strongest daylight window is 8 AM–11 AM. Clouds shape the time-window ranking, but cannot override cold-water or hydraulic caps. Rain receives no independent positive score. This read combines Fulton Street flow, North Park measured water temperature, and Grand Rapids weather for the downtown Grand Rapids mainstem. It does not directly measure Grand Haven, the full Lower river, or reaches upstream of North Park.","Start with 8 AM–11 AM in legal, depth-stable holding water. Verify ice, access, and safety directly; this is responsiveness for fish already present, not a new run or catch probability."
2025-02-28,ending,29,Reserved,32.36,3880,ideal,0,08-11,29,100,11-15,29,84,15-19,29,100,08-11,Today’s Winter Steelhead Activity is reserved.,"Stable measured water avoids a swing penalty. The strongest daylight window is 8 AM–11 AM. Clouds shape the time-window ranking, but cannot override cold-water or hydraulic caps. Rain receives no independent positive score. This read combines Fulton Street flow, North Park measured water temperature, and Grand Rapids weather for the downtown Grand Rapids mainstem. It does not directly measure Grand Haven, the full Lower river, or reaches upstream of North Park.","Start with 8 AM–11 AM in legal, depth-stable holding water. Verify ice, access, and safety directly; this is responsiveness for fish already present, not a new run or catch probability."
2023-02-27,ending,49,Moderate,34.88,5350,high_fishable,0,08-11,49,100,11-15,49,100,15-19,49,100,08-11,Today’s Winter Steelhead Activity is moderate.,"Stable measured water avoids a swing penalty. The strongest daylight window is 8 AM–11 AM. Clouds shape the time-window ranking, but cannot override cold-water or hydraulic caps. Rain receives no independent positive score. This read combines Fulton Street flow, North Park measured water temperature, and Grand Rapids weather for the downtown Grand Rapids mainstem. It does not directly measure Grand Haven, the full Lower river, or reaches upstream of North Park.","Start with 8 AM–11 AM in legal, depth-stable holding water. Verify ice, access, and safety directly; this is responsiveness for fish already present, not a new run or catch probability."
2024-02-27,ending,86,Highly active,42.8,3900,ideal,7,08-11,85,0,11-15,82,3,15-19,89,77,15-19,Today’s Winter Steelhead Activity is highly active.,"A gradual measured-water warm-up is favorable. The strongest daylight window is 3 PM–7 PM. Clouds shape the time-window ranking, but cannot override cold-water or hydraulic caps. Rain receives no independent positive score. This read combines Fulton Street flow, North Park measured water temperature, and Grand Rapids weather for the downtown Grand Rapids mainstem. It does not directly measure Grand Haven, the full Lower river, or reaches upstream of North Park.","Start with 3 PM–7 PM in legal, depth-stable holding water. Verify ice, access, and safety directly; this is responsiveness for fish already present, not a new run or catch probability."
2024-02-28,ending,91,Highly active,42.98,3920,ideal,1,08-11,91,100,11-15,91,100,15-19,90,99,08-11,Today’s Winter Steelhead Activity is highly active.,"A gradual measured-water warm-up is favorable. The strongest daylight window is 8 AM–11 AM. Clouds shape the time-window ranking, but cannot override cold-water or hydraulic caps. Rain receives no independent positive score. This read combines Fulton Street flow, North Park measured water temperature, and Grand Rapids weather for the downtown Grand Rapids mainstem. It does not directly measure Grand Haven, the full Lower river, or reaches upstream of North Park.","Start with 8 AM–11 AM in legal, depth-stable holding water. Verify ice, access, and safety directly; this is responsiveness for fish already present, not a new run or catch probability."
