pairKey,date,legalStatus,winningMode,scoreThermalFit0,scoreThermalFitHalf,scoreThermalFit1
two_rivers_wi/chinook_salmon,2027-01-15,open,spring_nearshore_transient,1,1,1
two_rivers_wi/chinook_salmon,2027-02-15,open,spring_nearshore_transient,1,1,1
two_rivers_wi/chinook_salmon,2027-03-15,open,spring_nearshore_transient,1,1,1
two_rivers_wi/chinook_salmon,2027-04-15,open,spring_nearshore_transient,1.182,1.395,1.608
two_rivers_wi/chinook_salmon,2027-05-15,open,spring_nearshore_transient,1.489,2.059,2.63
two_rivers_wi/chinook_salmon,2027-06-15,open,spring_nearshore_transient,1.592,2.283,2.974
two_rivers_wi/chinook_salmon,2027-07-15,open,summer_coldwater_pulse,2.119,3.425,4.731
two_rivers_wi/chinook_salmon,2027-08-15,open,summer_coldwater_pulse,2.279,3.772,5.264
two_rivers_wi/chinook_salmon,2027-09-15,open,fall_harbor_staging,2.968,5.265,7.561
two_rivers_wi/chinook_salmon,2027-10-15,open,fall_harbor_staging,1.309,1.669,2.029
two_rivers_wi/chinook_salmon,2027-11-15,open,spring_nearshore_transient,1,1,1
two_rivers_wi/chinook_salmon,2027-12-15,open,spring_nearshore_transient,1,1,1
two_rivers_wi/coho_salmon,2027-01-15,open,spring_nearshore,1,1,1
two_rivers_wi/coho_salmon,2027-02-15,open,spring_nearshore,1,1,1
two_rivers_wi/coho_salmon,2027-03-15,open,spring_nearshore,1.629,2.363,3.096
two_rivers_wi/coho_salmon,2027-04-15,open,spring_nearshore,2.501,4.252,6.003
two_rivers_wi/coho_salmon,2027-05-15,open,spring_nearshore,2.304,3.825,5.346
two_rivers_wi/coho_salmon,2027-06-15,open,spring_nearshore,1.476,2.03,2.585
two_rivers_wi/coho_salmon,2027-07-15,open,summer_coldwater_pulse,2.5,4.25,6
two_rivers_wi/coho_salmon,2027-08-15,open,summer_coldwater_pulse,1.828,2.795,3.761
two_rivers_wi/coho_salmon,2027-09-15,open,fall_harbor_staging,2.037,3.247,4.457
two_rivers_wi/coho_salmon,2027-10-15,open,fall_harbor_staging,2.555,4.37,6.185
two_rivers_wi/coho_salmon,2027-11-15,open,fall_harbor_staging,1.424,1.918,2.412
two_rivers_wi/coho_salmon,2027-12-15,open,spring_nearshore,1,1,1
two_rivers_wi/steelhead,2027-01-15,open,winter_spring_thermal_front,1.673,2.457,3.242
two_rivers_wi/steelhead,2027-02-15,open,winter_spring_thermal_front,1.746,2.616,3.486
two_rivers_wi/steelhead,2027-03-15,open,winter_spring_thermal_front,2.235,3.675,5.116
two_rivers_wi/steelhead,2027-04-15,open,winter_spring_thermal_front,2.776,4.848,6.92
two_rivers_wi/steelhead,2027-05-15,open,winter_spring_thermal_front,2.319,3.859,5.398
two_rivers_wi/steelhead,2027-06-15,open,winter_spring_thermal_front,1.349,1.757,2.165
two_rivers_wi/steelhead,2027-07-15,open,summer_coldwater_pulse,2.404,4.043,5.681
two_rivers_wi/steelhead,2027-08-15,open,summer_coldwater_pulse,2.083,3.347,4.611
two_rivers_wi/steelhead,2027-09-15,open,fall_harbor_staging,1.634,2.374,3.114
two_rivers_wi/steelhead,2027-10-15,open,fall_harbor_staging,2.566,4.393,6.22
two_rivers_wi/steelhead,2027-11-15,open,fall_harbor_staging,2.432,4.103,5.773
two_rivers_wi/steelhead,2027-12-15,open,fall_harbor_staging,1.819,2.774,3.73
two_rivers_wi/brown_trout,2027-01-15,open,fall_harbor,1.816,2.768,3.72
two_rivers_wi/brown_trout,2027-02-15,open,spring_nearshore,1.93,3.015,4.1
two_rivers_wi/brown_trout,2027-03-15,open,spring_nearshore,2.412,4.06,5.707
two_rivers_wi/brown_trout,2027-04-15,open,spring_nearshore,2.772,4.84,6.908
two_rivers_wi/brown_trout,2027-05-15,open,spring_nearshore,2.246,3.7,5.154
two_rivers_wi/brown_trout,2027-06-15,open,fall_harbor,1.261,1.565,1.87
two_rivers_wi/brown_trout,2027-07-15,open,fall_harbor,1.151,1.326,1.502
two_rivers_wi/brown_trout,2027-08-15,open,spring_nearshore,1.153,1.332,1.511
two_rivers_wi/brown_trout,2027-09-15,open,spring_nearshore,1.259,1.561,1.862
two_rivers_wi/brown_trout,2027-10-15,open,fall_harbor,1.752,2.629,3.506
two_rivers_wi/brown_trout,2027-11-15,open,fall_harbor,2.253,3.715,5.177
two_rivers_wi/brown_trout,2027-12-15,open,fall_harbor,1.96,3.08,4.201
kewaunee_wi/chinook_salmon,2027-01-15,open,spring_nearshore_transient,1,1,1
kewaunee_wi/chinook_salmon,2027-02-15,open,spring_nearshore_transient,1,1,1
kewaunee_wi/chinook_salmon,2027-03-15,open,spring_nearshore_transient,1,1,1
kewaunee_wi/chinook_salmon,2027-04-15,open,spring_nearshore_transient,1.199,1.431,1.663
kewaunee_wi/chinook_salmon,2027-05-15,open,spring_nearshore_transient,1.534,2.156,2.778
kewaunee_wi/chinook_salmon,2027-06-15,open,spring_nearshore_transient,1.646,2.4,3.154
kewaunee_wi/chinook_salmon,2027-07-15,open,summer_coldwater_pulse,2.224,3.653,5.081
kewaunee_wi/chinook_salmon,2027-08-15,open,summer_coldwater_pulse,2.399,4.032,5.664
kewaunee_wi/chinook_salmon,2027-09-15,open,fall_harbor_staging,3.155,5.668,8.182
kewaunee_wi/chinook_salmon,2027-10-15,open,fall_harbor_staging,1.338,1.732,2.127
kewaunee_wi/chinook_salmon,2027-11-15,open,spring_nearshore_transient,1,1,1
kewaunee_wi/chinook_salmon,2027-12-15,open,spring_nearshore_transient,1,1,1
kewaunee_wi/coho_salmon,2027-01-15,open,spring_nearshore,1,1,1
kewaunee_wi/coho_salmon,2027-02-15,open,spring_nearshore,1,1,1
kewaunee_wi/coho_salmon,2027-03-15,open,spring_nearshore,1.598,2.296,2.993
kewaunee_wi/coho_salmon,2027-04-15,open,spring_nearshore,2.427,4.092,5.757
kewaunee_wi/coho_salmon,2027-05-15,open,spring_nearshore,2.24,3.686,5.132
kewaunee_wi/coho_salmon,2027-06-15,open,spring_nearshore,1.452,1.98,2.507
kewaunee_wi/coho_salmon,2027-07-15,open,summer_coldwater_pulse,2.428,4.094,5.76
kewaunee_wi/coho_salmon,2027-08-15,open,summer_coldwater_pulse,1.789,2.709,3.629
kewaunee_wi/coho_salmon,2027-09-15,open,fall_harbor_staging,1.986,3.136,4.287
kewaunee_wi/coho_salmon,2027-10-15,open,fall_harbor_staging,2.479,4.204,5.93
kewaunee_wi/coho_salmon,2027-11-15,open,fall_harbor_staging,1.403,1.873,2.343
kewaunee_wi/coho_salmon,2027-12-15,open,spring_nearshore,1,1,1
kewaunee_wi/steelhead,2027-01-15,open,winter_spring_thermal_front,1.726,2.573,3.42
kewaunee_wi/steelhead,2027-02-15,open,winter_spring_thermal_front,1.805,2.744,3.684
kewaunee_wi/steelhead,2027-03-15,open,winter_spring_thermal_front,2.333,3.888,5.443
kewaunee_wi/steelhead,2027-04-15,open,winter_spring_thermal_front,2.917,5.154,7.39
kewaunee_wi/steelhead,2027-05-15,open,winter_spring_thermal_front,2.424,4.085,5.747
kewaunee_wi/steelhead,2027-06-15,open,winter_spring_thermal_front,1.377,1.817,2.257
kewaunee_wi/steelhead,2027-07-15,open,summer_coldwater_pulse,2.517,4.287,6.058
kewaunee_wi/steelhead,2027-08-15,open,summer_coldwater_pulse,2.17,3.536,4.902
kewaunee_wi/steelhead,2027-09-15,open,fall_harbor_staging,1.684,2.483,3.281
kewaunee_wi/steelhead,2027-10-15,open,fall_harbor_staging,2.69,4.662,6.634
kewaunee_wi/steelhead,2027-11-15,open,fall_harbor_staging,2.546,4.349,6.152
kewaunee_wi/steelhead,2027-12-15,open,fall_harbor_staging,1.884,2.915,3.947
kewaunee_wi/brown_trout,2027-01-15,open,fall_harbor,1.842,2.825,3.807
kewaunee_wi/brown_trout,2027-02-15,open,spring_nearshore,1.96,3.08,4.2
kewaunee_wi/brown_trout,2027-03-15,open,spring_nearshore,2.458,4.159,5.859
kewaunee_wi/brown_trout,2027-04-15,open,spring_nearshore,2.829,4.964,7.098
kewaunee_wi/brown_trout,2027-05-15,open,spring_nearshore,2.286,3.787,5.288
kewaunee_wi/brown_trout,2027-06-15,open,fall_harbor,1.269,1.584,1.898
kewaunee_wi/brown_trout,2027-07-15,open,fall_harbor,1.156,1.337,1.518
kewaunee_wi/brown_trout,2027-08-15,open,spring_nearshore,1.158,1.343,1.527
kewaunee_wi/brown_trout,2027-09-15,open,spring_nearshore,1.267,1.579,1.89
kewaunee_wi/brown_trout,2027-10-15,open,fall_harbor,1.776,2.682,3.587
kewaunee_wi/brown_trout,2027-11-15,open,fall_harbor,2.294,3.803,5.312
kewaunee_wi/brown_trout,2027-12-15,open,fall_harbor,1.991,3.148,4.304
kewaunee_wi/lake_trout,2027-01-15,open,cold_season_nearshore,1.568,2.23,2.892
kewaunee_wi/lake_trout,2027-02-15,open,cold_season_nearshore,1.655,2.42,3.185
kewaunee_wi/lake_trout,2027-03-15,open,cold_season_nearshore,1.735,2.592,3.449
kewaunee_wi/lake_trout,2027-04-15,open,cold_season_nearshore,1.452,1.979,2.506
kewaunee_wi/lake_trout,2027-05-15,open,cold_season_nearshore,1.147,1.319,1.491
kewaunee_wi/lake_trout,2027-06-15,open,summer_coldwater_pulse,1.242,1.523,1.805
kewaunee_wi/lake_trout,2027-07-15,open,summer_coldwater_pulse,1.648,2.404,3.16
kewaunee_wi/lake_trout,2027-08-15,open,summer_coldwater_pulse,1.418,1.907,2.395
kewaunee_wi/lake_trout,2027-09-15,open,summer_coldwater_pulse,1.058,1.126,1.194
kewaunee_wi/lake_trout,2027-10-15,open,cold_season_nearshore,1.686,2.486,3.286
kewaunee_wi/lake_trout,2027-11-15,open,cold_season_nearshore,1.805,2.744,3.683
kewaunee_wi/lake_trout,2027-12-15,open,cold_season_nearshore,1.622,2.347,3.072
algoma_wi/chinook_salmon,2027-01-15,open,spring_nearshore_transient,1,1,1
algoma_wi/chinook_salmon,2027-02-15,open,spring_nearshore_transient,1,1,1
algoma_wi/chinook_salmon,2027-03-15,open,spring_nearshore_transient,1,1,1
algoma_wi/chinook_salmon,2027-04-15,open,spring_nearshore_transient,1.197,1.426,1.656
algoma_wi/chinook_salmon,2027-05-15,open,spring_nearshore_transient,1.528,2.143,2.759
algoma_wi/chinook_salmon,2027-06-15,open,spring_nearshore_transient,1.639,2.385,3.131
algoma_wi/chinook_salmon,2027-07-15,open,summer_coldwater_pulse,2.21,3.621,5.032
algoma_wi/chinook_salmon,2027-08-15,open,summer_coldwater_pulse,2.382,3.995,5.608
algoma_wi/chinook_salmon,2027-09-15,open,fall_harbor_staging,3.128,5.611,8.093
algoma_wi/chinook_salmon,2027-10-15,open,fall_harbor_staging,1.334,1.723,2.113
algoma_wi/chinook_salmon,2027-11-15,open,spring_nearshore_transient,1,1,1
algoma_wi/chinook_salmon,2027-12-15,open,spring_nearshore_transient,1,1,1
algoma_wi/coho_salmon,2027-01-15,open,spring_nearshore,1,1,1
algoma_wi/coho_salmon,2027-02-15,open,spring_nearshore,1,1,1
algoma_wi/coho_salmon,2027-03-15,open,spring_nearshore,1.619,2.34,3.062
algoma_wi/coho_salmon,2027-04-15,open,spring_nearshore,2.476,4.199,5.921
algoma_wi/coho_salmon,2027-05-15,open,spring_nearshore,2.282,3.779,5.275
algoma_wi/coho_salmon,2027-06-15,open,spring_nearshore,1.468,2.013,2.559
algoma_wi/coho_salmon,2027-07-15,open,summer_coldwater_pulse,2.476,4.198,5.92
algoma_wi/coho_salmon,2027-08-15,open,summer_coldwater_pulse,1.815,2.766,3.717
algoma_wi/coho_salmon,2027-09-15,open,fall_harbor_staging,2.02,3.21,4.4
algoma_wi/coho_salmon,2027-10-15,open,fall_harbor_staging,2.53,4.315,6.1
algoma_wi/coho_salmon,2027-11-15,open,fall_harbor_staging,1.417,1.903,2.389
algoma_wi/coho_salmon,2027-12-15,open,spring_nearshore,1,1,1
algoma_wi/steelhead,2027-01-15,open,winter_spring_thermal_front,1.716,2.551,3.386
algoma_wi/steelhead,2027-02-15,open,winter_spring_thermal_front,1.794,2.72,3.646
algoma_wi/steelhead,2027-03-15,open,winter_spring_thermal_front,2.314,3.847,5.38
algoma_wi/steelhead,2027-04-15,open,winter_spring_thermal_front,2.89,5.095,7.3
algoma_wi/steelhead,2027-05-15,open,winter_spring_thermal_front,2.404,4.042,5.68
algoma_wi/steelhead,2027-06-15,open,winter_spring_thermal_front,1.372,1.806,2.24
algoma_wi/steelhead,2027-07-15,open,summer_coldwater_pulse,2.496,4.242,5.987
algoma_wi/steelhead,2027-08-15,open,summer_coldwater_pulse,2.154,3.501,4.848
algoma_wi/steelhead,2027-09-15,open,fall_harbor_staging,1.674,2.461,3.248
algoma_wi/steelhead,2027-10-15,open,fall_harbor_staging,2.665,4.608,6.551
algoma_wi/steelhead,2027-11-15,open,fall_harbor_staging,2.523,4.3,6.077
algoma_wi/steelhead,2027-12-15,open,fall_harbor_staging,1.871,2.887,3.903
algoma_wi/brown_trout,2027-01-15,open,fall_harbor,1.868,2.882,3.895
algoma_wi/brown_trout,2027-02-15,open,spring_nearshore,1.99,3.145,4.3
algoma_wi/brown_trout,2027-03-15,open,spring_nearshore,2.503,4.257,6.011
algoma_wi/brown_trout,2027-04-15,open,spring_nearshore,2.887,5.088,7.289
algoma_wi/brown_trout,2027-05-15,open,spring_nearshore,2.327,3.874,5.422
algoma_wi/brown_trout,2027-06-15,open,fall_harbor,1.278,1.602,1.926
algoma_wi/brown_trout,2027-07-15,open,fall_harbor,1.16,1.348,1.535
algoma_wi/brown_trout,2027-08-15,open,spring_nearshore,1.163,1.353,1.544
algoma_wi/brown_trout,2027-09-15,open,spring_nearshore,1.275,1.597,1.918
algoma_wi/brown_trout,2027-10-15,open,fall_harbor,1.8,2.734,3.668
algoma_wi/brown_trout,2027-11-15,open,fall_harbor,2.334,3.89,5.447
algoma_wi/brown_trout,2027-12-15,open,fall_harbor,2.022,3.215,4.407
manitowoc_wi/chinook_salmon,2027-01-15,open,spring_nearshore_transient,1,1,1
manitowoc_wi/chinook_salmon,2027-02-15,open,spring_nearshore_transient,1,1,1
manitowoc_wi/chinook_salmon,2027-03-15,open,spring_nearshore_transient,1,1,1
manitowoc_wi/chinook_salmon,2027-04-15,open,spring_nearshore_transient,1.184,1.4,1.615
manitowoc_wi/chinook_salmon,2027-05-15,open,spring_nearshore_transient,1.495,2.072,2.649
manitowoc_wi/chinook_salmon,2027-06-15,open,spring_nearshore_transient,1.599,2.298,2.997
manitowoc_wi/chinook_salmon,2027-07-15,open,summer_coldwater_pulse,2.134,3.457,4.78
manitowoc_wi/chinook_salmon,2027-08-15,open,summer_coldwater_pulse,2.296,3.808,5.32
manitowoc_wi/chinook_salmon,2027-09-15,open,fall_harbor_staging,2.995,5.322,7.65
manitowoc_wi/chinook_salmon,2027-10-15,open,fall_harbor_staging,1.313,1.678,2.043
manitowoc_wi/chinook_salmon,2027-11-15,open,spring_nearshore_transient,1,1,1
manitowoc_wi/chinook_salmon,2027-12-15,open,spring_nearshore_transient,1,1,1
manitowoc_wi/coho_salmon,2027-01-15,open,spring_nearshore,1,1,1
manitowoc_wi/coho_salmon,2027-02-15,open,spring_nearshore,1,1,1
manitowoc_wi/coho_salmon,2027-03-15,open,spring_nearshore,1.639,2.385,3.131
manitowoc_wi/coho_salmon,2027-04-15,open,spring_nearshore,2.526,4.305,6.085
manitowoc_wi/coho_salmon,2027-05-15,open,spring_nearshore,2.325,3.871,5.417
manitowoc_wi/coho_salmon,2027-06-15,open,spring_nearshore,1.483,2.047,2.611
manitowoc_wi/coho_salmon,2027-07-15,open,summer_coldwater_pulse,2.524,4.302,6.08
manitowoc_wi/coho_salmon,2027-08-15,open,summer_coldwater_pulse,1.842,2.823,3.805
manitowoc_wi/coho_salmon,2027-09-15,open,fall_harbor_staging,2.054,3.284,4.513
manitowoc_wi/coho_salmon,2027-10-15,open,fall_harbor_staging,2.581,4.425,6.27
manitowoc_wi/coho_salmon,2027-11-15,open,fall_harbor_staging,1.431,1.933,2.436
manitowoc_wi/coho_salmon,2027-12-15,open,spring_nearshore,1,1,1
manitowoc_wi/steelhead,2027-01-15,open,winter_spring_thermal_front,1.662,2.435,3.208
manitowoc_wi/steelhead,2027-02-15,open,winter_spring_thermal_front,1.735,2.592,3.449
manitowoc_wi/steelhead,2027-03-15,open,winter_spring_thermal_front,2.216,3.635,5.053
manitowoc_wi/steelhead,2027-04-15,open,winter_spring_thermal_front,2.749,4.79,6.83
manitowoc_wi/steelhead,2027-05-15,open,winter_spring_thermal_front,2.299,3.815,5.331
manitowoc_wi/steelhead,2027-06-15,open,winter_spring_thermal_front,1.344,1.746,2.147
manitowoc_wi/steelhead,2027-07-15,open,summer_coldwater_pulse,2.383,3.997,5.611
manitowoc_wi/steelhead,2027-08-15,open,summer_coldwater_pulse,2.067,3.312,4.557
manitowoc_wi/steelhead,2027-09-15,open,fall_harbor_staging,1.624,2.352,3.08
manitowoc_wi/steelhead,2027-10-15,open,fall_harbor_staging,2.541,4.339,6.137
manitowoc_wi/steelhead,2027-11-15,open,fall_harbor_staging,2.409,4.054,5.698
manitowoc_wi/steelhead,2027-12-15,open,fall_harbor_staging,1.806,2.746,3.687
manitowoc_wi/brown_trout,2027-01-15,open,fall_harbor,1.816,2.768,3.72
manitowoc_wi/brown_trout,2027-02-15,open,spring_nearshore,1.93,3.015,4.1
manitowoc_wi/brown_trout,2027-03-15,open,spring_nearshore,2.412,4.06,5.707
manitowoc_wi/brown_trout,2027-04-15,open,spring_nearshore,2.772,4.84,6.908
manitowoc_wi/brown_trout,2027-05-15,open,spring_nearshore,2.246,3.7,5.154
manitowoc_wi/brown_trout,2027-06-15,open,fall_harbor,1.261,1.565,1.87
manitowoc_wi/brown_trout,2027-07-15,open,fall_harbor,1.151,1.326,1.502
manitowoc_wi/brown_trout,2027-08-15,open,spring_nearshore,1.153,1.332,1.511
manitowoc_wi/brown_trout,2027-09-15,open,spring_nearshore,1.259,1.561,1.862
manitowoc_wi/brown_trout,2027-10-15,open,fall_harbor,1.752,2.629,3.506
manitowoc_wi/brown_trout,2027-11-15,open,fall_harbor,2.253,3.715,5.177
manitowoc_wi/brown_trout,2027-12-15,open,fall_harbor,1.96,3.08,4.201
manitowoc_wi/smallmouth_bass,2027-01-15,open,warm_season_harbor,1,1,1
manitowoc_wi/smallmouth_bass,2027-02-15,open,warm_season_harbor,1,1,1
manitowoc_wi/smallmouth_bass,2027-03-15,open,warm_season_harbor,1,1,1
manitowoc_wi/smallmouth_bass,2027-04-15,open,warm_season_harbor,1.261,1.566,1.871
manitowoc_wi/smallmouth_bass,2027-05-15,open,warm_season_harbor,1.736,2.596,3.455
manitowoc_wi/smallmouth_bass,2027-06-15,open,warm_season_harbor,2.342,3.908,5.474
manitowoc_wi/smallmouth_bass,2027-07-15,open,warm_season_harbor,2.363,3.954,5.544
manitowoc_wi/smallmouth_bass,2027-08-15,open,warm_season_harbor,2.268,3.748,5.227
manitowoc_wi/smallmouth_bass,2027-09-15,open,warm_season_harbor,1.816,2.768,3.72
manitowoc_wi/smallmouth_bass,2027-10-15,open,warm_season_harbor,1.3,1.65,2
manitowoc_wi/smallmouth_bass,2027-11-15,open,warm_season_harbor,1,1,1
manitowoc_wi/smallmouth_bass,2027-12-15,open,warm_season_harbor,1,1,1
manitowoc_wi/northern_pike,2027-01-15,open,late_summer_fall_harbor,1.243,1.526,1.81
manitowoc_wi/northern_pike,2027-02-15,open,late_summer_fall_harbor,1.232,1.503,1.774
manitowoc_wi/northern_pike,2027-03-15,open,spring_harbor,1.565,2.223,2.882
manitowoc_wi/northern_pike,2027-04-15,open,spring_harbor,2.013,3.195,4.378
manitowoc_wi/northern_pike,2027-05-15,open,spring_harbor,1.922,2.997,4.073
manitowoc_wi/northern_pike,2027-06-15,open,spring_harbor,1.556,2.204,2.853
manitowoc_wi/northern_pike,2027-07-15,open,late_summer_fall_harbor,1.432,1.935,2.439
manitowoc_wi/northern_pike,2027-08-15,open,late_summer_fall_harbor,1.733,2.587,3.442
manitowoc_wi/northern_pike,2027-09-15,open,late_summer_fall_harbor,2.183,3.563,4.943
manitowoc_wi/northern_pike,2027-10-15,open,late_summer_fall_harbor,1.934,3.023,4.113
manitowoc_wi/northern_pike,2027-11-15,open,late_summer_fall_harbor,1.529,2.147,2.764
manitowoc_wi/northern_pike,2027-12-15,open,late_summer_fall_harbor,1.292,1.632,1.972
waukegan_il/chinook_salmon,2027-01-15,open,spring_nearshore_transient,1,1,1
waukegan_il/chinook_salmon,2027-02-15,open,spring_nearshore_transient,1,1,1
waukegan_il/chinook_salmon,2027-03-15,open,spring_nearshore_transient,1,1,1
waukegan_il/chinook_salmon,2027-04-15,open,spring_nearshore_transient,1.162,1.351,1.54
waukegan_il/chinook_salmon,2027-05-15,open,spring_nearshore_transient,1.435,1.942,2.449
waukegan_il/chinook_salmon,2027-06-15,open,spring_nearshore_transient,1.526,2.141,2.755
waukegan_il/chinook_salmon,2027-07-15,open,summer_coldwater_pulse,1.997,3.161,4.325
waukegan_il/chinook_salmon,2027-08-15,open,summer_coldwater_pulse,2.14,3.47,4.8
waukegan_il/chinook_salmon,2027-09-15,open,fall_harbor_staging,2.756,4.804,6.852
waukegan_il/chinook_salmon,2027-10-15,open,fall_harbor_staging,1.275,1.597,1.918
waukegan_il/chinook_salmon,2027-11-15,open,spring_nearshore_transient,1,1,1
waukegan_il/chinook_salmon,2027-12-15,open,spring_nearshore_transient,1,1,1
waukegan_il/coho_salmon,2027-01-15,open,spring_nearshore,1,1,1
waukegan_il/coho_salmon,2027-02-15,open,spring_nearshore,1,1,1
waukegan_il/coho_salmon,2027-03-15,open,spring_nearshore,1.893,2.936,3.978
waukegan_il/coho_salmon,2027-04-15,open,spring_nearshore,3.132,5.62,8.108
waukegan_il/coho_salmon,2027-05-15,open,spring_nearshore,2.853,5.014,7.175
waukegan_il/coho_salmon,2027-06-15,open,spring_nearshore,1.676,2.464,3.252
waukegan_il/coho_salmon,2027-07-15,open,summer_coldwater_pulse,2.17,3.535,4.9
waukegan_il/coho_salmon,2027-08-15,open,summer_coldwater_pulse,1.646,2.4,3.154
waukegan_il/coho_salmon,2027-09-15,open,fall_harbor_staging,1.955,3.07,4.185
waukegan_il/coho_salmon,2027-10-15,open,fall_harbor_staging,2.433,4.105,5.777
waukegan_il/coho_salmon,2027-11-15,open,fall_harbor_staging,1.39,1.846,2.301
waukegan_il/coho_salmon,2027-12-15,open,spring_nearshore,1,1,1
waukegan_il/steelhead,2027-01-15,open,winter_spring_thermal_front,1.619,2.341,3.064
waukegan_il/steelhead,2027-02-15,open,winter_spring_thermal_front,1.687,2.488,3.289
waukegan_il/steelhead,2027-03-15,open,winter_spring_thermal_front,2.137,3.463,4.789
waukegan_il/steelhead,2027-04-15,open,winter_spring_thermal_front,2.635,4.543,6.45
waukegan_il/steelhead,2027-05-15,open,winter_spring_thermal_front,2.215,3.632,5.049
waukegan_il/steelhead,2027-06-15,open,winter_spring_thermal_front,1.322,1.697,2.072
waukegan_il/steelhead,2027-07-15,open,summer_coldwater_pulse,2.294,3.804,5.314
waukegan_il/steelhead,2027-08-15,open,summer_coldwater_pulse,1.998,3.163,4.328
waukegan_il/steelhead,2027-09-15,open,fall_harbor_staging,1.584,2.265,2.946
waukegan_il/steelhead,2027-10-15,open,fall_harbor_staging,2.442,4.124,5.806
waukegan_il/steelhead,2027-11-15,open,fall_harbor_staging,2.318,3.856,5.395
waukegan_il/steelhead,2027-12-15,open,fall_harbor_staging,1.754,2.634,3.513
waukegan_il/brown_trout,2027-01-15,open,cold_season_harbor,2.413,4.062,5.71
waukegan_il/brown_trout,2027-02-15,open,cold_season_harbor,2.442,4.125,5.808
waukegan_il/brown_trout,2027-03-15,open,cold_season_harbor,1.952,3.062,4.172
waukegan_il/brown_trout,2027-04-15,open,cold_season_harbor,1.43,1.932,2.434
waukegan_il/brown_trout,2027-05-15,open,cold_season_harbor,1.096,1.207,1.319
waukegan_il/brown_trout,2027-06-15,open,cold_season_harbor,1,1,1
waukegan_il/brown_trout,2027-07-15,open,cold_season_harbor,1,1,1
waukegan_il/brown_trout,2027-08-15,open,cold_season_harbor,1,1,1
waukegan_il/brown_trout,2027-09-15,open,cold_season_harbor,1.334,1.724,2.114
waukegan_il/brown_trout,2027-10-15,open,cold_season_harbor,2.051,3.276,4.502
waukegan_il/brown_trout,2027-11-15,open,cold_season_harbor,2.698,4.68,6.661
waukegan_il/brown_trout,2027-12-15,open,cold_season_harbor,2.575,4.412,6.25
waukegan_il/yellow_perch,2027-01-15,open,spring_harbor_schooling,1.238,1.515,1.792
waukegan_il/yellow_perch,2027-02-15,open,spring_harbor_schooling,1.483,2.047,2.61
waukegan_il/yellow_perch,2027-03-15,open,spring_harbor_schooling,1.82,2.776,3.733
waukegan_il/yellow_perch,2027-04-15,open,spring_harbor_schooling,2.32,3.86,5.4
waukegan_il/yellow_perch,2027-05-15,species_closed,,,,
waukegan_il/yellow_perch,2027-06-15,species_closed,,,,
waukegan_il/yellow_perch,2027-07-15,open,spring_harbor_schooling,1.476,2.032,2.588
waukegan_il/yellow_perch,2027-08-15,open,spring_harbor_schooling,1.318,1.689,2.06
waukegan_il/yellow_perch,2027-09-15,open,spring_harbor_schooling,1.213,1.462,1.71
waukegan_il/yellow_perch,2027-10-15,open,spring_harbor_schooling,1.246,1.532,1.819
waukegan_il/yellow_perch,2027-11-15,open,spring_harbor_schooling,1.243,1.526,1.81
waukegan_il/yellow_perch,2027-12-15,open,spring_harbor_schooling,1.198,1.429,1.66
